-- TECHNICIANS
INSERT INTO TECHNICIAN (technician_id, name, zone) VALUES (1, 'Marc Solà', 'Tarragona Centre');
INSERT INTO TECHNICIAN (technician_id, name, zone) VALUES (2, 'Laura Ferrer', 'Tarragona Nord');
INSERT INTO TECHNICIAN (technician_id, name, zone) VALUES (3, 'Josep Puig', 'Reus');
INSERT INTO TECHNICIAN (technician_id, name, zone) VALUES (4, 'Anna Martínez', 'Tarragona Sud');
INSERT INTO TECHNICIAN (technician_id, name, zone) VALUES (5, 'Carles Vidal', 'Tarragona Centre');
INSERT INTO TECHNICIAN (technician_id, name, zone) VALUES (6, 'Marta Rius', 'Reus');
INSERT INTO TECHNICIAN (technician_id, name, zone) VALUES (7, 'Jordi Navarro', 'Tarragona Nord');
INSERT INTO TECHNICIAN (technician_id, name, zone) VALUES (8, 'Elena Casals', 'Tarragona Sud');
INSERT INTO TECHNICIAN (technician_id, name, zone) VALUES (9, 'Pere Valls', 'Tarragona Centre');
INSERT INTO TECHNICIAN (technician_id, name, zone) VALUES (10, 'Núria Font', 'Reus');

-- CHARGERS, CONTRACTS, INCIDENCES, VISITS
INSERT INTO CHARGER (charger_id, name, serial_number, brand, model, number_of_plugs, connector_types, has_rfid, environment, power_type, phase_type, max_power_kw, ocpp_version, telecom_provider, installation_date) VALUES (1, 'Ajuntament de Cabrera de Mar - LAFON EdRR 3', 'NZ05DQ293BKMKCXYCD7I', 'ABB', 'Terra 54', 2, 'CCS,Type2', true, 'outdoor', 'DC', 'three-phase', 50.0, '1.6', 'Movistar', '2023-01-01');
INSERT INTO CONTRACT (contract_id, type, client_id, charger_id, start_date, end_date, number_of_visits, frequency, status) VALUES (1, 'preventiu', 100, 1, '2024-01-01', '2025-01-01', 4, 'trimestral', 'active');
INSERT INTO VISIT (visit_id, contract_id, technician_id, visit_type, status, planned_date, address, latitude, longitude, location_source, estimated_duration_min) VALUES (1, 1, 3, 'diagnosi', 'scheduled', '2024-04-01', 'Av. Burriac, 24', 41.51103, 2.401058, 'manual', 60);
INSERT INTO CHARGER (charger_id, name, serial_number, brand, model, number_of_plugs, connector_types, has_rfid, environment, power_type, phase_type, max_power_kw, ocpp_version, telecom_provider, installation_date) VALUES (2, 'Constantí - INGETEAM EdRSR 1', 'P99LQFB1FKNWPYFMH5SX', 'ABB', 'Terra 54', 2, 'CCS,Type2', true, 'outdoor', 'DC', 'three-phase', 50.0, '1.6', 'Movistar', '2023-01-01');
INSERT INTO CONTRACT (contract_id, type, client_id, charger_id, start_date, end_date, number_of_visits, frequency, status) VALUES (2, 'preventiu', 100, 2, '2024-01-01', '2025-01-01', 4, 'trimestral', 'active');
INSERT INTO VISIT (visit_id, technician_id, visit_type, status, planned_date, address, latitude, longitude, location_source, estimated_duration_min) VALUES (2, 1, 'posada_en_marxa', 'scheduled', '2024-03-28', 'Av. Onze De Setembre, 5, 43120 Constantí, Tarragona, Spain', 41.152386, 1.216997, 'manual', 180);
INSERT INTO CHARGER (charger_id, name, serial_number, brand, model, number_of_plugs, connector_types, has_rfid, environment, power_type, phase_type, max_power_kw, ocpp_version, telecom_provider, installation_date) VALUES (3, 'Unknown', 'PJ4XQUW9OJIT85ZHOCUG', 'ABB', 'Terra 54', 2, 'CCS,Type2', true, 'outdoor', 'DC', 'three-phase', 50.0, '1.6', 'Movistar', '2023-01-01');
INSERT INTO CONTRACT (contract_id, type, client_id, charger_id, start_date, end_date, number_of_visits, frequency, status) VALUES (3, 'preventiu', 100, 3, '2024-01-01', '2025-01-01', 4, 'trimestral', 'active');
INSERT INTO VISIT (visit_id, contract_id, technician_id, visit_type, status, planned_date, address, latitude, longitude, location_source, estimated_duration_min) VALUES (3, 3, 8, 'preventiu', 'scheduled', '2024-04-10', 'Cataluña 08272 Es, 08272, Barcelona, Spain', 41.748814, 1.861665, 'manual', 120);
INSERT INTO CHARGER (charger_id, name, serial_number, brand, model, number_of_plugs, connector_types, has_rfid, environment, power_type, phase_type, max_power_kw, ocpp_version, telecom_provider, installation_date) VALUES (4, 'Unknown', 'NPMBDHG7PYW0S9E6ZQ6C', 'ABB', 'Terra 54', 2, 'CCS,Type2', true, 'outdoor', 'DC', 'three-phase', 50.0, '1.6', 'Movistar', '2023-01-01');
INSERT INTO CONTRACT (contract_id, type, client_id, charger_id, start_date, end_date, number_of_visits, frequency, status) VALUES (4, 'preventiu', 100, 4, '2024-01-01', '2025-01-01', 4, 'trimestral', 'active');
INSERT INTO VISIT (visit_id, contract_id, technician_id, visit_type, status, planned_date, address, latitude, longitude, location_source, estimated_duration_min) VALUES (4, 4, 4, 'preventiu', 'scheduled', '2024-04-10', 'Carrer Aneto, 2-12', 41.75207, 1.861258, 'manual', 120);
INSERT INTO CHARGER (charger_id, name, serial_number, brand, model, number_of_plugs, connector_types, has_rfid, environment, power_type, phase_type, max_power_kw, ocpp_version, telecom_provider, installation_date) VALUES (5, 'Unknown', 'MZDJYZH8ZD1UA7TRE6IY', 'ABB', 'Terra 54', 2, 'CCS,Type2', true, 'outdoor', 'DC', 'three-phase', 50.0, '1.6', 'Movistar', '2023-01-01');
INSERT INTO CONTRACT (contract_id, type, client_id, charger_id, start_date, end_date, number_of_visits, frequency, status) VALUES (5, 'preventiu', 100, 5, '2024-01-01', '2025-01-01', 4, 'trimestral', 'active');
INSERT INTO VISIT (visit_id, contract_id, technician_id, visit_type, status, planned_date, address, latitude, longitude, location_source, estimated_duration_min) VALUES (5, 5, 9, 'preventiu', 'scheduled', '2024-04-10', 'Av. De Pinyana, 2, 25005 Lleida, Spain', 41.629578, 0.621165, 'manual', 120);
INSERT INTO CHARGER (charger_id, name, serial_number, brand, model, number_of_plugs, connector_types, has_rfid, environment, power_type, phase_type, max_power_kw, ocpp_version, telecom_provider, installation_date) VALUES (6, 'Unknown', 'AID9PEQQ2WDYSFTIQUXC', 'ABB', 'Terra 54', 2, 'CCS,Type2', true, 'outdoor', 'DC', 'three-phase', 50.0, '1.6', 'Movistar', '2023-01-01');
INSERT INTO CONTRACT (contract_id, type, client_id, charger_id, start_date, end_date, number_of_visits, frequency, status) VALUES (6, 'preventiu', 100, 6, '2024-01-01', '2025-01-01', 4, 'trimestral', 'active');
INSERT INTO VISIT (visit_id, contract_id, technician_id, visit_type, status, planned_date, address, latitude, longitude, location_source, estimated_duration_min) VALUES (6, 6, 10, 'preventiu', 'scheduled', '2024-04-10', 'Avinguda De Tarragona, 143D', 41.335068, 1.685886, 'manual', 120);
INSERT INTO CHARGER (charger_id, name, serial_number, brand, model, number_of_plugs, connector_types, has_rfid, environment, power_type, phase_type, max_power_kw, ocpp_version, telecom_provider, installation_date) VALUES (7, 'Unknown', 'KWXL32QBF3P9HNLNLMNB', 'ABB', 'Terra 54', 2, 'CCS,Type2', true, 'outdoor', 'DC', 'three-phase', 50.0, '1.6', 'Movistar', '2023-01-01');
INSERT INTO CONTRACT (contract_id, type, client_id, charger_id, start_date, end_date, number_of_visits, frequency, status) VALUES (7, 'preventiu', 100, 7, '2024-01-01', '2025-01-01', 4, 'trimestral', 'active');
INSERT INTO VISIT (visit_id, contract_id, technician_id, visit_type, status, planned_date, address, latitude, longitude, location_source, estimated_duration_min) VALUES (7, 7, 6, 'preventiu', 'scheduled', '2024-04-10', 'Rambla De Jaume I, 63', 41.06718, 1.064081, 'manual', 120);
INSERT INTO CHARGER (charger_id, name, serial_number, brand, model, number_of_plugs, connector_types, has_rfid, environment, power_type, phase_type, max_power_kw, ocpp_version, telecom_provider, installation_date) VALUES (8, 'Unknown', 'QM7V77JZQ3S8DWMYID15', 'ABB', 'Terra 54', 2, 'CCS,Type2', true, 'outdoor', 'DC', 'three-phase', 50.0, '1.6', 'Movistar', '2023-01-01');
INSERT INTO CONTRACT (contract_id, type, client_id, charger_id, start_date, end_date, number_of_visits, frequency, status) VALUES (8, 'preventiu', 100, 8, '2024-01-01', '2025-01-01', 4, 'trimestral', 'active');
INSERT INTO VISIT (visit_id, contract_id, technician_id, visit_type, status, planned_date, address, latitude, longitude, location_source, estimated_duration_min) VALUES (8, 8, 10, 'preventiu', 'scheduled', '2024-04-10', 'Plaça De La Fàbrica', 41.526085, 2.394125, 'manual', 120);
INSERT INTO CHARGER (charger_id, name, serial_number, brand, model, number_of_plugs, connector_types, has_rfid, environment, power_type, phase_type, max_power_kw, ocpp_version, telecom_provider, installation_date) VALUES (9, 'Constantí - INGETEAM EdRSR 3', 'YZF7KWZDZCFL6RYQM25Q', 'ABB', 'Terra 54', 2, 'CCS,Type2', true, 'outdoor', 'DC', 'three-phase', 50.0, '1.6', 'Movistar', '2023-01-01');
INSERT INTO CONTRACT (contract_id, type, client_id, charger_id, start_date, end_date, number_of_visits, frequency, status) VALUES (9, 'preventiu', 100, 9, '2024-01-01', '2025-01-01', 4, 'trimestral', 'active');
INSERT INTO VISIT (visit_id, contract_id, technician_id, visit_type, status, planned_date, address, latitude, longitude, location_source, estimated_duration_min) VALUES (9, 9, 1, 'preventiu', 'scheduled', '2024-04-10', 'Carrer Major, 32', 41.15287, 1.213909, 'manual', 120);
INSERT INTO CHARGER (charger_id, name, serial_number, brand, model, number_of_plugs, connector_types, has_rfid, environment, power_type, phase_type, max_power_kw, ocpp_version, telecom_provider, installation_date) VALUES (10, 'Unknown', 'O6DBN0JPPJPLLQE0H0VL', 'ABB', 'Terra 54', 2, 'CCS,Type2', true, 'outdoor', 'DC', 'three-phase', 50.0, '1.6', 'Movistar', '2023-01-01');
INSERT INTO CONTRACT (contract_id, type, client_id, charger_id, start_date, end_date, number_of_visits, frequency, status) VALUES (10, 'preventiu', 100, 10, '2024-01-01', '2025-01-01', 4, 'trimestral', 'active');
INSERT INTO VISIT (visit_id, technician_id, visit_type, status, planned_date, address, latitude, longitude, location_source, estimated_duration_min) VALUES (10, 3, 'posada_en_marxa', 'scheduled', '2024-03-28', 'Avinguda Alcalde Palau, 57', 40.712418, 0.57894, 'manual', 180);
INSERT INTO CHARGER (charger_id, name, serial_number, brand, model, number_of_plugs, connector_types, has_rfid, environment, power_type, phase_type, max_power_kw, ocpp_version, telecom_provider, installation_date) VALUES (11, 'Unknown', 'VDMMH3CTKTNZCZMYF7SO', 'ABB', 'Terra 54', 2, 'CCS,Type2', true, 'outdoor', 'DC', 'three-phase', 50.0, '1.6', 'Movistar', '2023-01-01');
INSERT INTO CONTRACT (contract_id, type, client_id, charger_id, start_date, end_date, number_of_visits, frequency, status) VALUES (11, 'preventiu', 100, 11, '2024-01-01', '2025-01-01', 4, 'trimestral', 'active');
INSERT INTO VISIT (visit_id, contract_id, technician_id, visit_type, status, planned_date, address, latitude, longitude, location_source, estimated_duration_min) VALUES (11, 11, 5, 'diagnosi', 'scheduled', '2024-04-01', 'Carrer De Robert Gerhard, 4', 41.06472, 1.057482, 'manual', 60);
INSERT INTO CHARGER (charger_id, name, serial_number, brand, model, number_of_plugs, connector_types, has_rfid, environment, power_type, phase_type, max_power_kw, ocpp_version, telecom_provider, installation_date) VALUES (12, 'Unknown', 'GCJVV4IUSYBLOXSCSCLE', 'ABB', 'Terra 54', 2, 'CCS,Type2', true, 'outdoor', 'DC', 'three-phase', 50.0, '1.6', 'Movistar', '2023-01-01');
INSERT INTO CONTRACT (contract_id, type, client_id, charger_id, start_date, end_date, number_of_visits, frequency, status) VALUES (12, 'preventiu', 100, 12, '2024-01-01', '2025-01-01', 4, 'trimestral', 'active');
INSERT INTO VISIT (visit_id, contract_id, technician_id, visit_type, status, planned_date, address, latitude, longitude, location_source, estimated_duration_min) VALUES (12, 12, 2, 'preventiu', 'scheduled', '2024-04-10', 'Av. Burriac, 24, 08349 Cabrera De Mar, Barcelona, Spain', 41.511166, 2.400972, 'manual', 120);
INSERT INTO CHARGER (charger_id, name, serial_number, brand, model, number_of_plugs, connector_types, has_rfid, environment, power_type, phase_type, max_power_kw, ocpp_version, telecom_provider, installation_date) VALUES (13, 'Constantí - INGETEAM EdRSR 2', 'IDU3IHL13GOSRVFNWFNV', 'ABB', 'Terra 54', 2, 'CCS,Type2', true, 'outdoor', 'DC', 'three-phase', 50.0, '1.6', 'Movistar', '2023-01-01');
INSERT INTO CONTRACT (contract_id, type, client_id, charger_id, start_date, end_date, number_of_visits, frequency, status) VALUES (13, 'preventiu', 100, 13, '2024-01-01', '2025-01-01', 4, 'trimestral', 'active');
INSERT INTO VISIT (visit_id, contract_id, technician_id, visit_type, status, planned_date, address, latitude, longitude, location_source, estimated_duration_min) VALUES (13, 13, 5, 'preventiu', 'scheduled', '2024-04-10', 'Carrer Barcelona, 11, 43120 Constantí, Tarragona, Spain', 41.151882, 1.214421, 'manual', 120);
INSERT INTO CHARGER (charger_id, name, serial_number, brand, model, number_of_plugs, connector_types, has_rfid, environment, power_type, phase_type, max_power_kw, ocpp_version, telecom_provider, installation_date) VALUES (14, 'Unknown', 'YMUBOK3JBIQNT7FO8ADG', 'ABB', 'Terra 54', 2, 'CCS,Type2', true, 'outdoor', 'DC', 'three-phase', 50.0, '1.6', 'Movistar', '2023-01-01');
INSERT INTO CONTRACT (contract_id, type, client_id, charger_id, start_date, end_date, number_of_visits, frequency, status) VALUES (14, 'preventiu', 100, 14, '2024-01-01', '2025-01-01', 4, 'trimestral', 'active');
INSERT INTO VISIT (visit_id, technician_id, visit_type, status, planned_date, address, latitude, longitude, location_source, estimated_duration_min) VALUES (14, 7, 'posada_en_marxa', 'scheduled', '2024-03-28', 'Carrer Robert Gerhard, 2', 41.064697, 1.05762, 'manual', 180);
INSERT INTO CHARGER (charger_id, name, serial_number, brand, model, number_of_plugs, connector_types, has_rfid, environment, power_type, phase_type, max_power_kw, ocpp_version, telecom_provider, installation_date) VALUES (15, 'Unknown', 'KHVUYWRTGMFFLAIF8MH6', 'ABB', 'Terra 54', 2, 'CCS,Type2', true, 'outdoor', 'DC', 'three-phase', 50.0, '1.6', 'Movistar', '2023-01-01');
INSERT INTO CONTRACT (contract_id, type, client_id, charger_id, start_date, end_date, number_of_visits, frequency, status) VALUES (15, 'preventiu', 100, 15, '2024-01-01', '2025-01-01', 4, 'trimestral', 'active');
INSERT INTO VISIT (visit_id, technician_id, visit_type, status, planned_date, address, latitude, longitude, location_source, estimated_duration_min) VALUES (15, 4, 'posada_en_marxa', 'scheduled', '2024-03-28', 'Carrer Magí Morera, 60, 25006 Lleida, Spain', 41.620327, 0.618009, 'manual', 180);
INSERT INTO CHARGER (charger_id, name, serial_number, brand, model, number_of_plugs, connector_types, has_rfid, environment, power_type, phase_type, max_power_kw, ocpp_version, telecom_provider, installation_date) VALUES (16, 'Unknown', 'IZFG9E6ZDHESINSFQKBJ', 'ABB', 'Terra 54', 2, 'CCS,Type2', true, 'outdoor', 'DC', 'three-phase', 50.0, '1.6', 'Movistar', '2023-01-01');
INSERT INTO CONTRACT (contract_id, type, client_id, charger_id, start_date, end_date, number_of_visits, frequency, status) VALUES (16, 'preventiu', 100, 16, '2024-01-01', '2025-01-01', 4, 'trimestral', 'active');
INSERT INTO VISIT (visit_id, contract_id, technician_id, visit_type, status, planned_date, address, latitude, longitude, location_source, estimated_duration_min) VALUES (16, 16, 5, 'preventiu', 'scheduled', '2024-04-10', 'Carrer De Les Modistes, 8', 41.238686, 1.757855, 'manual', 120);
INSERT INTO CHARGER (charger_id, name, serial_number, brand, model, number_of_plugs, connector_types, has_rfid, environment, power_type, phase_type, max_power_kw, ocpp_version, telecom_provider, installation_date) VALUES (17, 'Unknown', '8GFTJ5TO8HXNT6AVOKO2', 'ABB', 'Terra 54', 2, 'CCS,Type2', true, 'outdoor', 'DC', 'three-phase', 50.0, '1.6', 'Movistar', '2023-01-01');
INSERT INTO CONTRACT (contract_id, type, client_id, charger_id, start_date, end_date, number_of_visits, frequency, status) VALUES (17, 'preventiu', 100, 17, '2024-01-01', '2025-01-01', 4, 'trimestral', 'active');
INSERT INTO VISIT (visit_id, contract_id, technician_id, visit_type, status, planned_date, address, latitude, longitude, location_source, estimated_duration_min) VALUES (17, 17, 1, 'preventiu', 'scheduled', '2024-04-10', 'Carrer De Lluís Companys, 75', 41.259373, 1.77387, 'manual', 120);
INSERT INTO CHARGER (charger_id, name, serial_number, brand, model, number_of_plugs, connector_types, has_rfid, environment, power_type, phase_type, max_power_kw, ocpp_version, telecom_provider, installation_date) VALUES (18, 'Unknown', 'NJKOGMRCXCOBUFKWQNRV', 'ABB', 'Terra 54', 2, 'CCS,Type2', true, 'outdoor', 'DC', 'three-phase', 50.0, '1.6', 'Movistar', '2023-01-01');
INSERT INTO CONTRACT (contract_id, type, client_id, charger_id, start_date, end_date, number_of_visits, frequency, status) VALUES (18, 'preventiu', 100, 18, '2024-01-01', '2025-01-01', 4, 'trimestral', 'active');
INSERT INTO VISIT (visit_id, contract_id, technician_id, visit_type, status, planned_date, address, latitude, longitude, location_source, estimated_duration_min) VALUES (18, 18, 5, 'diagnosi', 'scheduled', '2024-04-01', 'Av. Bertrand I Serra, 22, 08272 Sant Fruitós De Bages, Barcelona, Spain', 41.752758, 1.872272, 'manual', 60);
INSERT INTO CHARGER (charger_id, name, serial_number, brand, model, number_of_plugs, connector_types, has_rfid, environment, power_type, phase_type, max_power_kw, ocpp_version, telecom_provider, installation_date) VALUES (19, 'Unknown', 'AP07G1ELTJ1URQNXISFB', 'ABB', 'Terra 54', 2, 'CCS,Type2', true, 'outdoor', 'DC', 'three-phase', 50.0, '1.6', 'Movistar', '2023-01-01');
INSERT INTO CONTRACT (contract_id, type, client_id, charger_id, start_date, end_date, number_of_visits, frequency, status) VALUES (19, 'preventiu', 100, 19, '2024-01-01', '2025-01-01', 4, 'trimestral', 'active');
INSERT INTO VISIT (visit_id, contract_id, technician_id, visit_type, status, planned_date, address, latitude, longitude, location_source, estimated_duration_min) VALUES (19, 19, 5, 'preventiu', 'scheduled', '2024-04-10', 'Ctra. De Vic, 93, 08272 Sant Fruitós De Bages, Barcelona, Spain', 41.75166, 1.876798, 'manual', 120);
INSERT INTO CHARGER (charger_id, name, serial_number, brand, model, number_of_plugs, connector_types, has_rfid, environment, power_type, phase_type, max_power_kw, ocpp_version, telecom_provider, installation_date) VALUES (20, 'Unknown', 'HQGOPQKKRMXD1UCYIZHC', 'ABB', 'Terra 54', 2, 'CCS,Type2', true, 'outdoor', 'DC', 'three-phase', 50.0, '1.6', 'Movistar', '2023-01-01');
INSERT INTO CONTRACT (contract_id, type, client_id, charger_id, start_date, end_date, number_of_visits, frequency, status) VALUES (20, 'preventiu', 100, 20, '2024-01-01', '2025-01-01', 4, 'trimestral', 'active');
INSERT INTO INCIDENCE (incidence_id, charger_id, reported_at, priority, status, description, estimated_duration_min) VALUES (1, 20, '2024-03-26 09:00:00', 3, 'pending', 'Incidència de tipus Non-critical Corrective', 90);
INSERT INTO VISIT (visit_id, incidence_id, technician_id, visit_type, status, planned_date, address, latitude, longitude, location_source, estimated_duration_min) VALUES (20, 1, 8, 'correctiu', 'scheduled', '2024-03-27', 'Avinguda De Mas D''en Serra, 2', 41.230183, 1.745233, 'gps', 90);
INSERT INTO CHARGER (charger_id, name, serial_number, brand, model, number_of_plugs, connector_types, has_rfid, environment, power_type, phase_type, max_power_kw, ocpp_version, telecom_provider, installation_date) VALUES (21, 'Unknown', '1DM4T6BOMI4XGYCTWLEF', 'ABB', 'Terra 54', 2, 'CCS,Type2', true, 'outdoor', 'DC', 'three-phase', 50.0, '1.6', 'Movistar', '2023-01-01');
INSERT INTO CONTRACT (contract_id, type, client_id, charger_id, start_date, end_date, number_of_visits, frequency, status) VALUES (21, 'preventiu', 100, 21, '2024-01-01', '2025-01-01', 4, 'trimestral', 'active');
INSERT INTO VISIT (visit_id, contract_id, technician_id, visit_type, status, planned_date, address, latitude, longitude, location_source, estimated_duration_min) VALUES (21, 21, 8, 'preventiu', 'scheduled', '2024-04-10', 'Gi-520, 3A, 17406 Viladrau, Girona, Spain', 41.848434, 2.388389, 'manual', 120);
INSERT INTO CHARGER (charger_id, name, serial_number, brand, model, number_of_plugs, connector_types, has_rfid, environment, power_type, phase_type, max_power_kw, ocpp_version, telecom_provider, installation_date) VALUES (22, 'Unknown', 'VQKCEPUTXKGZJN4AAMRR', 'ABB', 'Terra 54', 2, 'CCS,Type2', true, 'outdoor', 'DC', 'three-phase', 50.0, '1.6', 'Movistar', '2023-01-01');
INSERT INTO CONTRACT (contract_id, type, client_id, charger_id, start_date, end_date, number_of_visits, frequency, status) VALUES (22, 'preventiu', 100, 22, '2024-01-01', '2025-01-01', 4, 'trimestral', 'active');
INSERT INTO VISIT (visit_id, contract_id, technician_id, visit_type, status, planned_date, address, latitude, longitude, location_source, estimated_duration_min) VALUES (22, 22, 9, 'preventiu', 'scheduled', '2024-04-10', 'Carrer D''alcanyís, 14, 43500 Tortosa, Tarragona, Spain', 40.81415, 0.515161, 'manual', 120);
INSERT INTO CHARGER (charger_id, name, serial_number, brand, model, number_of_plugs, connector_types, has_rfid, environment, power_type, phase_type, max_power_kw, ocpp_version, telecom_provider, installation_date) VALUES (23, 'Unknown', 'K5CLSR7QZ9QCCGGN4CSY', 'ABB', 'Terra 54', 2, 'CCS,Type2', true, 'outdoor', 'DC', 'three-phase', 50.0, '1.6', 'Movistar', '2023-01-01');
INSERT INTO CONTRACT (contract_id, type, client_id, charger_id, start_date, end_date, number_of_visits, frequency, status) VALUES (23, 'preventiu', 100, 23, '2024-01-01', '2025-01-01', 4, 'trimestral', 'active');
INSERT INTO VISIT (visit_id, contract_id, technician_id, visit_type, status, planned_date, address, latitude, longitude, location_source, estimated_duration_min) VALUES (23, 23, 1, 'preventiu', 'scheduled', '2024-04-10', 'Plaça De La Immaculada, 16', 40.81688, 0.52428, 'manual', 120);
INSERT INTO CHARGER (charger_id, name, serial_number, brand, model, number_of_plugs, connector_types, has_rfid, environment, power_type, phase_type, max_power_kw, ocpp_version, telecom_provider, installation_date) VALUES (24, 'Unknown', '2ZH9O5N5IIPDMIM9E4YB', 'ABB', 'Terra 54', 2, 'CCS,Type2', true, 'outdoor', 'DC', 'three-phase', 50.0, '1.6', 'Movistar', '2023-01-01');
INSERT INTO CONTRACT (contract_id, type, client_id, charger_id, start_date, end_date, number_of_visits, frequency, status) VALUES (24, 'preventiu', 100, 24, '2024-01-01', '2025-01-01', 4, 'trimestral', 'active');
INSERT INTO VISIT (visit_id, technician_id, visit_type, status, planned_date, address, latitude, longitude, location_source, estimated_duration_min) VALUES (24, 4, 'posada_en_marxa', 'scheduled', '2024-03-28', 'Av. De La Generalitat, 101, 43500 Tortosa, Tarragona, Spain', 40.807564, 0.520117, 'manual', 180);
INSERT INTO CHARGER (charger_id, name, serial_number, brand, model, number_of_plugs, connector_types, has_rfid, environment, power_type, phase_type, max_power_kw, ocpp_version, telecom_provider, installation_date) VALUES (25, 'Unknown', 'IKI2ABQHCCREIKMHJBLO', 'ABB', 'Terra 54', 2, 'CCS,Type2', true, 'outdoor', 'DC', 'three-phase', 50.0, '1.6', 'Movistar', '2023-01-01');
INSERT INTO CONTRACT (contract_id, type, client_id, charger_id, start_date, end_date, number_of_visits, frequency, status) VALUES (25, 'preventiu', 100, 25, '2024-01-01', '2025-01-01', 4, 'trimestral', 'active');
INSERT INTO VISIT (visit_id, contract_id, technician_id, visit_type, status, planned_date, address, latitude, longitude, location_source, estimated_duration_min) VALUES (25, 25, 7, 'diagnosi', 'scheduled', '2024-04-01', 'Cami De Can Ballús, Polígon Industrial La Valldan', 42.092537, 1.825572, 'manual', 60);
INSERT INTO CHARGER (charger_id, name, serial_number, brand, model, number_of_plugs, connector_types, has_rfid, environment, power_type, phase_type, max_power_kw, ocpp_version, telecom_provider, installation_date) VALUES (26, 'Unknown', 'J6M2KZDQ9C5UZQ8ECCVE', 'ABB', 'Terra 54', 2, 'CCS,Type2', true, 'outdoor', 'DC', 'three-phase', 50.0, '1.6', 'Movistar', '2023-01-01');
INSERT INTO CONTRACT (contract_id, type, client_id, charger_id, start_date, end_date, number_of_visits, frequency, status) VALUES (26, 'preventiu', 100, 26, '2024-01-01', '2025-01-01', 4, 'trimestral', 'active');
INSERT INTO VISIT (visit_id, contract_id, technician_id, visit_type, status, planned_date, address, latitude, longitude, location_source, estimated_duration_min) VALUES (26, 26, 4, 'preventiu', 'scheduled', '2024-04-10', 'Passeig De La Indústria, 13', 42.10457, 1.851792, 'manual', 120);
INSERT INTO CHARGER (charger_id, name, serial_number, brand, model, number_of_plugs, connector_types, has_rfid, environment, power_type, phase_type, max_power_kw, ocpp_version, telecom_provider, installation_date) VALUES (27, 'Unknown', '8LHD9WXR7GXJJQBWW6MU', 'ABB', 'Terra 54', 2, 'CCS,Type2', true, 'outdoor', 'DC', 'three-phase', 50.0, '1.6', 'Movistar', '2023-01-01');
INSERT INTO CONTRACT (contract_id, type, client_id, charger_id, start_date, end_date, number_of_visits, frequency, status) VALUES (27, 'preventiu', 100, 27, '2024-01-01', '2025-01-01', 4, 'trimestral', 'active');
INSERT INTO VISIT (visit_id, contract_id, technician_id, visit_type, status, planned_date, address, latitude, longitude, location_source, estimated_duration_min) VALUES (27, 27, 2, 'diagnosi', 'scheduled', '2024-04-01', 'C Germans Farguell, Sn', 42.09448, 1.821491, 'manual', 60);
INSERT INTO CHARGER (charger_id, name, serial_number, brand, model, number_of_plugs, connector_types, has_rfid, environment, power_type, phase_type, max_power_kw, ocpp_version, telecom_provider, installation_date) VALUES (28, 'Unknown', '3OTTQLSTOBYXB2BYGG6A', 'ABB', 'Terra 54', 2, 'CCS,Type2', true, 'outdoor', 'DC', 'three-phase', 50.0, '1.6', 'Movistar', '2023-01-01');
INSERT INTO CONTRACT (contract_id, type, client_id, charger_id, start_date, end_date, number_of_visits, frequency, status) VALUES (28, 'preventiu', 100, 28, '2024-01-01', '2025-01-01', 4, 'trimestral', 'active');
INSERT INTO VISIT (visit_id, contract_id, technician_id, visit_type, status, planned_date, address, latitude, longitude, location_source, estimated_duration_min) VALUES (28, 28, 9, 'preventiu', 'scheduled', '2024-04-10', 'Carrer Francesc Macià, 14', 42.0973, 1.846133, 'manual', 120);
INSERT INTO CHARGER (charger_id, name, serial_number, brand, model, number_of_plugs, connector_types, has_rfid, environment, power_type, phase_type, max_power_kw, ocpp_version, telecom_provider, installation_date) VALUES (29, 'Unknown', 'K3KGDADWAI1DZMTJ6NTP', 'ABB', 'Terra 54', 2, 'CCS,Type2', true, 'outdoor', 'DC', 'three-phase', 50.0, '1.6', 'Movistar', '2023-01-01');
INSERT INTO CONTRACT (contract_id, type, client_id, charger_id, start_date, end_date, number_of_visits, frequency, status) VALUES (29, 'preventiu', 100, 29, '2024-01-01', '2025-01-01', 4, 'trimestral', 'active');
INSERT INTO VISIT (visit_id, contract_id, technician_id, visit_type, status, planned_date, address, latitude, longitude, location_source, estimated_duration_min) VALUES (29, 29, 1, 'preventiu', 'scheduled', '2024-04-10', 'Carrer De Bertran De Castellbell, 81', 41.736813, 1.828364, 'manual', 120);
INSERT INTO CHARGER (charger_id, name, serial_number, brand, model, number_of_plugs, connector_types, has_rfid, environment, power_type, phase_type, max_power_kw, ocpp_version, telecom_provider, installation_date) VALUES (30, 'Unknown', 'GOJODSGDFLUZG19WPRLK', 'ABB', 'Terra 54', 2, 'CCS,Type2', true, 'outdoor', 'DC', 'three-phase', 50.0, '1.6', 'Movistar', '2023-01-01');
INSERT INTO CONTRACT (contract_id, type, client_id, charger_id, start_date, end_date, number_of_visits, frequency, status) VALUES (30, 'preventiu', 100, 30, '2024-01-01', '2025-01-01', 4, 'trimestral', 'active');
INSERT INTO VISIT (visit_id, contract_id, technician_id, visit_type, status, planned_date, address, latitude, longitude, location_source, estimated_duration_min) VALUES (30, 30, 3, 'preventiu', 'scheduled', '2024-04-10', 'Av. De Rhode, 65, 17480 Roses, Girona, Spain', 42.264854, 3.171301, 'manual', 120);
INSERT INTO CHARGER (charger_id, name, serial_number, brand, model, number_of_plugs, connector_types, has_rfid, environment, power_type, phase_type, max_power_kw, ocpp_version, telecom_provider, installation_date) VALUES (31, 'Unknown', 'CBLJBOHWZNICSFIFT5IF', 'ABB', 'Terra 54', 2, 'CCS,Type2', true, 'outdoor', 'DC', 'three-phase', 50.0, '1.6', 'Movistar', '2023-01-01');
INSERT INTO CONTRACT (contract_id, type, client_id, charger_id, start_date, end_date, number_of_visits, frequency, status) VALUES (31, 'preventiu', 100, 31, '2024-01-01', '2025-01-01', 4, 'trimestral', 'active');
INSERT INTO VISIT (visit_id, technician_id, visit_type, status, planned_date, address, latitude, longitude, location_source, estimated_duration_min) VALUES (31, 3, 'posada_en_marxa', 'scheduled', '2024-03-28', 'Carrer De Joan Fuster, 940, 08243 Manresa, Barcelona, Spain', 41.724213, 1.845599, 'manual', 180);
INSERT INTO CHARGER (charger_id, name, serial_number, brand, model, number_of_plugs, connector_types, has_rfid, environment, power_type, phase_type, max_power_kw, ocpp_version, telecom_provider, installation_date) VALUES (32, 'Unknown', 'UJODD0JRW1HAXBK1RARR', 'ABB', 'Terra 54', 2, 'CCS,Type2', true, 'outdoor', 'DC', 'three-phase', 50.0, '1.6', 'Movistar', '2023-01-01');
INSERT INTO CONTRACT (contract_id, type, client_id, charger_id, start_date, end_date, number_of_visits, frequency, status) VALUES (32, 'preventiu', 100, 32, '2024-01-01', '2025-01-01', 4, 'trimestral', 'active');
INSERT INTO VISIT (visit_id, contract_id, technician_id, visit_type, status, planned_date, address, latitude, longitude, location_source, estimated_duration_min) VALUES (32, 32, 5, 'preventiu', 'scheduled', '2024-04-10', 'Carrer De La Riera Ginjolers, 68', 42.26352, 3.178917, 'manual', 120);
INSERT INTO CHARGER (charger_id, name, serial_number, brand, model, number_of_plugs, connector_types, has_rfid, environment, power_type, phase_type, max_power_kw, ocpp_version, telecom_provider, installation_date) VALUES (33, 'Passatge Ajuntament, 16', 'H29SLQ5MJ3MVY3ZMTEFG', 'ABB', 'Terra 54', 2, 'CCS,Type2', true, 'outdoor', 'DC', 'three-phase', 50.0, '1.6', 'Movistar', '2023-01-01');
INSERT INTO CONTRACT (contract_id, type, client_id, charger_id, start_date, end_date, number_of_visits, frequency, status) VALUES (33, 'preventiu', 100, 33, '2024-01-01', '2025-01-01', 4, 'trimestral', 'active');
INSERT INTO VISIT (visit_id, contract_id, technician_id, visit_type, status, planned_date, address, latitude, longitude, location_source, estimated_duration_min) VALUES (33, 33, 2, 'preventiu', 'scheduled', '2024-04-10', 'Ctra. Sant Hilari, 2, 17430 Santa Coloma De Farners, Girona, Spain', 41.86148, 2.662512, 'manual', 120);
INSERT INTO CHARGER (charger_id, name, serial_number, brand, model, number_of_plugs, connector_types, has_rfid, environment, power_type, phase_type, max_power_kw, ocpp_version, telecom_provider, installation_date) VALUES (34, 'Unknown', 'ZR9BRFMOMCKSHNTSH5N4', 'ABB', 'Terra 54', 2, 'CCS,Type2', true, 'outdoor', 'DC', 'three-phase', 50.0, '1.6', 'Movistar', '2023-01-01');
INSERT INTO CONTRACT (contract_id, type, client_id, charger_id, start_date, end_date, number_of_visits, frequency, status) VALUES (34, 'preventiu', 100, 34, '2024-01-01', '2025-01-01', 4, 'trimestral', 'active');
INSERT INTO VISIT (visit_id, contract_id, technician_id, visit_type, status, planned_date, address, latitude, longitude, location_source, estimated_duration_min) VALUES (34, 34, 5, 'preventiu', 'scheduled', '2024-04-10', 'Camí De La Garriga, 3, 17491 Perelada, Girona, Spain', 42.308895, 3.013139, 'manual', 120);
INSERT INTO CHARGER (charger_id, name, serial_number, brand, model, number_of_plugs, connector_types, has_rfid, environment, power_type, phase_type, max_power_kw, ocpp_version, telecom_provider, installation_date) VALUES (35, 'Unknown', 'YSXAJ2TFKG1VNPI3C5CL', 'ABB', 'Terra 54', 2, 'CCS,Type2', true, 'outdoor', 'DC', 'three-phase', 50.0, '1.6', 'Movistar', '2023-01-01');
INSERT INTO CONTRACT (contract_id, type, client_id, charger_id, start_date, end_date, number_of_visits, frequency, status) VALUES (35, 'preventiu', 100, 35, '2024-01-01', '2025-01-01', 4, 'trimestral', 'active');
INSERT INTO INCIDENCE (incidence_id, charger_id, reported_at, priority, status, description, estimated_duration_min) VALUES (2, 35, '2024-03-26 09:00:00', 3, 'pending', 'Incidència de tipus Non-critical Corrective', 90);
INSERT INTO VISIT (visit_id, incidence_id, technician_id, visit_type, status, planned_date, address, latitude, longitude, location_source, estimated_duration_min) VALUES (35, 2, 9, 'correctiu', 'scheduled', '2024-03-27', 'Passeig De Catalunya, S/N', 42.31046, 3.012, 'gps', 90);
INSERT INTO CHARGER (charger_id, name, serial_number, brand, model, number_of_plugs, connector_types, has_rfid, environment, power_type, phase_type, max_power_kw, ocpp_version, telecom_provider, installation_date) VALUES (36, 'Unknown', 'NDA1LIE3MJMXBVHSQ9TJ', 'ABB', 'Terra 54', 2, 'CCS,Type2', true, 'outdoor', 'DC', 'three-phase', 50.0, '1.6', 'Movistar', '2023-01-01');
INSERT INTO CONTRACT (contract_id, type, client_id, charger_id, start_date, end_date, number_of_visits, frequency, status) VALUES (36, 'preventiu', 100, 36, '2024-01-01', '2025-01-01', 4, 'trimestral', 'active');
INSERT INTO VISIT (visit_id, technician_id, visit_type, status, planned_date, address, latitude, longitude, location_source, estimated_duration_min) VALUES (36, 10, 'posada_en_marxa', 'scheduled', '2024-03-28', 'Av. Màlaga, 34, 43892 Miami Platja, Tarragona, Spain', 41.00364, 0.928718, 'manual', 180);
INSERT INTO CHARGER (charger_id, name, serial_number, brand, model, number_of_plugs, connector_types, has_rfid, environment, power_type, phase_type, max_power_kw, ocpp_version, telecom_provider, installation_date) VALUES (37, 'Unknown', 'Y3BZXQTF01FGUNLANPU8', 'ABB', 'Terra 54', 2, 'CCS,Type2', true, 'outdoor', 'DC', 'three-phase', 50.0, '1.6', 'Movistar', '2023-01-01');
INSERT INTO CONTRACT (contract_id, type, client_id, charger_id, start_date, end_date, number_of_visits, frequency, status) VALUES (37, 'preventiu', 100, 37, '2024-01-01', '2025-01-01', 4, 'trimestral', 'active');
INSERT INTO INCIDENCE (incidence_id, charger_id, reported_at, priority, status, description, estimated_duration_min) VALUES (3, 37, '2024-03-26 09:00:00', 3, 'pending', 'Incidència de tipus Non-critical Corrective', 90);
INSERT INTO VISIT (visit_id, incidence_id, technician_id, visit_type, status, planned_date, address, latitude, longitude, location_source, estimated_duration_min) VALUES (37, 3, 3, 'correctiu', 'scheduled', '2024-03-27', '26 Partida Boveral, 43300, Tarragona, Spain', 41.082844, 0.958994, 'gps', 90);
INSERT INTO CHARGER (charger_id, name, serial_number, brand, model, number_of_plugs, connector_types, has_rfid, environment, power_type, phase_type, max_power_kw, ocpp_version, telecom_provider, installation_date) VALUES (38, 'Mont-roig del Camp - INGETEAM EdRSR 1 Ajuntament', 'ZVVDHIH8U3PGLXZTZUOA', 'ABB', 'Terra 54', 2, 'CCS,Type2', true, 'outdoor', 'DC', 'three-phase', 50.0, '1.6', 'Movistar', '2023-01-01');
INSERT INTO CONTRACT (contract_id, type, client_id, charger_id, start_date, end_date, number_of_visits, frequency, status) VALUES (38, 'preventiu', 100, 38, '2024-01-01', '2025-01-01', 4, 'trimestral', 'active');
INSERT INTO VISIT (visit_id, contract_id, technician_id, visit_type, status, planned_date, address, latitude, longitude, location_source, estimated_duration_min) VALUES (38, 38, 4, 'preventiu', 'scheduled', '2024-04-10', 'Av. Califòrnia, 15', 41.00675, 0.935722, 'manual', 120);
INSERT INTO CHARGER (charger_id, name, serial_number, brand, model, number_of_plugs, connector_types, has_rfid, environment, power_type, phase_type, max_power_kw, ocpp_version, telecom_provider, installation_date) VALUES (39, 'Unknown', 'A7GLIRSZNLB3Q3RL3TRX', 'ABB', 'Terra 54', 2, 'CCS,Type2', true, 'outdoor', 'DC', 'three-phase', 50.0, '1.6', 'Movistar', '2023-01-01');
INSERT INTO CONTRACT (contract_id, type, client_id, charger_id, start_date, end_date, number_of_visits, frequency, status) VALUES (39, 'preventiu', 100, 39, '2024-01-01', '2025-01-01', 4, 'trimestral', 'active');
INSERT INTO VISIT (visit_id, contract_id, technician_id, visit_type, status, planned_date, address, latitude, longitude, location_source, estimated_duration_min) VALUES (39, 39, 2, 'preventiu', 'scheduled', '2024-04-10', 'Av. Del Mar, 21', 41.010136, 0.938962, 'manual', 120);
INSERT INTO CHARGER (charger_id, name, serial_number, brand, model, number_of_plugs, connector_types, has_rfid, environment, power_type, phase_type, max_power_kw, ocpp_version, telecom_provider, installation_date) VALUES (40, 'Unknown', 'SGQ0S6FWE4ZAWOBGGXWO', 'ABB', 'Terra 54', 2, 'CCS,Type2', true, 'outdoor', 'DC', 'three-phase', 50.0, '1.6', 'Movistar', '2023-01-01');
INSERT INTO CONTRACT (contract_id, type, client_id, charger_id, start_date, end_date, number_of_visits, frequency, status) VALUES (40, 'preventiu', 100, 40, '2024-01-01', '2025-01-01', 4, 'trimestral', 'active');
INSERT INTO VISIT (visit_id, technician_id, visit_type, status, planned_date, address, latitude, longitude, location_source, estimated_duration_min) VALUES (40, 9, 'posada_en_marxa', 'scheduled', '2024-03-28', 'Carrer De Sant Joan, 104, 08370 Calella, Barcelona, Spain', 41.616524, 2.660381, 'manual', 180);
INSERT INTO CHARGER (charger_id, name, serial_number, brand, model, number_of_plugs, connector_types, has_rfid, environment, power_type, phase_type, max_power_kw, ocpp_version, telecom_provider, installation_date) VALUES (41, 'Unknown', 'X8MPE6VV8Y2GW4GMVHL0', 'ABB', 'Terra 54', 2, 'CCS,Type2', true, 'outdoor', 'DC', 'three-phase', 50.0, '1.6', 'Movistar', '2023-01-01');
INSERT INTO CONTRACT (contract_id, type, client_id, charger_id, start_date, end_date, number_of_visits, frequency, status) VALUES (41, 'preventiu', 100, 41, '2024-01-01', '2025-01-01', 4, 'trimestral', 'active');
INSERT INTO VISIT (visit_id, contract_id, technician_id, visit_type, status, planned_date, address, latitude, longitude, location_source, estimated_duration_min) VALUES (41, 41, 10, 'diagnosi', 'scheduled', '2024-04-01', 'Muralla De Sta. Tecla, 51, 43400 Montblanc, Tarragona, Spain', 41.377373, 1.163606, 'manual', 60);
INSERT INTO CHARGER (charger_id, name, serial_number, brand, model, number_of_plugs, connector_types, has_rfid, environment, power_type, phase_type, max_power_kw, ocpp_version, telecom_provider, installation_date) VALUES (42, 'Unknown', 'NEX01GPUKCXF8DSP8OSH', 'ABB', 'Terra 54', 2, 'CCS,Type2', true, 'outdoor', 'DC', 'three-phase', 50.0, '1.6', 'Movistar', '2023-01-01');
INSERT INTO CONTRACT (contract_id, type, client_id, charger_id, start_date, end_date, number_of_visits, frequency, status) VALUES (42, 'preventiu', 100, 42, '2024-01-01', '2025-01-01', 4, 'trimestral', 'active');
INSERT INTO VISIT (visit_id, technician_id, visit_type, status, planned_date, address, latitude, longitude, location_source, estimated_duration_min) VALUES (42, 5, 'posada_en_marxa', 'scheduled', '2024-03-28', 'Carrer Jaume Conesa', 41.375767, 1.163327, 'manual', 180);
INSERT INTO CHARGER (charger_id, name, serial_number, brand, model, number_of_plugs, connector_types, has_rfid, environment, power_type, phase_type, max_power_kw, ocpp_version, telecom_provider, installation_date) VALUES (43, 'Unknown', 'I66N3OEXTVQ1QJAVD2Q2', 'ABB', 'Terra 54', 2, 'CCS,Type2', true, 'outdoor', 'DC', 'three-phase', 50.0, '1.6', 'Movistar', '2023-01-01');
INSERT INTO CONTRACT (contract_id, type, client_id, charger_id, start_date, end_date, number_of_visits, frequency, status) VALUES (43, 'preventiu', 100, 43, '2024-01-01', '2025-01-01', 4, 'trimestral', 'active');
INSERT INTO VISIT (visit_id, contract_id, technician_id, visit_type, status, planned_date, address, latitude, longitude, location_source, estimated_duration_min) VALUES (43, 43, 1, 'preventiu', 'scheduled', '2024-04-10', 'Carrer Barcelona, 154, 43518 Tortosa, Tarragona, Spain', 40.794773, 0.525542, 'manual', 120);
INSERT INTO CHARGER (charger_id, name, serial_number, brand, model, number_of_plugs, connector_types, has_rfid, environment, power_type, phase_type, max_power_kw, ocpp_version, telecom_provider, installation_date) VALUES (44, 'Unknown', 'W85KYN9DRKTYSOOQ4Y2E', 'ABB', 'Terra 54', 2, 'CCS,Type2', true, 'outdoor', 'DC', 'three-phase', 50.0, '1.6', 'Movistar', '2023-01-01');
INSERT INTO CONTRACT (contract_id, type, client_id, charger_id, start_date, end_date, number_of_visits, frequency, status) VALUES (44, 'preventiu', 100, 44, '2024-01-01', '2025-01-01', 4, 'trimestral', 'active');
INSERT INTO VISIT (visit_id, contract_id, technician_id, visit_type, status, planned_date, address, latitude, longitude, location_source, estimated_duration_min) VALUES (44, 44, 8, 'preventiu', 'scheduled', '2024-04-10', 'Viver D''empreses Baix Ebre Innova - Oficina 11', 40.77003, 0.654832, 'manual', 120);
INSERT INTO CHARGER (charger_id, name, serial_number, brand, model, number_of_plugs, connector_types, has_rfid, environment, power_type, phase_type, max_power_kw, ocpp_version, telecom_provider, installation_date) VALUES (45, 'Unknown', 'GMBPVXSKEQY2ERUDSXNO', 'ABB', 'Terra 54', 2, 'CCS,Type2', true, 'outdoor', 'DC', 'three-phase', 50.0, '1.6', 'Movistar', '2023-01-01');
INSERT INTO CONTRACT (contract_id, type, client_id, charger_id, start_date, end_date, number_of_visits, frequency, status) VALUES (45, 'preventiu', 100, 45, '2024-01-01', '2025-01-01', 4, 'trimestral', 'active');
INSERT INTO VISIT (visit_id, contract_id, technician_id, visit_type, status, planned_date, address, latitude, longitude, location_source, estimated_duration_min) VALUES (45, 45, 4, 'diagnosi', 'scheduled', '2024-04-01', 'S/N, Rambleta De Joan Miró', 41.485634, 2.030229, 'manual', 60);
INSERT INTO CHARGER (charger_id, name, serial_number, brand, model, number_of_plugs, connector_types, has_rfid, environment, power_type, phase_type, max_power_kw, ocpp_version, telecom_provider, installation_date) VALUES (46, 'Unknown', '7NPB1BO0WT0FYATKTXJT', 'ABB', 'Terra 54', 2, 'CCS,Type2', true, 'outdoor', 'DC', 'three-phase', 50.0, '1.6', 'Movistar', '2023-01-01');
INSERT INTO CONTRACT (contract_id, type, client_id, charger_id, start_date, end_date, number_of_visits, frequency, status) VALUES (46, 'preventiu', 100, 46, '2024-01-01', '2025-01-01', 4, 'trimestral', 'active');
INSERT INTO VISIT (visit_id, contract_id, technician_id, visit_type, status, planned_date, address, latitude, longitude, location_source, estimated_duration_min) VALUES (46, 46, 1, 'preventiu', 'scheduled', '2024-04-10', 'Carrer Del Futbol S/N (Aparcament Complex Esportiu Can Rosés)', 41.502808, 2.04375, 'manual', 120);
INSERT INTO CHARGER (charger_id, name, serial_number, brand, model, number_of_plugs, connector_types, has_rfid, environment, power_type, phase_type, max_power_kw, ocpp_version, telecom_provider, installation_date) VALUES (47, 'Unknown', '5O1556UVM7PW6QW1G2IR', 'ABB', 'Terra 54', 2, 'CCS,Type2', true, 'outdoor', 'DC', 'three-phase', 50.0, '1.6', 'Movistar', '2023-01-01');
INSERT INTO CONTRACT (contract_id, type, client_id, charger_id, start_date, end_date, number_of_visits, frequency, status) VALUES (47, 'preventiu', 100, 47, '2024-01-01', '2025-01-01', 4, 'trimestral', 'active');
INSERT INTO VISIT (visit_id, contract_id, technician_id, visit_type, status, planned_date, address, latitude, longitude, location_source, estimated_duration_min) VALUES (47, 47, 1, 'diagnosi', 'scheduled', '2024-04-01', 'Rambleta De Joan Miró Sn', 41.48497, 2.029917, 'manual', 60);
INSERT INTO CHARGER (charger_id, name, serial_number, brand, model, number_of_plugs, connector_types, has_rfid, environment, power_type, phase_type, max_power_kw, ocpp_version, telecom_provider, installation_date) VALUES (48, 'Unknown', 'UCHEATTOP0Z7EBY9LFPN', 'ABB', 'Terra 54', 2, 'CCS,Type2', true, 'outdoor', 'DC', 'three-phase', 50.0, '1.6', 'Movistar', '2023-01-01');
INSERT INTO CONTRACT (contract_id, type, client_id, charger_id, start_date, end_date, number_of_visits, frequency, status) VALUES (48, 'preventiu', 100, 48, '2024-01-01', '2025-01-01', 4, 'trimestral', 'active');
INSERT INTO VISIT (visit_id, technician_id, visit_type, status, planned_date, address, latitude, longitude, location_source, estimated_duration_min) VALUES (48, 2, 'posada_en_marxa', 'scheduled', '2024-03-28', 'Carrer De Joaquim Blume, 28', 41.494, 2.029413, 'manual', 180);
INSERT INTO CHARGER (charger_id, name, serial_number, brand, model, number_of_plugs, connector_types, has_rfid, environment, power_type, phase_type, max_power_kw, ocpp_version, telecom_provider, installation_date) VALUES (49, 'Unknown', 'HZC8SO50EVKZGE5QEXSJ', 'ABB', 'Terra 54', 2, 'CCS,Type2', true, 'outdoor', 'DC', 'three-phase', 50.0, '1.6', 'Movistar', '2023-01-01');
INSERT INTO CONTRACT (contract_id, type, client_id, charger_id, start_date, end_date, number_of_visits, frequency, status) VALUES (49, 'preventiu', 100, 49, '2024-01-01', '2025-01-01', 4, 'trimestral', 'active');
INSERT INTO VISIT (visit_id, technician_id, visit_type, status, planned_date, address, latitude, longitude, location_source, estimated_duration_min) VALUES (49, 1, 'posada_en_marxa', 'scheduled', '2024-03-28', 'Rambleta De Joan Miró, S/N', 41.48572, 2.030192, 'manual', 180);
INSERT INTO CHARGER (charger_id, name, serial_number, brand, model, number_of_plugs, connector_types, has_rfid, environment, power_type, phase_type, max_power_kw, ocpp_version, telecom_provider, installation_date) VALUES (50, 'Unknown', 'SX25YOBOGVR4I37VJ80T', 'ABB', 'Terra 54', 2, 'CCS,Type2', true, 'outdoor', 'DC', 'three-phase', 50.0, '1.6', 'Movistar', '2023-01-01');
INSERT INTO CONTRACT (contract_id, type, client_id, charger_id, start_date, end_date, number_of_visits, frequency, status) VALUES (50, 'preventiu', 100, 50, '2024-01-01', '2025-01-01', 4, 'trimestral', 'active');
INSERT INTO VISIT (visit_id, contract_id, technician_id, visit_type, status, planned_date, address, latitude, longitude, location_source, estimated_duration_min) VALUES (50, 50, 3, 'preventiu', 'scheduled', '2024-04-10', 'Passatge Topazi, 12', 41.491016, 2.025064, 'manual', 120);
INSERT INTO CHARGER (charger_id, name, serial_number, brand, model, number_of_plugs, connector_types, has_rfid, environment, power_type, phase_type, max_power_kw, ocpp_version, telecom_provider, installation_date) VALUES (51, 'Unknown', '5MHWDCIOYEBQSDIF0P24', 'ABB', 'Terra 54', 2, 'CCS,Type2', true, 'outdoor', 'DC', 'three-phase', 50.0, '1.6', 'Movistar', '2023-01-01');
INSERT INTO CONTRACT (contract_id, type, client_id, charger_id, start_date, end_date, number_of_visits, frequency, status) VALUES (51, 'preventiu', 100, 51, '2024-01-01', '2025-01-01', 4, 'trimestral', 'active');
INSERT INTO VISIT (visit_id, contract_id, technician_id, visit_type, status, planned_date, address, latitude, longitude, location_source, estimated_duration_min) VALUES (51, 51, 5, 'diagnosi', 'scheduled', '2024-04-01', 'Carrer De Can Serra, 3', 41.501637, 2.029355, 'manual', 60);
INSERT INTO CHARGER (charger_id, name, serial_number, brand, model, number_of_plugs, connector_types, has_rfid, environment, power_type, phase_type, max_power_kw, ocpp_version, telecom_provider, installation_date) VALUES (52, 'Unknown', '1AGRB3FQFJECOPOEC7EK', 'ABB', 'Terra 54', 2, 'CCS,Type2', true, 'outdoor', 'DC', 'three-phase', 50.0, '1.6', 'Movistar', '2023-01-01');
INSERT INTO CONTRACT (contract_id, type, client_id, charger_id, start_date, end_date, number_of_visits, frequency, status) VALUES (52, 'preventiu', 100, 52, '2024-01-01', '2025-01-01', 4, 'trimestral', 'active');
INSERT INTO VISIT (visit_id, technician_id, visit_type, status, planned_date, address, latitude, longitude, location_source, estimated_duration_min) VALUES (52, 4, 'posada_en_marxa', 'scheduled', '2024-03-28', 'Carrer Les Sorres, 17, 43881 Cunit, Tarragona, Spain', 41.194393, 1.624786, 'manual', 180);
INSERT INTO CHARGER (charger_id, name, serial_number, brand, model, number_of_plugs, connector_types, has_rfid, environment, power_type, phase_type, max_power_kw, ocpp_version, telecom_provider, installation_date) VALUES (53, 'Unknown', '1TWGXRMR0MR9HRXPI32Y', 'ABB', 'Terra 54', 2, 'CCS,Type2', true, 'outdoor', 'DC', 'three-phase', 50.0, '1.6', 'Movistar', '2023-01-01');
INSERT INTO CONTRACT (contract_id, type, client_id, charger_id, start_date, end_date, number_of_visits, frequency, status) VALUES (53, 'preventiu', 100, 53, '2024-01-01', '2025-01-01', 4, 'trimestral', 'active');
INSERT INTO VISIT (visit_id, technician_id, visit_type, status, planned_date, address, latitude, longitude, location_source, estimated_duration_min) VALUES (53, 9, 'posada_en_marxa', 'scheduled', '2024-03-28', 'Av. De La Font, 64, 43881 Cunit, Tarragona, Spain', 41.196133, 1.633675, 'manual', 180);
INSERT INTO CHARGER (charger_id, name, serial_number, brand, model, number_of_plugs, connector_types, has_rfid, environment, power_type, phase_type, max_power_kw, ocpp_version, telecom_provider, installation_date) VALUES (54, 'Unknown', '63TVNNR74GRI1OB49OKU', 'ABB', 'Terra 54', 2, 'CCS,Type2', true, 'outdoor', 'DC', 'three-phase', 50.0, '1.6', 'Movistar', '2023-01-01');
INSERT INTO CONTRACT (contract_id, type, client_id, charger_id, start_date, end_date, number_of_visits, frequency, status) VALUES (54, 'preventiu', 100, 54, '2024-01-01', '2025-01-01', 4, 'trimestral', 'active');
INSERT INTO VISIT (visit_id, contract_id, technician_id, visit_type, status, planned_date, address, latitude, longitude, location_source, estimated_duration_min) VALUES (54, 54, 5, 'diagnosi', 'scheduled', '2024-04-01', 'Carrer De La Creueta, 17', 41.19981, 1.626726, 'manual', 60);
INSERT INTO CHARGER (charger_id, name, serial_number, brand, model, number_of_plugs, connector_types, has_rfid, environment, power_type, phase_type, max_power_kw, ocpp_version, telecom_provider, installation_date) VALUES (55, 'Unknown', '06SOPOWLCJQRVEF9GR63', 'ABB', 'Terra 54', 2, 'CCS,Type2', true, 'outdoor', 'DC', 'three-phase', 50.0, '1.6', 'Movistar', '2023-01-01');
INSERT INTO CONTRACT (contract_id, type, client_id, charger_id, start_date, end_date, number_of_visits, frequency, status) VALUES (55, 'preventiu', 100, 55, '2024-01-01', '2025-01-01', 4, 'trimestral', 'active');
INSERT INTO VISIT (visit_id, technician_id, visit_type, status, planned_date, address, latitude, longitude, location_source, estimated_duration_min) VALUES (55, 7, 'posada_en_marxa', 'scheduled', '2024-03-28', 'Cr. Onofre', 41.200115, 1.635514, 'manual', 180);
INSERT INTO CHARGER (charger_id, name, serial_number, brand, model, number_of_plugs, connector_types, has_rfid, environment, power_type, phase_type, max_power_kw, ocpp_version, telecom_provider, installation_date) VALUES (56, 'Unknown', 'MSTSG6I2NTXHVGBV5RRB', 'ABB', 'Terra 54', 2, 'CCS,Type2', true, 'outdoor', 'DC', 'three-phase', 50.0, '1.6', 'Movistar', '2023-01-01');
INSERT INTO CONTRACT (contract_id, type, client_id, charger_id, start_date, end_date, number_of_visits, frequency, status) VALUES (56, 'preventiu', 100, 56, '2024-01-01', '2025-01-01', 4, 'trimestral', 'active');
INSERT INTO VISIT (visit_id, contract_id, technician_id, visit_type, status, planned_date, address, latitude, longitude, location_source, estimated_duration_min) VALUES (56, 56, 2, 'diagnosi', 'scheduled', '2024-04-01', 'Carrer De Lecco, 30, 08700 Igualada, Barcelona, Spain', 41.589275, 1.621518, 'manual', 60);
INSERT INTO CHARGER (charger_id, name, serial_number, brand, model, number_of_plugs, connector_types, has_rfid, environment, power_type, phase_type, max_power_kw, ocpp_version, telecom_provider, installation_date) VALUES (57, 'Plaça de l''Ajuntament, 12', 'LEXHFILK011AU5XG81NX', 'ABB', 'Terra 54', 2, 'CCS,Type2', true, 'outdoor', 'DC', 'three-phase', 50.0, '1.6', 'Movistar', '2023-01-01');
INSERT INTO CONTRACT (contract_id, type, client_id, charger_id, start_date, end_date, number_of_visits, frequency, status) VALUES (57, 'preventiu', 100, 57, '2024-01-01', '2025-01-01', 4, 'trimestral', 'active');
INSERT INTO VISIT (visit_id, technician_id, visit_type, status, planned_date, address, latitude, longitude, location_source, estimated_duration_min) VALUES (57, 1, 'posada_en_marxa', 'scheduled', '2024-03-28', 'Plaça De L''ajuntament, 12', 41.899857, 1.879304, 'manual', 180);
INSERT INTO CHARGER (charger_id, name, serial_number, brand, model, number_of_plugs, connector_types, has_rfid, environment, power_type, phase_type, max_power_kw, ocpp_version, telecom_provider, installation_date) VALUES (58, 'Unknown', 'TPL4LPWNMAAYVVHHUAQD', 'ABB', 'Terra 54', 2, 'CCS,Type2', true, 'outdoor', 'DC', 'three-phase', 50.0, '1.6', 'Movistar', '2023-01-01');
INSERT INTO CONTRACT (contract_id, type, client_id, charger_id, start_date, end_date, number_of_visits, frequency, status) VALUES (58, 'preventiu', 100, 58, '2024-01-01', '2025-01-01', 4, 'trimestral', 'active');
INSERT INTO VISIT (visit_id, contract_id, technician_id, visit_type, status, planned_date, address, latitude, longitude, location_source, estimated_duration_min) VALUES (58, 58, 2, 'preventiu', 'scheduled', '2024-04-10', 'Carrer Santa Eulàlia, 2, 08670 Navàs, Barcelona, Spain', 41.898224, 1.876346, 'manual', 120);
INSERT INTO CHARGER (charger_id, name, serial_number, brand, model, number_of_plugs, connector_types, has_rfid, environment, power_type, phase_type, max_power_kw, ocpp_version, telecom_provider, installation_date) VALUES (59, 'Unknown', 'NU8KIBIOZSVUCTGBAHVA', 'ABB', 'Terra 54', 2, 'CCS,Type2', true, 'outdoor', 'DC', 'three-phase', 50.0, '1.6', 'Movistar', '2023-01-01');
INSERT INTO CONTRACT (contract_id, type, client_id, charger_id, start_date, end_date, number_of_visits, frequency, status) VALUES (59, 'preventiu', 100, 59, '2024-01-01', '2025-01-01', 4, 'trimestral', 'active');
INSERT INTO VISIT (visit_id, contract_id, technician_id, visit_type, status, planned_date, address, latitude, longitude, location_source, estimated_duration_min) VALUES (59, 59, 4, 'preventiu', 'scheduled', '2024-04-10', 'Carrer Costa Brava, 144, 17411 Vidreres, Girona, Spain', 41.790073, 2.78033, 'manual', 120);
INSERT INTO CHARGER (charger_id, name, serial_number, brand, model, number_of_plugs, connector_types, has_rfid, environment, power_type, phase_type, max_power_kw, ocpp_version, telecom_provider, installation_date) VALUES (60, 'Unknown', 'XC1CLUOSGSK8VQYYPTBP', 'ABB', 'Terra 54', 2, 'CCS,Type2', true, 'outdoor', 'DC', 'three-phase', 50.0, '1.6', 'Movistar', '2023-01-01');
INSERT INTO CONTRACT (contract_id, type, client_id, charger_id, start_date, end_date, number_of_visits, frequency, status) VALUES (60, 'preventiu', 100, 60, '2024-01-01', '2025-01-01', 4, 'trimestral', 'active');
INSERT INTO VISIT (visit_id, contract_id, technician_id, visit_type, status, planned_date, address, latitude, longitude, location_source, estimated_duration_min) VALUES (60, 60, 5, 'preventiu', 'scheduled', '2024-04-10', 'Plaça De La Vil·La Romana, 5, 43800 Valls, Tarragona, Spain', 41.287525, 1.258783, 'manual', 120);
INSERT INTO CHARGER (charger_id, name, serial_number, brand, model, number_of_plugs, connector_types, has_rfid, environment, power_type, phase_type, max_power_kw, ocpp_version, telecom_provider, installation_date) VALUES (61, 'Unknown', 'VNRRDA3NFIFZQUJQJCXU', 'ABB', 'Terra 54', 2, 'CCS,Type2', true, 'outdoor', 'DC', 'three-phase', 50.0, '1.6', 'Movistar', '2023-01-01');
INSERT INTO CONTRACT (contract_id, type, client_id, charger_id, start_date, end_date, number_of_visits, frequency, status) VALUES (61, 'preventiu', 100, 61, '2024-01-01', '2025-01-01', 4, 'trimestral', 'active');
INSERT INTO VISIT (visit_id, contract_id, technician_id, visit_type, status, planned_date, address, latitude, longitude, location_source, estimated_duration_min) VALUES (61, 61, 4, 'preventiu', 'scheduled', '2024-04-10', 'Plaça Tarradellas', 42.268986, 2.966869, 'manual', 120);
INSERT INTO CHARGER (charger_id, name, serial_number, brand, model, number_of_plugs, connector_types, has_rfid, environment, power_type, phase_type, max_power_kw, ocpp_version, telecom_provider, installation_date) VALUES (62, 'Unknown', 'B9TVN30B5S9EZOBWYNYS', 'ABB', 'Terra 54', 2, 'CCS,Type2', true, 'outdoor', 'DC', 'three-phase', 50.0, '1.6', 'Movistar', '2023-01-01');
INSERT INTO CONTRACT (contract_id, type, client_id, charger_id, start_date, end_date, number_of_visits, frequency, status) VALUES (62, 'preventiu', 100, 62, '2024-01-01', '2025-01-01', 4, 'trimestral', 'active');
INSERT INTO INCIDENCE (incidence_id, charger_id, reported_at, priority, status, description, estimated_duration_min) VALUES (4, 62, '2024-03-26 09:00:00', 3, 'pending', 'Incidència de tipus Non-critical Corrective', 90);
INSERT INTO VISIT (visit_id, incidence_id, technician_id, visit_type, status, planned_date, address, latitude, longitude, location_source, estimated_duration_min) VALUES (62, 4, 5, 'correctiu', 'scheduled', '2024-03-27', 'Carrer Torras I Bages, 42', 42.259785, 2.966682, 'gps', 90);
INSERT INTO CHARGER (charger_id, name, serial_number, brand, model, number_of_plugs, connector_types, has_rfid, environment, power_type, phase_type, max_power_kw, ocpp_version, telecom_provider, installation_date) VALUES (63, 'Unknown', 'CANBVMHPDVQTM5QSR6AU', 'ABB', 'Terra 54', 2, 'CCS,Type2', true, 'outdoor', 'DC', 'three-phase', 50.0, '1.6', 'Movistar', '2023-01-01');
INSERT INTO CONTRACT (contract_id, type, client_id, charger_id, start_date, end_date, number_of_visits, frequency, status) VALUES (63, 'preventiu', 100, 63, '2024-01-01', '2025-01-01', 4, 'trimestral', 'active');
INSERT INTO VISIT (visit_id, contract_id, technician_id, visit_type, status, planned_date, address, latitude, longitude, location_source, estimated_duration_min) VALUES (63, 63, 2, 'diagnosi', 'scheduled', '2024-04-01', 'Carrer Cementeri, 2, 43890 L''hospitalet De L''infant, Tarragona, Spain', 40.991882, 0.92141, 'manual', 60);
INSERT INTO CHARGER (charger_id, name, serial_number, brand, model, number_of_plugs, connector_types, has_rfid, environment, power_type, phase_type, max_power_kw, ocpp_version, telecom_provider, installation_date) VALUES (64, 'Unknown', 'SL6H5R92ZVEPEIZTKZBA', 'ABB', 'Terra 54', 2, 'CCS,Type2', true, 'outdoor', 'DC', 'three-phase', 50.0, '1.6', 'Movistar', '2023-01-01');
INSERT INTO CONTRACT (contract_id, type, client_id, charger_id, start_date, end_date, number_of_visits, frequency, status) VALUES (64, 'preventiu', 100, 64, '2024-01-01', '2025-01-01', 4, 'trimestral', 'active');
INSERT INTO VISIT (visit_id, contract_id, technician_id, visit_type, status, planned_date, address, latitude, longitude, location_source, estimated_duration_min) VALUES (64, 64, 2, 'diagnosi', 'scheduled', '2024-04-01', 'Carrer Martí Franques, 5', 41.009315, 0.912715, 'manual', 60);
INSERT INTO CHARGER (charger_id, name, serial_number, brand, model, number_of_plugs, connector_types, has_rfid, environment, power_type, phase_type, max_power_kw, ocpp_version, telecom_provider, installation_date) VALUES (65, 'Unknown', 'FVGHQR7UPBMORNJG1ISG', 'ABB', 'Terra 54', 2, 'CCS,Type2', true, 'outdoor', 'DC', 'three-phase', 50.0, '1.6', 'Movistar', '2023-01-01');
INSERT INTO CONTRACT (contract_id, type, client_id, charger_id, start_date, end_date, number_of_visits, frequency, status) VALUES (65, 'preventiu', 100, 65, '2024-01-01', '2025-01-01', 4, 'trimestral', 'active');
INSERT INTO VISIT (visit_id, contract_id, technician_id, visit_type, status, planned_date, address, latitude, longitude, location_source, estimated_duration_min) VALUES (65, 65, 4, 'diagnosi', 'scheduled', '2024-04-01', 'Carrer Major, 30', 41.02096, 0.83128, 'manual', 60);
INSERT INTO CHARGER (charger_id, name, serial_number, brand, model, number_of_plugs, connector_types, has_rfid, environment, power_type, phase_type, max_power_kw, ocpp_version, telecom_provider, installation_date) VALUES (66, 'Ajuntament de Vandellòs i l''Hospitalet de l''Infant - SELBA EdRSR 1', 'NZPUYUDVUXLAUC5ZWU67', 'ABB', 'Terra 54', 2, 'CCS,Type2', true, 'outdoor', 'DC', 'three-phase', 50.0, '1.6', 'Movistar', '2023-01-01');
INSERT INTO CONTRACT (contract_id, type, client_id, charger_id, start_date, end_date, number_of_visits, frequency, status) VALUES (66, 'preventiu', 100, 66, '2024-01-01', '2025-01-01', 4, 'trimestral', 'active');
INSERT INTO VISIT (visit_id, contract_id, technician_id, visit_type, status, planned_date, address, latitude, longitude, location_source, estimated_duration_min) VALUES (66, 66, 5, 'preventiu', 'scheduled', '2024-04-10', 'Passeig Marítim, 9', 40.98877, 0.924508, 'manual', 120);
INSERT INTO CHARGER (charger_id, name, serial_number, brand, model, number_of_plugs, connector_types, has_rfid, environment, power_type, phase_type, max_power_kw, ocpp_version, telecom_provider, installation_date) VALUES (67, 'Unknown', 'BIOPRWSPJYCYYH5G6KUZ', 'ABB', 'Terra 54', 2, 'CCS,Type2', true, 'outdoor', 'DC', 'three-phase', 50.0, '1.6', 'Movistar', '2023-01-01');
INSERT INTO CONTRACT (contract_id, type, client_id, charger_id, start_date, end_date, number_of_visits, frequency, status) VALUES (67, 'preventiu', 100, 67, '2024-01-01', '2025-01-01', 4, 'trimestral', 'active');
INSERT INTO VISIT (visit_id, contract_id, technician_id, visit_type, status, planned_date, address, latitude, longitude, location_source, estimated_duration_min) VALUES (67, 67, 8, 'preventiu', 'scheduled', '2024-04-10', 'Carrer Recó Del Vaqué, 8-12,', 40.98882, 0.913775, 'manual', 120);
INSERT INTO CHARGER (charger_id, name, serial_number, brand, model, number_of_plugs, connector_types, has_rfid, environment, power_type, phase_type, max_power_kw, ocpp_version, telecom_provider, installation_date) VALUES (68, 'Unknown', 'TCDIL3KKWLFQKDQSFAMZ', 'ABB', 'Terra 54', 2, 'CCS,Type2', true, 'outdoor', 'DC', 'three-phase', 50.0, '1.6', 'Movistar', '2023-01-01');
INSERT INTO CONTRACT (contract_id, type, client_id, charger_id, start_date, end_date, number_of_visits, frequency, status) VALUES (68, 'preventiu', 100, 68, '2024-01-01', '2025-01-01', 4, 'trimestral', 'active');
INSERT INTO VISIT (visit_id, contract_id, technician_id, visit_type, status, planned_date, address, latitude, longitude, location_source, estimated_duration_min) VALUES (68, 68, 9, 'diagnosi', 'scheduled', '2024-04-01', 'Poliesportiu, 43006 Tarragona, Spain', 41.12216, 1.206972, 'manual', 60);
INSERT INTO CHARGER (charger_id, name, serial_number, brand, model, number_of_plugs, connector_types, has_rfid, environment, power_type, phase_type, max_power_kw, ocpp_version, telecom_provider, installation_date) VALUES (69, 'Unknown', 'TIS65CQCTSJPEXREC7ZE', 'ABB', 'Terra 54', 2, 'CCS,Type2', true, 'outdoor', 'DC', 'three-phase', 50.0, '1.6', 'Movistar', '2023-01-01');
INSERT INTO CONTRACT (contract_id, type, client_id, charger_id, start_date, end_date, number_of_visits, frequency, status) VALUES (69, 'preventiu', 100, 69, '2024-01-01', '2025-01-01', 4, 'trimestral', 'active');
INSERT INTO VISIT (visit_id, contract_id, technician_id, visit_type, status, planned_date, address, latitude, longitude, location_source, estimated_duration_min) VALUES (69, 69, 5, 'preventiu', 'scheduled', '2024-04-10', '1B Carrer 2 Tarragona Catalunya 43006 Es, 43006 Gavarres, Tarragona, Spain', 41.129986, 1.200249, 'manual', 120);
INSERT INTO CHARGER (charger_id, name, serial_number, brand, model, number_of_plugs, connector_types, has_rfid, environment, power_type, phase_type, max_power_kw, ocpp_version, telecom_provider, installation_date) VALUES (70, 'Unknown', 'OPZUUOWGLQXO6UCKTQQ7', 'ABB', 'Terra 54', 2, 'CCS,Type2', true, 'outdoor', 'DC', 'three-phase', 50.0, '1.6', 'Movistar', '2023-01-01');
INSERT INTO CONTRACT (contract_id, type, client_id, charger_id, start_date, end_date, number_of_visits, frequency, status) VALUES (70, 'preventiu', 100, 70, '2024-01-01', '2025-01-01', 4, 'trimestral', 'active');
INSERT INTO VISIT (visit_id, technician_id, visit_type, status, planned_date, address, latitude, longitude, location_source, estimated_duration_min) VALUES (70, 6, 'posada_en_marxa', 'scheduled', '2024-03-28', 'Carrer Salvador Espriu, 1', 41.1208, 1.272016, 'manual', 180);
INSERT INTO CHARGER (charger_id, name, serial_number, brand, model, number_of_plugs, connector_types, has_rfid, environment, power_type, phase_type, max_power_kw, ocpp_version, telecom_provider, installation_date) VALUES (71, 'Unknown', 'ZQ0UCT4QI2QY05VCSS28', 'ABB', 'Terra 54', 2, 'CCS,Type2', true, 'outdoor', 'DC', 'three-phase', 50.0, '1.6', 'Movistar', '2023-01-01');
INSERT INTO CONTRACT (contract_id, type, client_id, charger_id, start_date, end_date, number_of_visits, frequency, status) VALUES (71, 'preventiu', 100, 71, '2024-01-01', '2025-01-01', 4, 'trimestral', 'active');
INSERT INTO VISIT (visit_id, contract_id, technician_id, visit_type, status, planned_date, address, latitude, longitude, location_source, estimated_duration_min) VALUES (71, 71, 6, 'preventiu', 'scheduled', '2024-04-10', 'Av. D''estanislau Figueres, 68', 41.119167, 1.246108, 'manual', 120);
INSERT INTO CHARGER (charger_id, name, serial_number, brand, model, number_of_plugs, connector_types, has_rfid, environment, power_type, phase_type, max_power_kw, ocpp_version, telecom_provider, installation_date) VALUES (72, 'Unknown', '0VPDXLOR7JMWGKEQPCUF', 'ABB', 'Terra 54', 2, 'CCS,Type2', true, 'outdoor', 'DC', 'three-phase', 50.0, '1.6', 'Movistar', '2023-01-01');
INSERT INTO CONTRACT (contract_id, type, client_id, charger_id, start_date, end_date, number_of_visits, frequency, status) VALUES (72, 'preventiu', 100, 72, '2024-01-01', '2025-01-01', 4, 'trimestral', 'active');
INSERT INTO VISIT (visit_id, contract_id, technician_id, visit_type, status, planned_date, address, latitude, longitude, location_source, estimated_duration_min) VALUES (72, 72, 1, 'preventiu', 'scheduled', '2024-04-10', 'Carrer De Vidal I Barraquer, 38', 41.11386, 1.241051, 'manual', 120);
INSERT INTO CHARGER (charger_id, name, serial_number, brand, model, number_of_plugs, connector_types, has_rfid, environment, power_type, phase_type, max_power_kw, ocpp_version, telecom_provider, installation_date) VALUES (73, 'Unknown', 'UYSQYIZWGRNEWFT3RHBZ', 'ABB', 'Terra 54', 2, 'CCS,Type2', true, 'outdoor', 'DC', 'three-phase', 50.0, '1.6', 'Movistar', '2023-01-01');
INSERT INTO CONTRACT (contract_id, type, client_id, charger_id, start_date, end_date, number_of_visits, frequency, status) VALUES (73, 'preventiu', 100, 73, '2024-01-01', '2025-01-01', 4, 'trimestral', 'active');
INSERT INTO VISIT (visit_id, technician_id, visit_type, status, planned_date, address, latitude, longitude, location_source, estimated_duration_min) VALUES (73, 8, 'posada_en_marxa', 'scheduled', '2024-03-28', 'Carrer D''ignasi Abadal, 25, 08260 Súria, Barcelona, Spain', 41.830772, 1.750017, 'manual', 180);
INSERT INTO CHARGER (charger_id, name, serial_number, brand, model, number_of_plugs, connector_types, has_rfid, environment, power_type, phase_type, max_power_kw, ocpp_version, telecom_provider, installation_date) VALUES (74, 'Unknown', '1ZYKZNPUVA6RIASYWOML', 'ABB', 'Terra 54', 2, 'CCS,Type2', true, 'outdoor', 'DC', 'three-phase', 50.0, '1.6', 'Movistar', '2023-01-01');
INSERT INTO CONTRACT (contract_id, type, client_id, charger_id, start_date, end_date, number_of_visits, frequency, status) VALUES (74, 'preventiu', 100, 74, '2024-01-01', '2025-01-01', 4, 'trimestral', 'active');
INSERT INTO VISIT (visit_id, contract_id, technician_id, visit_type, status, planned_date, address, latitude, longitude, location_source, estimated_duration_min) VALUES (74, 74, 9, 'preventiu', 'scheduled', '2024-04-10', 'Carretera De Balsareny, 113-115', 41.835037, 1.76336, 'manual', 120);
INSERT INTO CHARGER (charger_id, name, serial_number, brand, model, number_of_plugs, connector_types, has_rfid, environment, power_type, phase_type, max_power_kw, ocpp_version, telecom_provider, installation_date) VALUES (75, 'Unknown', 'NTDFUH1LUFQT39CTAIRU', 'ABB', 'Terra 54', 2, 'CCS,Type2', true, 'outdoor', 'DC', 'three-phase', 50.0, '1.6', 'Movistar', '2023-01-01');
INSERT INTO CONTRACT (contract_id, type, client_id, charger_id, start_date, end_date, number_of_visits, frequency, status) VALUES (75, 'preventiu', 100, 75, '2024-01-01', '2025-01-01', 4, 'trimestral', 'active');
INSERT INTO VISIT (visit_id, contract_id, technician_id, visit_type, status, planned_date, address, latitude, longitude, location_source, estimated_duration_min) VALUES (75, 75, 4, 'preventiu', 'scheduled', '2024-04-10', 'Plaça Sau 6 La Pobla Sud, 12', 41.814617, 1.760016, 'manual', 120);
INSERT INTO CHARGER (charger_id, name, serial_number, brand, model, number_of_plugs, connector_types, has_rfid, environment, power_type, phase_type, max_power_kw, ocpp_version, telecom_provider, installation_date) VALUES (76, 'Unknown', 'XNUREJFI8VIUWQDKCMMB', 'ABB', 'Terra 54', 2, 'CCS,Type2', true, 'outdoor', 'DC', 'three-phase', 50.0, '1.6', 'Movistar', '2023-01-01');
INSERT INTO CONTRACT (contract_id, type, client_id, charger_id, start_date, end_date, number_of_visits, frequency, status) VALUES (76, 'preventiu', 100, 76, '2024-01-01', '2025-01-01', 4, 'trimestral', 'active');
INSERT INTO VISIT (visit_id, contract_id, technician_id, visit_type, status, planned_date, address, latitude, longitude, location_source, estimated_duration_min) VALUES (76, 76, 8, 'preventiu', 'scheduled', '2024-04-10', 'Fotolinera Edifici De La Foneria. Carrer Claverol, 6', 41.388187, 2.007974, 'manual', 120);
INSERT INTO CHARGER (charger_id, name, serial_number, brand, model, number_of_plugs, connector_types, has_rfid, environment, power_type, phase_type, max_power_kw, ocpp_version, telecom_provider, installation_date) VALUES (77, 'Unknown', 'YHYAVZBK8NCXNZOLXXCM', 'ABB', 'Terra 54', 2, 'CCS,Type2', true, 'outdoor', 'DC', 'three-phase', 50.0, '1.6', 'Movistar', '2023-01-01');
INSERT INTO CONTRACT (contract_id, type, client_id, charger_id, start_date, end_date, number_of_visits, frequency, status) VALUES (77, 'preventiu', 100, 77, '2024-01-01', '2025-01-01', 4, 'trimestral', 'active');
INSERT INTO VISIT (visit_id, contract_id, technician_id, visit_type, status, planned_date, address, latitude, longitude, location_source, estimated_duration_min) VALUES (77, 77, 5, 'preventiu', 'scheduled', '2024-04-10', 'Ctra. Sanatori, 29', 41.18967, 1.567321, 'manual', 120);
INSERT INTO CHARGER (charger_id, name, serial_number, brand, model, number_of_plugs, connector_types, has_rfid, environment, power_type, phase_type, max_power_kw, ocpp_version, telecom_provider, installation_date) VALUES (78, 'Unknown', '8Y1V6MYYJYR0IOWE1FM8', 'ABB', 'Terra 54', 2, 'CCS,Type2', true, 'outdoor', 'DC', 'three-phase', 50.0, '1.6', 'Movistar', '2023-01-01');
INSERT INTO CONTRACT (contract_id, type, client_id, charger_id, start_date, end_date, number_of_visits, frequency, status) VALUES (78, 'preventiu', 100, 78, '2024-01-01', '2025-01-01', 4, 'trimestral', 'active');
INSERT INTO VISIT (visit_id, contract_id, technician_id, visit_type, status, planned_date, address, latitude, longitude, location_source, estimated_duration_min) VALUES (78, 78, 1, 'diagnosi', 'scheduled', '2024-04-01', 'Passeig Marítim De Sant Joan De Déu, 230-228', 41.190044, 1.604437, 'manual', 60);
INSERT INTO CHARGER (charger_id, name, serial_number, brand, model, number_of_plugs, connector_types, has_rfid, environment, power_type, phase_type, max_power_kw, ocpp_version, telecom_provider, installation_date) VALUES (79, 'Unknown', 'MOGYV7YNCOZ08EQYQIOL', 'ABB', 'Terra 54', 2, 'CCS,Type2', true, 'outdoor', 'DC', 'three-phase', 50.0, '1.6', 'Movistar', '2023-01-01');
INSERT INTO CONTRACT (contract_id, type, client_id, charger_id, start_date, end_date, number_of_visits, frequency, status) VALUES (79, 'preventiu', 100, 79, '2024-01-01', '2025-01-01', 4, 'trimestral', 'active');
INSERT INTO VISIT (visit_id, contract_id, technician_id, visit_type, status, planned_date, address, latitude, longitude, location_source, estimated_duration_min) VALUES (79, 79, 8, 'preventiu', 'scheduled', '2024-04-10', 'El Carrer Del Clos Del Becu, 7-1,', 41.19994, 1.567828, 'manual', 120);
INSERT INTO CHARGER (charger_id, name, serial_number, brand, model, number_of_plugs, connector_types, has_rfid, environment, power_type, phase_type, max_power_kw, ocpp_version, telecom_provider, installation_date) VALUES (80, 'Unknown', 'ETVQFD6HV5PWIC85DVPC', 'ABB', 'Terra 54', 2, 'CCS,Type2', true, 'outdoor', 'DC', 'three-phase', 50.0, '1.6', 'Movistar', '2023-01-01');
INSERT INTO CONTRACT (contract_id, type, client_id, charger_id, start_date, end_date, number_of_visits, frequency, status) VALUES (80, 'preventiu', 100, 80, '2024-01-01', '2025-01-01', 4, 'trimestral', 'active');
INSERT INTO VISIT (visit_id, contract_id, technician_id, visit_type, status, planned_date, address, latitude, longitude, location_source, estimated_duration_min) VALUES (80, 80, 1, 'preventiu', 'scheduled', '2024-04-10', 'Plaça De L''església Vella, 1, 43460 Alcover, Tarragona, Spain', 41.2622, 1.171821, 'manual', 120);
INSERT INTO CHARGER (charger_id, name, serial_number, brand, model, number_of_plugs, connector_types, has_rfid, environment, power_type, phase_type, max_power_kw, ocpp_version, telecom_provider, installation_date) VALUES (81, 'Unknown', 'VAARPYYKXTCFPZIWS65H', 'ABB', 'Terra 54', 2, 'CCS,Type2', true, 'outdoor', 'DC', 'three-phase', 50.0, '1.6', 'Movistar', '2023-01-01');
INSERT INTO CONTRACT (contract_id, type, client_id, charger_id, start_date, end_date, number_of_visits, frequency, status) VALUES (81, 'preventiu', 100, 81, '2024-01-01', '2025-01-01', 4, 'trimestral', 'active');
INSERT INTO VISIT (visit_id, contract_id, technician_id, visit_type, status, planned_date, address, latitude, longitude, location_source, estimated_duration_min) VALUES (81, 81, 3, 'preventiu', 'scheduled', '2024-04-10', 'Avinguda De Miquel Martí I Pol, 43, 43460 Alcover, Tarragona, Spain', 41.261284, 1.165329, 'manual', 120);
INSERT INTO CHARGER (charger_id, name, serial_number, brand, model, number_of_plugs, connector_types, has_rfid, environment, power_type, phase_type, max_power_kw, ocpp_version, telecom_provider, installation_date) VALUES (82, 'Unknown', 'NLUYVONK2QCAIIC85CHD', 'ABB', 'Terra 54', 2, 'CCS,Type2', true, 'outdoor', 'DC', 'three-phase', 50.0, '1.6', 'Movistar', '2023-01-01');
INSERT INTO CONTRACT (contract_id, type, client_id, charger_id, start_date, end_date, number_of_visits, frequency, status) VALUES (82, 'preventiu', 100, 82, '2024-01-01', '2025-01-01', 4, 'trimestral', 'active');
INSERT INTO VISIT (visit_id, contract_id, technician_id, visit_type, status, planned_date, address, latitude, longitude, location_source, estimated_duration_min) VALUES (82, 82, 5, 'diagnosi', 'scheduled', '2024-04-01', 'C/ Joan De Mas 2', 41.980637, 2.309591, 'manual', 60);
INSERT INTO CHARGER (charger_id, name, serial_number, brand, model, number_of_plugs, connector_types, has_rfid, environment, power_type, phase_type, max_power_kw, ocpp_version, telecom_provider, installation_date) VALUES (83, 'Unknown', '02EANTFGB7B77YYMUHVT', 'ABB', 'Terra 54', 2, 'CCS,Type2', true, 'outdoor', 'DC', 'three-phase', 50.0, '1.6', 'Movistar', '2023-01-01');
INSERT INTO CONTRACT (contract_id, type, client_id, charger_id, start_date, end_date, number_of_visits, frequency, status) VALUES (83, 'preventiu', 100, 83, '2024-01-01', '2025-01-01', 4, 'trimestral', 'active');
INSERT INTO VISIT (visit_id, technician_id, visit_type, status, planned_date, address, latitude, longitude, location_source, estimated_duration_min) VALUES (83, 8, 'posada_en_marxa', 'scheduled', '2024-03-28', 'Ronda Del Pintor Mombrù, 37, 08553 Seva, Barcelona, Spain', 41.83543, 2.279463, 'manual', 180);
INSERT INTO CHARGER (charger_id, name, serial_number, brand, model, number_of_plugs, connector_types, has_rfid, environment, power_type, phase_type, max_power_kw, ocpp_version, telecom_provider, installation_date) VALUES (84, 'Unknown', 'FMLSC1PZRMQCENHSDMJT', 'ABB', 'Terra 54', 2, 'CCS,Type2', true, 'outdoor', 'DC', 'three-phase', 50.0, '1.6', 'Movistar', '2023-01-01');
INSERT INTO CONTRACT (contract_id, type, client_id, charger_id, start_date, end_date, number_of_visits, frequency, status) VALUES (84, 'preventiu', 100, 84, '2024-01-01', '2025-01-01', 4, 'trimestral', 'active');
INSERT INTO VISIT (visit_id, technician_id, visit_type, status, planned_date, address, latitude, longitude, location_source, estimated_duration_min) VALUES (84, 5, 'posada_en_marxa', 'scheduled', '2024-03-28', 'C. Call D''en Camps, 1', 41.838024, 2.280819, 'manual', 180);
INSERT INTO CHARGER (charger_id, name, serial_number, brand, model, number_of_plugs, connector_types, has_rfid, environment, power_type, phase_type, max_power_kw, ocpp_version, telecom_provider, installation_date) VALUES (85, 'Unknown', '7WHVEGV23YR1CTXE3XUH', 'ABB', 'Terra 54', 2, 'CCS,Type2', true, 'outdoor', 'DC', 'three-phase', 50.0, '1.6', 'Movistar', '2023-01-01');
INSERT INTO CONTRACT (contract_id, type, client_id, charger_id, start_date, end_date, number_of_visits, frequency, status) VALUES (85, 'preventiu', 100, 85, '2024-01-01', '2025-01-01', 4, 'trimestral', 'active');
INSERT INTO VISIT (visit_id, contract_id, technician_id, visit_type, status, planned_date, address, latitude, longitude, location_source, estimated_duration_min) VALUES (85, 85, 8, 'preventiu', 'scheduled', '2024-04-10', 'Bar Restaurante Cooperativa, Carretera Valmaña, Km. 2', 41.57556, 0.517052, 'manual', 120);
INSERT INTO CHARGER (charger_id, name, serial_number, brand, model, number_of_plugs, connector_types, has_rfid, environment, power_type, phase_type, max_power_kw, ocpp_version, telecom_provider, installation_date) VALUES (86, 'Unknown', 'PEDF7EAWMZIVHQLL2M7K', 'ABB', 'Terra 54', 2, 'CCS,Type2', true, 'outdoor', 'DC', 'three-phase', 50.0, '1.6', 'Movistar', '2023-01-01');
INSERT INTO CONTRACT (contract_id, type, client_id, charger_id, start_date, end_date, number_of_visits, frequency, status) VALUES (86, 'preventiu', 100, 86, '2024-01-01', '2025-01-01', 4, 'trimestral', 'active');
INSERT INTO VISIT (visit_id, contract_id, technician_id, visit_type, status, planned_date, address, latitude, longitude, location_source, estimated_duration_min) VALUES (86, 86, 4, 'diagnosi', 'scheduled', '2024-04-01', 'Ronda D''europa, 68', 41.232903, 1.736164, 'manual', 60);
INSERT INTO CHARGER (charger_id, name, serial_number, brand, model, number_of_plugs, connector_types, has_rfid, environment, power_type, phase_type, max_power_kw, ocpp_version, telecom_provider, installation_date) VALUES (87, 'Unknown', 'KLWHPYKKGCGBIXOJML0E', 'ABB', 'Terra 54', 2, 'CCS,Type2', true, 'outdoor', 'DC', 'three-phase', 50.0, '1.6', 'Movistar', '2023-01-01');
INSERT INTO CONTRACT (contract_id, type, client_id, charger_id, start_date, end_date, number_of_visits, frequency, status) VALUES (87, 'preventiu', 100, 87, '2024-01-01', '2025-01-01', 4, 'trimestral', 'active');
INSERT INTO VISIT (visit_id, contract_id, technician_id, visit_type, status, planned_date, address, latitude, longitude, location_source, estimated_duration_min) VALUES (87, 87, 9, 'diagnosi', 'scheduled', '2024-04-01', 'Travessia Ctra. València-1', 41.114964, 1.215361, 'manual', 60);
INSERT INTO CHARGER (charger_id, name, serial_number, brand, model, number_of_plugs, connector_types, has_rfid, environment, power_type, phase_type, max_power_kw, ocpp_version, telecom_provider, installation_date) VALUES (88, 'Unknown', 'HC6FVMJTKGVUBNFL9HEG', 'ABB', 'Terra 54', 2, 'CCS,Type2', true, 'outdoor', 'DC', 'three-phase', 50.0, '1.6', 'Movistar', '2023-01-01');
INSERT INTO CONTRACT (contract_id, type, client_id, charger_id, start_date, end_date, number_of_visits, frequency, status) VALUES (88, 'preventiu', 100, 88, '2024-01-01', '2025-01-01', 4, 'trimestral', 'active');
INSERT INTO VISIT (visit_id, contract_id, technician_id, visit_type, status, planned_date, address, latitude, longitude, location_source, estimated_duration_min) VALUES (88, 88, 8, 'diagnosi', 'scheduled', '2024-04-01', 'Carr. Valencia, Km 248', 41.1164, 1.230362, 'manual', 60);
INSERT INTO CHARGER (charger_id, name, serial_number, brand, model, number_of_plugs, connector_types, has_rfid, environment, power_type, phase_type, max_power_kw, ocpp_version, telecom_provider, installation_date) VALUES (89, 'Unknown', 'YJCHQJJ4P7NYAJ0V5LG1', 'ABB', 'Terra 54', 2, 'CCS,Type2', true, 'outdoor', 'DC', 'three-phase', 50.0, '1.6', 'Movistar', '2023-01-01');
INSERT INTO CONTRACT (contract_id, type, client_id, charger_id, start_date, end_date, number_of_visits, frequency, status) VALUES (89, 'preventiu', 100, 89, '2024-01-01', '2025-01-01', 4, 'trimestral', 'active');
INSERT INTO VISIT (visit_id, contract_id, technician_id, visit_type, status, planned_date, address, latitude, longitude, location_source, estimated_duration_min) VALUES (89, 89, 7, 'preventiu', 'scheduled', '2024-04-10', 'Carr. Valencia, 206', 41.115192, 1.218196, 'manual', 120);
INSERT INTO CHARGER (charger_id, name, serial_number, brand, model, number_of_plugs, connector_types, has_rfid, environment, power_type, phase_type, max_power_kw, ocpp_version, telecom_provider, installation_date) VALUES (90, 'Unknown', 'WIVSXNIOFRV94NFK0NZ4', 'ABB', 'Terra 54', 2, 'CCS,Type2', true, 'outdoor', 'DC', 'three-phase', 50.0, '1.6', 'Movistar', '2023-01-01');
INSERT INTO CONTRACT (contract_id, type, client_id, charger_id, start_date, end_date, number_of_visits, frequency, status) VALUES (90, 'preventiu', 100, 90, '2024-01-01', '2025-01-01', 4, 'trimestral', 'active');
INSERT INTO VISIT (visit_id, contract_id, technician_id, visit_type, status, planned_date, address, latitude, longitude, location_source, estimated_duration_min) VALUES (90, 90, 5, 'preventiu', 'scheduled', '2024-04-10', 'Carrer De Cambrils, 0, 43204 Reus, Tarragona', 41.151257, 1.112952, 'manual', 120);
INSERT INTO CHARGER (charger_id, name, serial_number, brand, model, number_of_plugs, connector_types, has_rfid, environment, power_type, phase_type, max_power_kw, ocpp_version, telecom_provider, installation_date) VALUES (91, 'Unknown', 'EHXBUZOBFOY70E8LSLSO', 'ABB', 'Terra 54', 2, 'CCS,Type2', true, 'outdoor', 'DC', 'three-phase', 50.0, '1.6', 'Movistar', '2023-01-01');
INSERT INTO CONTRACT (contract_id, type, client_id, charger_id, start_date, end_date, number_of_visits, frequency, status) VALUES (91, 'preventiu', 100, 91, '2024-01-01', '2025-01-01', 4, 'trimestral', 'active');
INSERT INTO VISIT (visit_id, contract_id, technician_id, visit_type, status, planned_date, address, latitude, longitude, location_source, estimated_duration_min) VALUES (91, 91, 5, 'preventiu', 'scheduled', '2024-04-10', 'C/ Eix Onze De Setembre, 26', 41.929665, 2.245347, 'manual', 120);
INSERT INTO CHARGER (charger_id, name, serial_number, brand, model, number_of_plugs, connector_types, has_rfid, environment, power_type, phase_type, max_power_kw, ocpp_version, telecom_provider, installation_date) VALUES (92, 'Unknown', 'SLDNUE97SVVGUKQXRTQ3', 'ABB', 'Terra 54', 2, 'CCS,Type2', true, 'outdoor', 'DC', 'three-phase', 50.0, '1.6', 'Movistar', '2023-01-01');
INSERT INTO CONTRACT (contract_id, type, client_id, charger_id, start_date, end_date, number_of_visits, frequency, status) VALUES (92, 'preventiu', 100, 92, '2024-01-01', '2025-01-01', 4, 'trimestral', 'active');
INSERT INTO VISIT (visit_id, contract_id, technician_id, visit_type, status, planned_date, address, latitude, longitude, location_source, estimated_duration_min) VALUES (92, 92, 3, 'preventiu', 'scheduled', '2024-04-10', 'Carrer Nou, 217', 42.256325, 2.969787, 'manual', 120);
INSERT INTO CHARGER (charger_id, name, serial_number, brand, model, number_of_plugs, connector_types, has_rfid, environment, power_type, phase_type, max_power_kw, ocpp_version, telecom_provider, installation_date) VALUES (93, 'Unknown', '3F9JCHHXLHL5XPGXX1DM', 'ABB', 'Terra 54', 2, 'CCS,Type2', true, 'outdoor', 'DC', 'three-phase', 50.0, '1.6', 'Movistar', '2023-01-01');
INSERT INTO CONTRACT (contract_id, type, client_id, charger_id, start_date, end_date, number_of_visits, frequency, status) VALUES (93, 'preventiu', 100, 93, '2024-01-01', '2025-01-01', 4, 'trimestral', 'active');
INSERT INTO VISIT (visit_id, contract_id, technician_id, visit_type, status, planned_date, address, latitude, longitude, location_source, estimated_duration_min) VALUES (93, 93, 1, 'diagnosi', 'scheduled', '2024-04-01', 'Avinguda De Tarragona, 135', 41.33678, 1.687874, 'manual', 60);
INSERT INTO CHARGER (charger_id, name, serial_number, brand, model, number_of_plugs, connector_types, has_rfid, environment, power_type, phase_type, max_power_kw, ocpp_version, telecom_provider, installation_date) VALUES (94, 'Unknown', 'SM0RJ3W3NY4VHLD4YIER', 'ABB', 'Terra 54', 2, 'CCS,Type2', true, 'outdoor', 'DC', 'three-phase', 50.0, '1.6', 'Movistar', '2023-01-01');
INSERT INTO CONTRACT (contract_id, type, client_id, charger_id, start_date, end_date, number_of_visits, frequency, status) VALUES (94, 'preventiu', 100, 94, '2024-01-01', '2025-01-01', 4, 'trimestral', 'active');
INSERT INTO VISIT (visit_id, contract_id, technician_id, visit_type, status, planned_date, address, latitude, longitude, location_source, estimated_duration_min) VALUES (94, 94, 5, 'preventiu', 'scheduled', '2024-04-10', 'Carr. Valencia, Km 248, 8', 41.116467, 1.230811, 'manual', 120);
INSERT INTO CHARGER (charger_id, name, serial_number, brand, model, number_of_plugs, connector_types, has_rfid, environment, power_type, phase_type, max_power_kw, ocpp_version, telecom_provider, installation_date) VALUES (95, 'Unknown', 'UDID1FNYOX9UT78W8V3Z', 'ABB', 'Terra 54', 2, 'CCS,Type2', true, 'outdoor', 'DC', 'three-phase', 50.0, '1.6', 'Movistar', '2023-01-01');
INSERT INTO CONTRACT (contract_id, type, client_id, charger_id, start_date, end_date, number_of_visits, frequency, status) VALUES (95, 'preventiu', 100, 95, '2024-01-01', '2025-01-01', 4, 'trimestral', 'active');
INSERT INTO VISIT (visit_id, contract_id, technician_id, visit_type, status, planned_date, address, latitude, longitude, location_source, estimated_duration_min) VALUES (95, 95, 5, 'diagnosi', 'scheduled', '2024-04-01', 'Carrer De La Plata, 3', 41.1377, 1.229063, 'manual', 60);
INSERT INTO CHARGER (charger_id, name, serial_number, brand, model, number_of_plugs, connector_types, has_rfid, environment, power_type, phase_type, max_power_kw, ocpp_version, telecom_provider, installation_date) VALUES (96, 'Unknown', 'OMS7LSQJRCQ3BE5HQ1M4', 'ABB', 'Terra 54', 2, 'CCS,Type2', true, 'outdoor', 'DC', 'three-phase', 50.0, '1.6', 'Movistar', '2023-01-01');
INSERT INTO CONTRACT (contract_id, type, client_id, charger_id, start_date, end_date, number_of_visits, frequency, status) VALUES (96, 'preventiu', 100, 96, '2024-01-01', '2025-01-01', 4, 'trimestral', 'active');
INSERT INTO VISIT (visit_id, contract_id, technician_id, visit_type, status, planned_date, address, latitude, longitude, location_source, estimated_duration_min) VALUES (96, 96, 10, 'preventiu', 'scheduled', '2024-04-10', 'Concessionari Vilamòbil', 41.336872, 1.688275, 'manual', 120);
INSERT INTO CHARGER (charger_id, name, serial_number, brand, model, number_of_plugs, connector_types, has_rfid, environment, power_type, phase_type, max_power_kw, ocpp_version, telecom_provider, installation_date) VALUES (97, 'Plaça de l''Ajuntament, 1', '1XVWC9S7TE6102I1MYSB', 'ABB', 'Terra 54', 2, 'CCS,Type2', true, 'outdoor', 'DC', 'three-phase', 50.0, '1.6', 'Movistar', '2023-01-01');
INSERT INTO CONTRACT (contract_id, type, client_id, charger_id, start_date, end_date, number_of_visits, frequency, status) VALUES (97, 'preventiu', 100, 97, '2024-01-01', '2025-01-01', 4, 'trimestral', 'active');
INSERT INTO VISIT (visit_id, contract_id, technician_id, visit_type, status, planned_date, address, latitude, longitude, location_source, estimated_duration_min) VALUES (97, 97, 3, 'preventiu', 'scheduled', '2024-04-10', 'Avinguda De Canovelles, 97, 08420 Canovellas, Barcelona, Spain', 41.62205, 2.277313, 'manual', 120);
INSERT INTO CHARGER (charger_id, name, serial_number, brand, model, number_of_plugs, connector_types, has_rfid, environment, power_type, phase_type, max_power_kw, ocpp_version, telecom_provider, installation_date) VALUES (98, 'Ajuntament de Canovelles - SELBA EdRSR 3', 'S5DTS8PT7ABWGFJL5ZD8', 'ABB', 'Terra 54', 2, 'CCS,Type2', true, 'outdoor', 'DC', 'three-phase', 50.0, '1.6', 'Movistar', '2023-01-01');
INSERT INTO CONTRACT (contract_id, type, client_id, charger_id, start_date, end_date, number_of_visits, frequency, status) VALUES (98, 'preventiu', 100, 98, '2024-01-01', '2025-01-01', 4, 'trimestral', 'active');
INSERT INTO INCIDENCE (incidence_id, charger_id, reported_at, priority, status, description, estimated_duration_min) VALUES (5, 98, '2024-03-26 09:00:00', 3, 'pending', 'Incidència de tipus Non-critical Corrective', 90);
INSERT INTO VISIT (visit_id, incidence_id, technician_id, visit_type, status, planned_date, address, latitude, longitude, location_source, estimated_duration_min) VALUES (98, 5, 7, 'correctiu', 'scheduled', '2024-03-27', 'Carrer Rec, 34', 41.617214, 2.280024, 'gps', 90);
INSERT INTO CHARGER (charger_id, name, serial_number, brand, model, number_of_plugs, connector_types, has_rfid, environment, power_type, phase_type, max_power_kw, ocpp_version, telecom_provider, installation_date) VALUES (99, 'Unknown', 'PVTQA7J2EASAZABMWAJS', 'ABB', 'Terra 54', 2, 'CCS,Type2', true, 'outdoor', 'DC', 'three-phase', 50.0, '1.6', 'Movistar', '2023-01-01');
INSERT INTO CONTRACT (contract_id, type, client_id, charger_id, start_date, end_date, number_of_visits, frequency, status) VALUES (99, 'preventiu', 100, 99, '2024-01-01', '2025-01-01', 4, 'trimestral', 'active');
INSERT INTO VISIT (visit_id, contract_id, technician_id, visit_type, status, planned_date, address, latitude, longitude, location_source, estimated_duration_min) VALUES (99, 99, 9, 'diagnosi', 'scheduled', '2024-04-01', 'Placeta Pujol 40', 42.048332, 2.262815, 'manual', 60);
INSERT INTO CHARGER (charger_id, name, serial_number, brand, model, number_of_plugs, connector_types, has_rfid, environment, power_type, phase_type, max_power_kw, ocpp_version, telecom_provider, installation_date) VALUES (100, 'Unknown', 'MBUKEJEBLVCAZU6384UG', 'ABB', 'Terra 54', 2, 'CCS,Type2', true, 'outdoor', 'DC', 'three-phase', 50.0, '1.6', 'Movistar', '2023-01-01');
INSERT INTO CONTRACT (contract_id, type, client_id, charger_id, start_date, end_date, number_of_visits, frequency, status) VALUES (100, 'preventiu', 100, 100, '2024-01-01', '2025-01-01', 4, 'trimestral', 'active');
INSERT INTO VISIT (visit_id, technician_id, visit_type, status, planned_date, address, latitude, longitude, location_source, estimated_duration_min) VALUES (100, 3, 'posada_en_marxa', 'scheduled', '2024-03-28', 'Passatge Dels Esports S/N', 42.04435, 2.258716, 'manual', 180);
INSERT INTO CHARGER (charger_id, name, serial_number, brand, model, number_of_plugs, connector_types, has_rfid, environment, power_type, phase_type, max_power_kw, ocpp_version, telecom_provider, installation_date) VALUES (101, 'Unknown', 'LJ6NUBHJD8RXHUJ83VAI', 'ABB', 'Terra 54', 2, 'CCS,Type2', true, 'outdoor', 'DC', 'three-phase', 50.0, '1.6', 'Movistar', '2023-01-01');
INSERT INTO CONTRACT (contract_id, type, client_id, charger_id, start_date, end_date, number_of_visits, frequency, status) VALUES (101, 'preventiu', 100, 101, '2024-01-01', '2025-01-01', 4, 'trimestral', 'active');
INSERT INTO VISIT (visit_id, contract_id, technician_id, visit_type, status, planned_date, address, latitude, longitude, location_source, estimated_duration_min) VALUES (101, 101, 2, 'diagnosi', 'scheduled', '2024-04-01', 'Carrer De Pla I Deniel, 13', 41.837803, 2.807591, 'manual', 60);
INSERT INTO CHARGER (charger_id, name, serial_number, brand, model, number_of_plugs, connector_types, has_rfid, environment, power_type, phase_type, max_power_kw, ocpp_version, telecom_provider, installation_date) VALUES (102, 'Unknown', '9LYNEWGIOTMHU3PIPDJJ', 'ABB', 'Terra 54', 2, 'CCS,Type2', true, 'outdoor', 'DC', 'three-phase', 50.0, '1.6', 'Movistar', '2023-01-01');
INSERT INTO CONTRACT (contract_id, type, client_id, charger_id, start_date, end_date, number_of_visits, frequency, status) VALUES (102, 'preventiu', 100, 102, '2024-01-01', '2025-01-01', 4, 'trimestral', 'active');
INSERT INTO VISIT (visit_id, contract_id, technician_id, visit_type, status, planned_date, address, latitude, longitude, location_source, estimated_duration_min) VALUES (102, 102, 1, 'preventiu', 'scheduled', '2024-04-10', 'Carrer Nou, 60', 41.835743, 2.808608, 'manual', 120);
INSERT INTO CHARGER (charger_id, name, serial_number, brand, model, number_of_plugs, connector_types, has_rfid, environment, power_type, phase_type, max_power_kw, ocpp_version, telecom_provider, installation_date) VALUES (103, 'Unknown', 'O9TD9WIQGXOKPZUM27SM', 'ABB', 'Terra 54', 2, 'CCS,Type2', true, 'outdoor', 'DC', 'three-phase', 50.0, '1.6', 'Movistar', '2023-01-01');
INSERT INTO CONTRACT (contract_id, type, client_id, charger_id, start_date, end_date, number_of_visits, frequency, status) VALUES (103, 'preventiu', 100, 103, '2024-01-01', '2025-01-01', 4, 'trimestral', 'active');
INSERT INTO VISIT (visit_id, technician_id, visit_type, status, planned_date, address, latitude, longitude, location_source, estimated_duration_min) VALUES (103, 5, 'posada_en_marxa', 'scheduled', '2024-03-28', 'Carrer De Vall-Llobera, 17', 41.838642, 2.808712, 'manual', 180);
INSERT INTO CHARGER (charger_id, name, serial_number, brand, model, number_of_plugs, connector_types, has_rfid, environment, power_type, phase_type, max_power_kw, ocpp_version, telecom_provider, installation_date) VALUES (104, 'Unknown', '7GQEP7VIXDVAJTNM3EL8', 'ABB', 'Terra 54', 2, 'CCS,Type2', true, 'outdoor', 'DC', 'three-phase', 50.0, '1.6', 'Movistar', '2023-01-01');
INSERT INTO CONTRACT (contract_id, type, client_id, charger_id, start_date, end_date, number_of_visits, frequency, status) VALUES (104, 'preventiu', 100, 104, '2024-01-01', '2025-01-01', 4, 'trimestral', 'active');
INSERT INTO VISIT (visit_id, contract_id, technician_id, visit_type, status, planned_date, address, latitude, longitude, location_source, estimated_duration_min) VALUES (104, 104, 2, 'diagnosi', 'scheduled', '2024-04-01', 'Carrer Pau Clarís', 41.750248, 1.9033, 'manual', 60);
INSERT INTO CHARGER (charger_id, name, serial_number, brand, model, number_of_plugs, connector_types, has_rfid, environment, power_type, phase_type, max_power_kw, ocpp_version, telecom_provider, installation_date) VALUES (105, 'Unknown', 'TWDY7NNW8ZTTPWA1B1LL', 'ABB', 'Terra 54', 2, 'CCS,Type2', true, 'outdoor', 'DC', 'three-phase', 50.0, '1.6', 'Movistar', '2023-01-01');
INSERT INTO CONTRACT (contract_id, type, client_id, charger_id, start_date, end_date, number_of_visits, frequency, status) VALUES (105, 'preventiu', 100, 105, '2024-01-01', '2025-01-01', 4, 'trimestral', 'active');
INSERT INTO INCIDENCE (incidence_id, charger_id, reported_at, priority, status, description, estimated_duration_min) VALUES (6, 105, '2024-03-26 09:00:00', 3, 'pending', 'Incidència de tipus Non-critical Corrective', 90);
INSERT INTO VISIT (visit_id, incidence_id, technician_id, visit_type, status, planned_date, address, latitude, longitude, location_source, estimated_duration_min) VALUES (105, 6, 1, 'correctiu', 'scheduled', '2024-03-27', 'Av. De Daltmar, 38B, 08811 Canyelles, Barcelona, Spain', 41.285545, 1.721297, 'gps', 90);
INSERT INTO CHARGER (charger_id, name, serial_number, brand, model, number_of_plugs, connector_types, has_rfid, environment, power_type, phase_type, max_power_kw, ocpp_version, telecom_provider, installation_date) VALUES (106, 'Unknown', 'EZPVYYJO7O9YYLKNCS8M', 'ABB', 'Terra 54', 2, 'CCS,Type2', true, 'outdoor', 'DC', 'three-phase', 50.0, '1.6', 'Movistar', '2023-01-01');
INSERT INTO CONTRACT (contract_id, type, client_id, charger_id, start_date, end_date, number_of_visits, frequency, status) VALUES (106, 'preventiu', 100, 106, '2024-01-01', '2025-01-01', 4, 'trimestral', 'active');
INSERT INTO VISIT (visit_id, contract_id, technician_id, visit_type, status, planned_date, address, latitude, longitude, location_source, estimated_duration_min) VALUES (106, 106, 10, 'preventiu', 'scheduled', '2024-04-10', 'Av. Del Vallès', 41.62557, 2.362571, 'manual', 120);
INSERT INTO CHARGER (charger_id, name, serial_number, brand, model, number_of_plugs, connector_types, has_rfid, environment, power_type, phase_type, max_power_kw, ocpp_version, telecom_provider, installation_date) VALUES (107, 'Unknown', 'PMLZEG7NVFE4IFITHLD2', 'ABB', 'Terra 54', 2, 'CCS,Type2', true, 'outdoor', 'DC', 'three-phase', 50.0, '1.6', 'Movistar', '2023-01-01');
INSERT INTO CONTRACT (contract_id, type, client_id, charger_id, start_date, end_date, number_of_visits, frequency, status) VALUES (107, 'preventiu', 100, 107, '2024-01-01', '2025-01-01', 4, 'trimestral', 'active');
INSERT INTO VISIT (visit_id, contract_id, technician_id, visit_type, status, planned_date, address, latitude, longitude, location_source, estimated_duration_min) VALUES (107, 107, 10, 'diagnosi', 'scheduled', '2024-04-01', 'Carrer Dr. Klein 106', 41.639225, 2.361024, 'manual', 60);
INSERT INTO CHARGER (charger_id, name, serial_number, brand, model, number_of_plugs, connector_types, has_rfid, environment, power_type, phase_type, max_power_kw, ocpp_version, telecom_provider, installation_date) VALUES (108, 'Unknown', 'Q0FZUBBS6WAPXRAIWXNO', 'ABB', 'Terra 54', 2, 'CCS,Type2', true, 'outdoor', 'DC', 'three-phase', 50.0, '1.6', 'Movistar', '2023-01-01');
INSERT INTO CONTRACT (contract_id, type, client_id, charger_id, start_date, end_date, number_of_visits, frequency, status) VALUES (108, 'preventiu', 100, 108, '2024-01-01', '2025-01-01', 4, 'trimestral', 'active');
INSERT INTO VISIT (visit_id, technician_id, visit_type, status, planned_date, address, latitude, longitude, location_source, estimated_duration_min) VALUES (108, 8, 'posada_en_marxa', 'scheduled', '2024-03-28', 'Carretera De Cànoves, 28', 41.640217, 2.355981, 'manual', 180);
INSERT INTO CHARGER (charger_id, name, serial_number, brand, model, number_of_plugs, connector_types, has_rfid, environment, power_type, phase_type, max_power_kw, ocpp_version, telecom_provider, installation_date) VALUES (109, 'Unknown', 'RN7OARPN5QKZOP6IHK9N', 'ABB', 'Terra 54', 2, 'CCS,Type2', true, 'outdoor', 'DC', 'three-phase', 50.0, '1.6', 'Movistar', '2023-01-01');
INSERT INTO CONTRACT (contract_id, type, client_id, charger_id, start_date, end_date, number_of_visits, frequency, status) VALUES (109, 'preventiu', 100, 109, '2024-01-01', '2025-01-01', 4, 'trimestral', 'active');
INSERT INTO VISIT (visit_id, contract_id, technician_id, visit_type, status, planned_date, address, latitude, longitude, location_source, estimated_duration_min) VALUES (109, 109, 3, 'preventiu', 'scheduled', '2024-04-10', 'Av. Generalitat 13', 40.956844, 0.315549, 'manual', 120);
INSERT INTO CHARGER (charger_id, name, serial_number, brand, model, number_of_plugs, connector_types, has_rfid, environment, power_type, phase_type, max_power_kw, ocpp_version, telecom_provider, installation_date) VALUES (110, 'Unknown', 'QDDTUE5LBZGXG60LYOTV', 'ABB', 'Terra 54', 2, 'CCS,Type2', true, 'outdoor', 'DC', 'three-phase', 50.0, '1.6', 'Movistar', '2023-01-01');
INSERT INTO CONTRACT (contract_id, type, client_id, charger_id, start_date, end_date, number_of_visits, frequency, status) VALUES (110, 'preventiu', 100, 110, '2024-01-01', '2025-01-01', 4, 'trimestral', 'active');
INSERT INTO VISIT (visit_id, contract_id, technician_id, visit_type, status, planned_date, address, latitude, longitude, location_source, estimated_duration_min) VALUES (110, 110, 6, 'preventiu', 'scheduled', '2024-04-10', 'Carrer Del Reg, 6', 41.182938, 0.566697, 'manual', 120);
INSERT INTO CHARGER (charger_id, name, serial_number, brand, model, number_of_plugs, connector_types, has_rfid, environment, power_type, phase_type, max_power_kw, ocpp_version, telecom_provider, installation_date) VALUES (111, 'Unknown', 'ERWTHNJFVZ1TCDGA0H8C', 'ABB', 'Terra 54', 2, 'CCS,Type2', true, 'outdoor', 'DC', 'three-phase', 50.0, '1.6', 'Movistar', '2023-01-01');
INSERT INTO CONTRACT (contract_id, type, client_id, charger_id, start_date, end_date, number_of_visits, frequency, status) VALUES (111, 'preventiu', 100, 111, '2024-01-01', '2025-01-01', 4, 'trimestral', 'active');
INSERT INTO VISIT (visit_id, contract_id, technician_id, visit_type, status, planned_date, address, latitude, longitude, location_source, estimated_duration_min) VALUES (111, 111, 3, 'diagnosi', 'scheduled', '2024-04-01', 'Carrer De L''estadi', 41.188507, 0.567002, 'manual', 60);
INSERT INTO CHARGER (charger_id, name, serial_number, brand, model, number_of_plugs, connector_types, has_rfid, environment, power_type, phase_type, max_power_kw, ocpp_version, telecom_provider, installation_date) VALUES (112, 'Unknown', 'NNX8BLVRODFXPJDGSB32', 'ABB', 'Terra 54', 2, 'CCS,Type2', true, 'outdoor', 'DC', 'three-phase', 50.0, '1.6', 'Movistar', '2023-01-01');
INSERT INTO CONTRACT (contract_id, type, client_id, charger_id, start_date, end_date, number_of_visits, frequency, status) VALUES (112, 'preventiu', 100, 112, '2024-01-01', '2025-01-01', 4, 'trimestral', 'active');
INSERT INTO VISIT (visit_id, contract_id, technician_id, visit_type, status, planned_date, address, latitude, longitude, location_source, estimated_duration_min) VALUES (112, 112, 5, 'preventiu', 'scheduled', '2024-04-10', 'Carrer Diagonal, Barcelona', 41.621002, 2.279463, 'manual', 120);
INSERT INTO CHARGER (charger_id, name, serial_number, brand, model, number_of_plugs, connector_types, has_rfid, environment, power_type, phase_type, max_power_kw, ocpp_version, telecom_provider, installation_date) VALUES (113, 'Unknown', 'VUPOQ8UTYBBZD1GBNDGO', 'ABB', 'Terra 54', 2, 'CCS,Type2', true, 'outdoor', 'DC', 'three-phase', 50.0, '1.6', 'Movistar', '2023-01-01');
INSERT INTO CONTRACT (contract_id, type, client_id, charger_id, start_date, end_date, number_of_visits, frequency, status) VALUES (113, 'preventiu', 100, 113, '2024-01-01', '2025-01-01', 4, 'trimestral', 'active');
INSERT INTO INCIDENCE (incidence_id, charger_id, reported_at, priority, status, description, estimated_duration_min) VALUES (7, 113, '2024-03-26 09:00:00', 3, 'pending', 'Incidència de tipus Non-critical Corrective', 90);
INSERT INTO VISIT (visit_id, incidence_id, technician_id, visit_type, status, planned_date, address, latitude, longitude, location_source, estimated_duration_min) VALUES (113, 7, 6, 'correctiu', 'scheduled', '2024-03-27', 'Avinguda Nostra Senyora De Montserrat, 15, 08504 Sant Julià De Vilatorta, Barcelona, Spain', 41.923798, 2.322932, 'gps', 90);
INSERT INTO CHARGER (charger_id, name, serial_number, brand, model, number_of_plugs, connector_types, has_rfid, environment, power_type, phase_type, max_power_kw, ocpp_version, telecom_provider, installation_date) VALUES (114, 'Unknown', 'WM5MAPUIX15GC2ZNCSWX', 'ABB', 'Terra 54', 2, 'CCS,Type2', true, 'outdoor', 'DC', 'three-phase', 50.0, '1.6', 'Movistar', '2023-01-01');
INSERT INTO CONTRACT (contract_id, type, client_id, charger_id, start_date, end_date, number_of_visits, frequency, status) VALUES (114, 'preventiu', 100, 114, '2024-01-01', '2025-01-01', 4, 'trimestral', 'active');
INSERT INTO VISIT (visit_id, contract_id, technician_id, visit_type, status, planned_date, address, latitude, longitude, location_source, estimated_duration_min) VALUES (114, 114, 6, 'preventiu', 'scheduled', '2024-04-10', 'Plaça De Santa Maria', 41.824203, 1.898686, 'manual', 120);
INSERT INTO CHARGER (charger_id, name, serial_number, brand, model, number_of_plugs, connector_types, has_rfid, environment, power_type, phase_type, max_power_kw, ocpp_version, telecom_provider, installation_date) VALUES (115, 'Unknown', 'T5PTWGEQLZDHRWDZFNSR', 'ABB', 'Terra 54', 2, 'CCS,Type2', true, 'outdoor', 'DC', 'three-phase', 50.0, '1.6', 'Movistar', '2023-01-01');
INSERT INTO CONTRACT (contract_id, type, client_id, charger_id, start_date, end_date, number_of_visits, frequency, status) VALUES (115, 'preventiu', 100, 115, '2024-01-01', '2025-01-01', 4, 'trimestral', 'active');
INSERT INTO VISIT (visit_id, contract_id, technician_id, visit_type, status, planned_date, address, latitude, longitude, location_source, estimated_duration_min) VALUES (115, 115, 9, 'preventiu', 'scheduled', '2024-04-10', 'Plaça Catalunya, 2, 08650 Sallent, Barcelona, Spain', 41.82701, 1.892525, 'manual', 120);
INSERT INTO CHARGER (charger_id, name, serial_number, brand, model, number_of_plugs, connector_types, has_rfid, environment, power_type, phase_type, max_power_kw, ocpp_version, telecom_provider, installation_date) VALUES (116, 'Unknown', 'PUADFEQNHFGLW7JVJO5U', 'ABB', 'Terra 54', 2, 'CCS,Type2', true, 'outdoor', 'DC', 'three-phase', 50.0, '1.6', 'Movistar', '2023-01-01');
INSERT INTO CONTRACT (contract_id, type, client_id, charger_id, start_date, end_date, number_of_visits, frequency, status) VALUES (116, 'preventiu', 100, 116, '2024-01-01', '2025-01-01', 4, 'trimestral', 'active');
INSERT INTO VISIT (visit_id, contract_id, technician_id, visit_type, status, planned_date, address, latitude, longitude, location_source, estimated_duration_min) VALUES (116, 116, 7, 'preventiu', 'scheduled', '2024-04-10', 'Plaça Generalitat 27', 41.665222, 1.860236, 'manual', 120);
INSERT INTO CHARGER (charger_id, name, serial_number, brand, model, number_of_plugs, connector_types, has_rfid, environment, power_type, phase_type, max_power_kw, ocpp_version, telecom_provider, installation_date) VALUES (117, 'Unknown', '5YDA8BKPQY8BZIXSEDFC', 'ABB', 'Terra 54', 2, 'CCS,Type2', true, 'outdoor', 'DC', 'three-phase', 50.0, '1.6', 'Movistar', '2023-01-01');
INSERT INTO CONTRACT (contract_id, type, client_id, charger_id, start_date, end_date, number_of_visits, frequency, status) VALUES (117, 'preventiu', 100, 117, '2024-01-01', '2025-01-01', 4, 'trimestral', 'active');
INSERT INTO VISIT (visit_id, contract_id, technician_id, visit_type, status, planned_date, address, latitude, longitude, location_source, estimated_duration_min) VALUES (117, 117, 2, 'preventiu', 'scheduled', '2024-04-10', 'Plaça Ajuntament, 1', 41.89336, 2.801601, 'manual', 120);
INSERT INTO CHARGER (charger_id, name, serial_number, brand, model, number_of_plugs, connector_types, has_rfid, environment, power_type, phase_type, max_power_kw, ocpp_version, telecom_provider, installation_date) VALUES (118, 'Ajuntament de Malla - SELBA EdRSR 1', '2JZMJ4JYWWY8YO8BDMZT', 'ABB', 'Terra 54', 2, 'CCS,Type2', true, 'outdoor', 'DC', 'three-phase', 50.0, '1.6', 'Movistar', '2023-01-01');
INSERT INTO CONTRACT (contract_id, type, client_id, charger_id, start_date, end_date, number_of_visits, frequency, status) VALUES (118, 'preventiu', 100, 118, '2024-01-01', '2025-01-01', 4, 'trimestral', 'active');
INSERT INTO VISIT (visit_id, technician_id, visit_type, status, planned_date, address, latitude, longitude, location_source, estimated_duration_min) VALUES (118, 2, 'posada_en_marxa', 'scheduled', '2024-03-28', 'Plaça De L''ajuntament', 41.894115, 2.243276, 'manual', 180);
INSERT INTO CHARGER (charger_id, name, serial_number, brand, model, number_of_plugs, connector_types, has_rfid, environment, power_type, phase_type, max_power_kw, ocpp_version, telecom_provider, installation_date) VALUES (119, 'Unknown', '3DFQAC2DRSKODMJKB4X3', 'ABB', 'Terra 54', 2, 'CCS,Type2', true, 'outdoor', 'DC', 'three-phase', 50.0, '1.6', 'Movistar', '2023-01-01');
INSERT INTO CONTRACT (contract_id, type, client_id, charger_id, start_date, end_date, number_of_visits, frequency, status) VALUES (119, 'preventiu', 100, 119, '2024-01-01', '2025-01-01', 4, 'trimestral', 'active');
INSERT INTO VISIT (visit_id, technician_id, visit_type, status, planned_date, address, latitude, longitude, location_source, estimated_duration_min) VALUES (119, 8, 'posada_en_marxa', 'scheduled', '2024-03-28', 'P.º De La Castellana, 31', 40.431507, -3.689979, 'manual', 180);
INSERT INTO CHARGER (charger_id, name, serial_number, brand, model, number_of_plugs, connector_types, has_rfid, environment, power_type, phase_type, max_power_kw, ocpp_version, telecom_provider, installation_date) VALUES (120, 'Unknown', 'ZHVGNWHHFEF6HU0ADMKJ', 'ABB', 'Terra 54', 2, 'CCS,Type2', true, 'outdoor', 'DC', 'three-phase', 50.0, '1.6', 'Movistar', '2023-01-01');
INSERT INTO CONTRACT (contract_id, type, client_id, charger_id, start_date, end_date, number_of_visits, frequency, status) VALUES (120, 'preventiu', 100, 120, '2024-01-01', '2025-01-01', 4, 'trimestral', 'active');
INSERT INTO VISIT (visit_id, contract_id, technician_id, visit_type, status, planned_date, address, latitude, longitude, location_source, estimated_duration_min) VALUES (120, 120, 1, 'preventiu', 'scheduled', '2024-04-10', 'Lloc Barri Camargas, 17A', 41.956966, 3.159175, 'manual', 120);
INSERT INTO CHARGER (charger_id, name, serial_number, brand, model, number_of_plugs, connector_types, has_rfid, environment, power_type, phase_type, max_power_kw, ocpp_version, telecom_provider, installation_date) VALUES (121, 'Unknown', 'BVAJJPUV8WRR0P6HJVME', 'ABB', 'Terra 54', 2, 'CCS,Type2', true, 'outdoor', 'DC', 'three-phase', 50.0, '1.6', 'Movistar', '2023-01-01');
INSERT INTO CONTRACT (contract_id, type, client_id, charger_id, start_date, end_date, number_of_visits, frequency, status) VALUES (121, 'preventiu', 100, 121, '2024-01-01', '2025-01-01', 4, 'trimestral', 'active');
INSERT INTO VISIT (visit_id, contract_id, technician_id, visit_type, status, planned_date, address, latitude, longitude, location_source, estimated_duration_min) VALUES (121, 121, 1, 'diagnosi', 'scheduled', '2024-04-01', 'Ctra. Barcelona, 82', 41.19264, 1.604069, 'manual', 60);
INSERT INTO CHARGER (charger_id, name, serial_number, brand, model, number_of_plugs, connector_types, has_rfid, environment, power_type, phase_type, max_power_kw, ocpp_version, telecom_provider, installation_date) VALUES (122, 'Unknown', 'LOZ8TR0DL9D2KATGCK17', 'ABB', 'Terra 54', 2, 'CCS,Type2', true, 'outdoor', 'DC', 'three-phase', 50.0, '1.6', 'Movistar', '2023-01-01');
INSERT INTO CONTRACT (contract_id, type, client_id, charger_id, start_date, end_date, number_of_visits, frequency, status) VALUES (122, 'preventiu', 100, 122, '2024-01-01', '2025-01-01', 4, 'trimestral', 'active');
INSERT INTO VISIT (visit_id, technician_id, visit_type, status, planned_date, address, latitude, longitude, location_source, estimated_duration_min) VALUES (122, 5, 'posada_en_marxa', 'scheduled', '2024-03-28', 'Carrer De Banyuls, 24-18', 42.39144, 3.002428, 'manual', 180);
INSERT INTO CHARGER (charger_id, name, serial_number, brand, model, number_of_plugs, connector_types, has_rfid, environment, power_type, phase_type, max_power_kw, ocpp_version, telecom_provider, installation_date) VALUES (123, 'Unknown', 'WG1E0ZQVUXT9LDC2H4BE', 'ABB', 'Terra 54', 2, 'CCS,Type2', true, 'outdoor', 'DC', 'three-phase', 50.0, '1.6', 'Movistar', '2023-01-01');
INSERT INTO CONTRACT (contract_id, type, client_id, charger_id, start_date, end_date, number_of_visits, frequency, status) VALUES (123, 'preventiu', 100, 123, '2024-01-01', '2025-01-01', 4, 'trimestral', 'active');
INSERT INTO VISIT (visit_id, technician_id, visit_type, status, planned_date, address, latitude, longitude, location_source, estimated_duration_min) VALUES (123, 3, 'posada_en_marxa', 'scheduled', '2024-03-28', 'Carrer Sant Climent, 27, 17750 Capmany, Girona, Spain', 42.374393, 2.92272, 'manual', 180);
INSERT INTO CHARGER (charger_id, name, serial_number, brand, model, number_of_plugs, connector_types, has_rfid, environment, power_type, phase_type, max_power_kw, ocpp_version, telecom_provider, installation_date) VALUES (124, 'Unknown', 'ILT50BKWIKMUUKKLBW2Z', 'ABB', 'Terra 54', 2, 'CCS,Type2', true, 'outdoor', 'DC', 'three-phase', 50.0, '1.6', 'Movistar', '2023-01-01');
INSERT INTO CONTRACT (contract_id, type, client_id, charger_id, start_date, end_date, number_of_visits, frequency, status) VALUES (124, 'preventiu', 100, 124, '2024-01-01', '2025-01-01', 4, 'trimestral', 'active');
INSERT INTO VISIT (visit_id, contract_id, technician_id, visit_type, status, planned_date, address, latitude, longitude, location_source, estimated_duration_min) VALUES (124, 124, 2, 'preventiu', 'scheduled', '2024-04-10', '2 Plaça Ajuntament, 17700 La Junquera, Girona, Spain', 42.4167, 2.872906, 'manual', 120);
INSERT INTO CHARGER (charger_id, name, serial_number, brand, model, number_of_plugs, connector_types, has_rfid, environment, power_type, phase_type, max_power_kw, ocpp_version, telecom_provider, installation_date) VALUES (125, 'Unknown', 'ZRBYGP2PGD7G1RG1ZFQH', 'ABB', 'Terra 54', 2, 'CCS,Type2', true, 'outdoor', 'DC', 'three-phase', 50.0, '1.6', 'Movistar', '2023-01-01');
INSERT INTO CONTRACT (contract_id, type, client_id, charger_id, start_date, end_date, number_of_visits, frequency, status) VALUES (125, 'preventiu', 100, 125, '2024-01-01', '2025-01-01', 4, 'trimestral', 'active');
INSERT INTO VISIT (visit_id, contract_id, technician_id, visit_type, status, planned_date, address, latitude, longitude, location_source, estimated_duration_min) VALUES (125, 125, 8, 'diagnosi', 'scheduled', '2024-04-01', 'Plaça De Catalunya, 15, 43770 Móra La Nova, Tarragona, Spain', 41.09772, 0.648795, 'manual', 60);
INSERT INTO CHARGER (charger_id, name, serial_number, brand, model, number_of_plugs, connector_types, has_rfid, environment, power_type, phase_type, max_power_kw, ocpp_version, telecom_provider, installation_date) VALUES (126, 'Unknown', 'B1AHFW6O8THGO19NG91G', 'ABB', 'Terra 54', 2, 'CCS,Type2', true, 'outdoor', 'DC', 'three-phase', 50.0, '1.6', 'Movistar', '2023-01-01');
INSERT INTO CONTRACT (contract_id, type, client_id, charger_id, start_date, end_date, number_of_visits, frequency, status) VALUES (126, 'preventiu', 100, 126, '2024-01-01', '2025-01-01', 4, 'trimestral', 'active');
INSERT INTO INCIDENCE (incidence_id, charger_id, reported_at, priority, status, description, estimated_duration_min) VALUES (8, 126, '2024-03-26 09:00:00', 4, 'pending', 'Incidència de tipus Critical Corrective', 90);
INSERT INTO VISIT (visit_id, incidence_id, technician_id, visit_type, status, planned_date, address, latitude, longitude, location_source, estimated_duration_min) VALUES (126, 8, 8, 'correctiu', 'scheduled', '2024-03-27', 'Carrer Imperial Tarraco 2', 41.10044, 0.653326, 'gps', 90);
INSERT INTO CHARGER (charger_id, name, serial_number, brand, model, number_of_plugs, connector_types, has_rfid, environment, power_type, phase_type, max_power_kw, ocpp_version, telecom_provider, installation_date) VALUES (127, 'Unknown', 'Z4YQCYCXHYYNX0HRRQYM', 'ABB', 'Terra 54', 2, 'CCS,Type2', true, 'outdoor', 'DC', 'three-phase', 50.0, '1.6', 'Movistar', '2023-01-01');
INSERT INTO CONTRACT (contract_id, type, client_id, charger_id, start_date, end_date, number_of_visits, frequency, status) VALUES (127, 'preventiu', 100, 127, '2024-01-01', '2025-01-01', 4, 'trimestral', 'active');
INSERT INTO VISIT (visit_id, technician_id, visit_type, status, planned_date, address, latitude, longitude, location_source, estimated_duration_min) VALUES (127, 3, 'posada_en_marxa', 'scheduled', '2024-03-28', 'Av. Dels Benvinguts, 34, 07660 Santanyí, Illes Balears, Spain', 39.379795, 3.226912, 'manual', 180);
INSERT INTO CHARGER (charger_id, name, serial_number, brand, model, number_of_plugs, connector_types, has_rfid, environment, power_type, phase_type, max_power_kw, ocpp_version, telecom_provider, installation_date) VALUES (128, 'Unknown', 'XAA3QV9IWKZUSXX5NAD5', 'ABB', 'Terra 54', 2, 'CCS,Type2', true, 'outdoor', 'DC', 'three-phase', 50.0, '1.6', 'Movistar', '2023-01-01');
INSERT INTO CONTRACT (contract_id, type, client_id, charger_id, start_date, end_date, number_of_visits, frequency, status) VALUES (128, 'preventiu', 100, 128, '2024-01-01', '2025-01-01', 4, 'trimestral', 'active');
INSERT INTO VISIT (visit_id, contract_id, technician_id, visit_type, status, planned_date, address, latitude, longitude, location_source, estimated_duration_min) VALUES (128, 128, 9, 'preventiu', 'scheduled', '2024-04-10', 'Av. De Les Comarques Catalanes, 2, 43740 Móra D''ebre, Tarragona, Spain', 41.08972, 0.643364, 'manual', 120);
INSERT INTO CHARGER (charger_id, name, serial_number, brand, model, number_of_plugs, connector_types, has_rfid, environment, power_type, phase_type, max_power_kw, ocpp_version, telecom_provider, installation_date) VALUES (129, 'Unknown', '3QIFLNAJWBTWFF7CZVNL', 'ABB', 'Terra 54', 2, 'CCS,Type2', true, 'outdoor', 'DC', 'three-phase', 50.0, '1.6', 'Movistar', '2023-01-01');
INSERT INTO CONTRACT (contract_id, type, client_id, charger_id, start_date, end_date, number_of_visits, frequency, status) VALUES (129, 'preventiu', 100, 129, '2024-01-01', '2025-01-01', 4, 'trimestral', 'active');
INSERT INTO VISIT (visit_id, contract_id, technician_id, visit_type, status, planned_date, address, latitude, longitude, location_source, estimated_duration_min) VALUES (129, 129, 3, 'preventiu', 'scheduled', '2024-04-10', 'Carrer Dels Ametllers, 2, 25210 Guissona, Lleida, Spain', 41.783764, 1.28736, 'manual', 120);
INSERT INTO CHARGER (charger_id, name, serial_number, brand, model, number_of_plugs, connector_types, has_rfid, environment, power_type, phase_type, max_power_kw, ocpp_version, telecom_provider, installation_date) VALUES (130, 'Ajuntament de Guissona - SELBA EdRSR 1', '9ZYALEFWF72NIP8JIEXY', 'ABB', 'Terra 54', 2, 'CCS,Type2', true, 'outdoor', 'DC', 'three-phase', 50.0, '1.6', 'Movistar', '2023-01-01');
INSERT INTO CONTRACT (contract_id, type, client_id, charger_id, start_date, end_date, number_of_visits, frequency, status) VALUES (130, 'preventiu', 100, 130, '2024-01-01', '2025-01-01', 4, 'trimestral', 'active');
INSERT INTO VISIT (visit_id, technician_id, visit_type, status, planned_date, address, latitude, longitude, location_source, estimated_duration_min) VALUES (130, 4, 'posada_en_marxa', 'scheduled', '2024-03-28', 'Rambla Dels Segadors, S/N', 41.78422, 1.296582, 'manual', 180);
INSERT INTO CHARGER (charger_id, name, serial_number, brand, model, number_of_plugs, connector_types, has_rfid, environment, power_type, phase_type, max_power_kw, ocpp_version, telecom_provider, installation_date) VALUES (131, 'Unknown', 'YNCC3WYKHMKKNKYUG7WY', 'ABB', 'Terra 54', 2, 'CCS,Type2', true, 'outdoor', 'DC', 'three-phase', 50.0, '1.6', 'Movistar', '2023-01-01');
INSERT INTO CONTRACT (contract_id, type, client_id, charger_id, start_date, end_date, number_of_visits, frequency, status) VALUES (131, 'preventiu', 100, 131, '2024-01-01', '2025-01-01', 4, 'trimestral', 'active');
INSERT INTO VISIT (visit_id, contract_id, technician_id, visit_type, status, planned_date, address, latitude, longitude, location_source, estimated_duration_min) VALUES (131, 131, 1, 'diagnosi', 'scheduled', '2024-04-01', 'Cr C-713, 13,1', 39.648304, 2.756531, 'manual', 60);
INSERT INTO CHARGER (charger_id, name, serial_number, brand, model, number_of_plugs, connector_types, has_rfid, environment, power_type, phase_type, max_power_kw, ocpp_version, telecom_provider, installation_date) VALUES (132, 'Unknown', 'EKJ36TZMECMIXRSFJSM0', 'ABB', 'Terra 54', 2, 'CCS,Type2', true, 'outdoor', 'DC', 'three-phase', 50.0, '1.6', 'Movistar', '2023-01-01');
INSERT INTO CONTRACT (contract_id, type, client_id, charger_id, start_date, end_date, number_of_visits, frequency, status) VALUES (132, 'preventiu', 100, 132, '2024-01-01', '2025-01-01', 4, 'trimestral', 'active');
INSERT INTO VISIT (visit_id, technician_id, visit_type, status, planned_date, address, latitude, longitude, location_source, estimated_duration_min) VALUES (132, 10, 'posada_en_marxa', 'scheduled', '2024-03-28', 'Carrer Gerrers, 52, Parcela 194', 39.625546, 2.723926, 'manual', 180);
INSERT INTO CHARGER (charger_id, name, serial_number, brand, model, number_of_plugs, connector_types, has_rfid, environment, power_type, phase_type, max_power_kw, ocpp_version, telecom_provider, installation_date) VALUES (133, 'Unknown', '9PO9IHK2HJIH5GM7EEIY', 'ABB', 'Terra 54', 2, 'CCS,Type2', true, 'outdoor', 'DC', 'three-phase', 50.0, '1.6', 'Movistar', '2023-01-01');
INSERT INTO CONTRACT (contract_id, type, client_id, charger_id, start_date, end_date, number_of_visits, frequency, status) VALUES (133, 'preventiu', 100, 133, '2024-01-01', '2025-01-01', 4, 'trimestral', 'active');
INSERT INTO VISIT (visit_id, contract_id, technician_id, visit_type, status, planned_date, address, latitude, longitude, location_source, estimated_duration_min) VALUES (133, 133, 6, 'preventiu', 'scheduled', '2024-04-10', 'Carrer De Vic, 101, 08160 Montmeló, Barcelona, Spain', 41.557182, 2.252292, 'manual', 120);
INSERT INTO CHARGER (charger_id, name, serial_number, brand, model, number_of_plugs, connector_types, has_rfid, environment, power_type, phase_type, max_power_kw, ocpp_version, telecom_provider, installation_date) VALUES (134, 'Unknown', 'B3TIK5VS3NVPTF3JOC59', 'ABB', 'Terra 54', 2, 'CCS,Type2', true, 'outdoor', 'DC', 'three-phase', 50.0, '1.6', 'Movistar', '2023-01-01');
INSERT INTO CONTRACT (contract_id, type, client_id, charger_id, start_date, end_date, number_of_visits, frequency, status) VALUES (134, 'preventiu', 100, 134, '2024-01-01', '2025-01-01', 4, 'trimestral', 'active');
INSERT INTO INCIDENCE (incidence_id, charger_id, reported_at, priority, status, description, estimated_duration_min) VALUES (9, 134, '2024-03-26 09:00:00', 4, 'pending', 'Incidència de tipus Critical Corrective', 90);
INSERT INTO VISIT (visit_id, incidence_id, technician_id, visit_type, status, planned_date, address, latitude, longitude, location_source, estimated_duration_min) VALUES (134, 9, 1, 'correctiu', 'scheduled', '2024-03-27', 'Calle Del Gral. Luque, 448,', 39.711952, 2.902039, 'gps', 90);
INSERT INTO CHARGER (charger_id, name, serial_number, brand, model, number_of_plugs, connector_types, has_rfid, environment, power_type, phase_type, max_power_kw, ocpp_version, telecom_provider, installation_date) VALUES (135, 'Unknown', 'FYBZ2Y3LCRLLYWKAMLD8', 'ABB', 'Terra 54', 2, 'CCS,Type2', true, 'outdoor', 'DC', 'three-phase', 50.0, '1.6', 'Movistar', '2023-01-01');
INSERT INTO CONTRACT (contract_id, type, client_id, charger_id, start_date, end_date, number_of_visits, frequency, status) VALUES (135, 'preventiu', 100, 135, '2024-01-01', '2025-01-01', 4, 'trimestral', 'active');
INSERT INTO VISIT (visit_id, contract_id, technician_id, visit_type, status, planned_date, address, latitude, longitude, location_source, estimated_duration_min) VALUES (135, 135, 1, 'preventiu', 'scheduled', '2024-04-10', 'Carr. De Moià, 4, 08660 Balsareny, Barcelona, Spain', 41.861305, 1.873758, 'manual', 120);
INSERT INTO CHARGER (charger_id, name, serial_number, brand, model, number_of_plugs, connector_types, has_rfid, environment, power_type, phase_type, max_power_kw, ocpp_version, telecom_provider, installation_date) VALUES (136, 'Unknown', 'R2RY0OPDYUR33N8G3SF4', 'ABB', 'Terra 54', 2, 'CCS,Type2', true, 'outdoor', 'DC', 'three-phase', 50.0, '1.6', 'Movistar', '2023-01-01');
INSERT INTO CONTRACT (contract_id, type, client_id, charger_id, start_date, end_date, number_of_visits, frequency, status) VALUES (136, 'preventiu', 100, 136, '2024-01-01', '2025-01-01', 4, 'trimestral', 'active');
INSERT INTO VISIT (visit_id, contract_id, technician_id, visit_type, status, planned_date, address, latitude, longitude, location_source, estimated_duration_min) VALUES (136, 136, 10, 'preventiu', 'scheduled', '2024-04-10', 'Passeig D''àngel Guimerà, 28', 41.599754, 2.028403, 'manual', 120);
INSERT INTO CHARGER (charger_id, name, serial_number, brand, model, number_of_plugs, connector_types, has_rfid, environment, power_type, phase_type, max_power_kw, ocpp_version, telecom_provider, installation_date) VALUES (137, 'Unknown', 'EUAA4ZNWNEJ8DSSCQZYW', 'ABB', 'Terra 54', 2, 'CCS,Type2', true, 'outdoor', 'DC', 'three-phase', 50.0, '1.6', 'Movistar', '2023-01-01');
INSERT INTO CONTRACT (contract_id, type, client_id, charger_id, start_date, end_date, number_of_visits, frequency, status) VALUES (137, 'preventiu', 100, 137, '2024-01-01', '2025-01-01', 4, 'trimestral', 'active');
INSERT INTO VISIT (visit_id, contract_id, technician_id, visit_type, status, planned_date, address, latitude, longitude, location_source, estimated_duration_min) VALUES (137, 137, 8, 'diagnosi', 'scheduled', '2024-04-01', 'Passeig Estació, 33D, 43550 Ulldecona, Tarragona, Spain', 40.596043, 0.449434, 'manual', 60);
INSERT INTO CHARGER (charger_id, name, serial_number, brand, model, number_of_plugs, connector_types, has_rfid, environment, power_type, phase_type, max_power_kw, ocpp_version, telecom_provider, installation_date) VALUES (138, 'Urban T22 - C/ Joan Paloma - CIRCUTOR EdRSR - Ajuntament de  Matadepera', 'Y1UPGCHFGISMOK3JV8AY', 'ABB', 'Terra 54', 2, 'CCS,Type2', true, 'outdoor', 'DC', 'three-phase', 50.0, '1.6', 'Movistar', '2023-01-01');
INSERT INTO CONTRACT (contract_id, type, client_id, charger_id, start_date, end_date, number_of_visits, frequency, status) VALUES (138, 'preventiu', 100, 138, '2024-01-01', '2025-01-01', 4, 'trimestral', 'active');
INSERT INTO VISIT (visit_id, contract_id, technician_id, visit_type, status, planned_date, address, latitude, longitude, location_source, estimated_duration_min) VALUES (138, 138, 4, 'preventiu', 'scheduled', '2024-04-10', 'Plaça Ajuntament, 08230, Barcelona', 41.59697, 2.026501, 'manual', 120);
INSERT INTO CHARGER (charger_id, name, serial_number, brand, model, number_of_plugs, connector_types, has_rfid, environment, power_type, phase_type, max_power_kw, ocpp_version, telecom_provider, installation_date) VALUES (139, 'Ajuntament de  Matadepera - CIRCUTOR EdRSR 2', '5NZGPL7H10C6FV4PIAMS', 'ABB', 'Terra 54', 2, 'CCS,Type2', true, 'outdoor', 'DC', 'three-phase', 50.0, '1.6', 'Movistar', '2023-01-01');
INSERT INTO CONTRACT (contract_id, type, client_id, charger_id, start_date, end_date, number_of_visits, frequency, status) VALUES (139, 'preventiu', 100, 139, '2024-01-01', '2025-01-01', 4, 'trimestral', 'active');
INSERT INTO VISIT (visit_id, contract_id, technician_id, visit_type, status, planned_date, address, latitude, longitude, location_source, estimated_duration_min) VALUES (139, 139, 6, 'preventiu', 'scheduled', '2024-04-10', 'Av. Mas Sot 38, Amb C. St Quirze,', 41.59591, 2.030154, 'manual', 120);
INSERT INTO CHARGER (charger_id, name, serial_number, brand, model, number_of_plugs, connector_types, has_rfid, environment, power_type, phase_type, max_power_kw, ocpp_version, telecom_provider, installation_date) VALUES (140, 'Unknown', 'ZLL5EUQKGMC1HLMFHN5W', 'ABB', 'Terra 54', 2, 'CCS,Type2', true, 'outdoor', 'DC', 'three-phase', 50.0, '1.6', 'Movistar', '2023-01-01');
INSERT INTO CONTRACT (contract_id, type, client_id, charger_id, start_date, end_date, number_of_visits, frequency, status) VALUES (140, 'preventiu', 100, 140, '2024-01-01', '2025-01-01', 4, 'trimestral', 'active');
INSERT INTO VISIT (visit_id, contract_id, technician_id, visit_type, status, planned_date, address, latitude, longitude, location_source, estimated_duration_min) VALUES (140, 140, 1, 'preventiu', 'scheduled', '2024-04-10', 'Carrer De La Segarra, 4', 41.59913, 2.090367, 'manual', 120);
INSERT INTO CHARGER (charger_id, name, serial_number, brand, model, number_of_plugs, connector_types, has_rfid, environment, power_type, phase_type, max_power_kw, ocpp_version, telecom_provider, installation_date) VALUES (141, 'Unknown', 'OXRDJ891ROLLDQOXQV3M', 'ABB', 'Terra 54', 2, 'CCS,Type2', true, 'outdoor', 'DC', 'three-phase', 50.0, '1.6', 'Movistar', '2023-01-01');
INSERT INTO CONTRACT (contract_id, type, client_id, charger_id, start_date, end_date, number_of_visits, frequency, status) VALUES (141, 'preventiu', 100, 141, '2024-01-01', '2025-01-01', 4, 'trimestral', 'active');
INSERT INTO VISIT (visit_id, contract_id, technician_id, visit_type, status, planned_date, address, latitude, longitude, location_source, estimated_duration_min) VALUES (141, 141, 4, 'preventiu', 'scheduled', '2024-04-10', 'Carrer De La Segarra, 4', 41.599117, 2.090367, 'manual', 120);
INSERT INTO CHARGER (charger_id, name, serial_number, brand, model, number_of_plugs, connector_types, has_rfid, environment, power_type, phase_type, max_power_kw, ocpp_version, telecom_provider, installation_date) VALUES (142, 'Unknown', 'U7MEB1JUL1PB1UXVBBGE', 'ABB', 'Terra 54', 2, 'CCS,Type2', true, 'outdoor', 'DC', 'three-phase', 50.0, '1.6', 'Movistar', '2023-01-01');
INSERT INTO CONTRACT (contract_id, type, client_id, charger_id, start_date, end_date, number_of_visits, frequency, status) VALUES (142, 'preventiu', 100, 142, '2024-01-01', '2025-01-01', 4, 'trimestral', 'active');
INSERT INTO VISIT (visit_id, contract_id, technician_id, visit_type, status, planned_date, address, latitude, longitude, location_source, estimated_duration_min) VALUES (142, 142, 8, 'diagnosi', 'scheduled', '2024-04-01', 'Carr. De Montblanc, 8B, 43420 Santa Coloma De Queralt, Tarragona, Spain', 41.531235, 1.381736, 'manual', 60);
INSERT INTO CHARGER (charger_id, name, serial_number, brand, model, number_of_plugs, connector_types, has_rfid, environment, power_type, phase_type, max_power_kw, ocpp_version, telecom_provider, installation_date) VALUES (143, 'Unknown', 'PBTBBIA7UZV8FHUBTLNY', 'ABB', 'Terra 54', 2, 'CCS,Type2', true, 'outdoor', 'DC', 'three-phase', 50.0, '1.6', 'Movistar', '2023-01-01');
INSERT INTO CONTRACT (contract_id, type, client_id, charger_id, start_date, end_date, number_of_visits, frequency, status) VALUES (143, 'preventiu', 100, 143, '2024-01-01', '2025-01-01', 4, 'trimestral', 'active');
INSERT INTO VISIT (visit_id, contract_id, technician_id, visit_type, status, planned_date, address, latitude, longitude, location_source, estimated_duration_min) VALUES (143, 143, 4, 'preventiu', 'scheduled', '2024-04-10', 'Carrer De La Segarra, 4', 41.59911, 2.090367, 'manual', 120);
INSERT INTO CHARGER (charger_id, name, serial_number, brand, model, number_of_plugs, connector_types, has_rfid, environment, power_type, phase_type, max_power_kw, ocpp_version, telecom_provider, installation_date) VALUES (144, 'Unknown', 'H7TTHFW6JYC1IDGIT9VF', 'ABB', 'Terra 54', 2, 'CCS,Type2', true, 'outdoor', 'DC', 'three-phase', 50.0, '1.6', 'Movistar', '2023-01-01');
INSERT INTO CONTRACT (contract_id, type, client_id, charger_id, start_date, end_date, number_of_visits, frequency, status) VALUES (144, 'preventiu', 100, 144, '2024-01-01', '2025-01-01', 4, 'trimestral', 'active');
INSERT INTO VISIT (visit_id, contract_id, technician_id, visit_type, status, planned_date, address, latitude, longitude, location_source, estimated_duration_min) VALUES (144, 144, 10, 'diagnosi', 'scheduled', '2024-04-01', 'Carrer De La Segarra, 4', 41.5991, 2.090367, 'manual', 60);
INSERT INTO CHARGER (charger_id, name, serial_number, brand, model, number_of_plugs, connector_types, has_rfid, environment, power_type, phase_type, max_power_kw, ocpp_version, telecom_provider, installation_date) VALUES (145, 'Unknown', '1M5R6GRZJ7Z94HYCJX3H', 'ABB', 'Terra 54', 2, 'CCS,Type2', true, 'outdoor', 'DC', 'three-phase', 50.0, '1.6', 'Movistar', '2023-01-01');
INSERT INTO CONTRACT (contract_id, type, client_id, charger_id, start_date, end_date, number_of_visits, frequency, status) VALUES (145, 'preventiu', 100, 145, '2024-01-01', '2025-01-01', 4, 'trimestral', 'active');
INSERT INTO VISIT (visit_id, contract_id, technician_id, visit_type, status, planned_date, address, latitude, longitude, location_source, estimated_duration_min) VALUES (145, 145, 5, 'preventiu', 'scheduled', '2024-04-10', 'Carrer De La Segarra, 4', 41.599136, 2.090367, 'manual', 120);
INSERT INTO CHARGER (charger_id, name, serial_number, brand, model, number_of_plugs, connector_types, has_rfid, environment, power_type, phase_type, max_power_kw, ocpp_version, telecom_provider, installation_date) VALUES (146, 'Unknown', 'HFQOQ4EXLVGGAOWJI0YA', 'ABB', 'Terra 54', 2, 'CCS,Type2', true, 'outdoor', 'DC', 'three-phase', 50.0, '1.6', 'Movistar', '2023-01-01');
INSERT INTO CONTRACT (contract_id, type, client_id, charger_id, start_date, end_date, number_of_visits, frequency, status) VALUES (146, 'preventiu', 100, 146, '2024-01-01', '2025-01-01', 4, 'trimestral', 'active');
INSERT INTO VISIT (visit_id, contract_id, technician_id, visit_type, status, planned_date, address, latitude, longitude, location_source, estimated_duration_min) VALUES (146, 146, 6, 'preventiu', 'scheduled', '2024-04-10', 'Carrer De La Segarra, 4', 41.599087, 2.090367, 'manual', 120);
INSERT INTO CHARGER (charger_id, name, serial_number, brand, model, number_of_plugs, connector_types, has_rfid, environment, power_type, phase_type, max_power_kw, ocpp_version, telecom_provider, installation_date) VALUES (147, 'Unknown', 'ZHFI4XOEI8BZ2DDWZG2K', 'ABB', 'Terra 54', 2, 'CCS,Type2', true, 'outdoor', 'DC', 'three-phase', 50.0, '1.6', 'Movistar', '2023-01-01');
INSERT INTO CONTRACT (contract_id, type, client_id, charger_id, start_date, end_date, number_of_visits, frequency, status) VALUES (147, 'preventiu', 100, 147, '2024-01-01', '2025-01-01', 4, 'trimestral', 'active');
INSERT INTO VISIT (visit_id, technician_id, visit_type, status, planned_date, address, latitude, longitude, location_source, estimated_duration_min) VALUES (147, 9, 'posada_en_marxa', 'scheduled', '2024-03-28', 'C-150A, 17820 Bañolas, Girona, Spain', 42.12587, 2.762317, 'manual', 180);
INSERT INTO CHARGER (charger_id, name, serial_number, brand, model, number_of_plugs, connector_types, has_rfid, environment, power_type, phase_type, max_power_kw, ocpp_version, telecom_provider, installation_date) VALUES (148, 'Unknown', 'DV1EMORBVPWDL4RSOBVV', 'ABB', 'Terra 54', 2, 'CCS,Type2', true, 'outdoor', 'DC', 'three-phase', 50.0, '1.6', 'Movistar', '2023-01-01');
INSERT INTO CONTRACT (contract_id, type, client_id, charger_id, start_date, end_date, number_of_visits, frequency, status) VALUES (148, 'preventiu', 100, 148, '2024-01-01', '2025-01-01', 4, 'trimestral', 'active');
INSERT INTO VISIT (visit_id, contract_id, technician_id, visit_type, status, planned_date, address, latitude, longitude, location_source, estimated_duration_min) VALUES (148, 148, 6, 'diagnosi', 'scheduled', '2024-04-01', 'Passeig De Mossèn Lluís Constans, 4, 17820 Banyoles, Girona, Spain', 42.117718, 2.756792, 'manual', 60);
INSERT INTO CHARGER (charger_id, name, serial_number, brand, model, number_of_plugs, connector_types, has_rfid, environment, power_type, phase_type, max_power_kw, ocpp_version, telecom_provider, installation_date) VALUES (149, 'Ajuntament de Banyoles - SELBA EdRSR 2', 'U38JSHGM1UO0X74U4HLL', 'ABB', 'Terra 54', 2, 'CCS,Type2', true, 'outdoor', 'DC', 'three-phase', 50.0, '1.6', 'Movistar', '2023-01-01');
INSERT INTO CONTRACT (contract_id, type, client_id, charger_id, start_date, end_date, number_of_visits, frequency, status) VALUES (149, 'preventiu', 100, 149, '2024-01-01', '2025-01-01', 4, 'trimestral', 'active');
INSERT INTO VISIT (visit_id, contract_id, technician_id, visit_type, status, planned_date, address, latitude, longitude, location_source, estimated_duration_min) VALUES (149, 149, 8, 'preventiu', 'scheduled', '2024-04-10', 'Plaça Dels Estudis, 2, 17820 Banyoles, Girona, Spain', 42.11912, 2.764765, 'manual', 120);
INSERT INTO CHARGER (charger_id, name, serial_number, brand, model, number_of_plugs, connector_types, has_rfid, environment, power_type, phase_type, max_power_kw, ocpp_version, telecom_provider, installation_date) VALUES (150, 'Unknown', 'OCXDEKBXSOTWAMKTY2NE', 'ABB', 'Terra 54', 2, 'CCS,Type2', true, 'outdoor', 'DC', 'three-phase', 50.0, '1.6', 'Movistar', '2023-01-01');
INSERT INTO CONTRACT (contract_id, type, client_id, charger_id, start_date, end_date, number_of_visits, frequency, status) VALUES (150, 'preventiu', 100, 150, '2024-01-01', '2025-01-01', 4, 'trimestral', 'active');
INSERT INTO VISIT (visit_id, contract_id, technician_id, visit_type, status, planned_date, address, latitude, longitude, location_source, estimated_duration_min) VALUES (150, 150, 3, 'preventiu', 'scheduled', '2024-04-10', 'Carrer Roger De Flor, 13, 08251 Santpedor, Barcelona, Spain', 41.781673, 1.836865, 'manual', 120);
INSERT INTO CHARGER (charger_id, name, serial_number, brand, model, number_of_plugs, connector_types, has_rfid, environment, power_type, phase_type, max_power_kw, ocpp_version, telecom_provider, installation_date) VALUES (151, 'Unknown', 'ECRUZHIIAGIOZKI33QIN', 'ABB', 'Terra 54', 2, 'CCS,Type2', true, 'outdoor', 'DC', 'three-phase', 50.0, '1.6', 'Movistar', '2023-01-01');
INSERT INTO CONTRACT (contract_id, type, client_id, charger_id, start_date, end_date, number_of_visits, frequency, status) VALUES (151, 'preventiu', 100, 151, '2024-01-01', '2025-01-01', 4, 'trimestral', 'active');
INSERT INTO VISIT (visit_id, contract_id, technician_id, visit_type, status, planned_date, address, latitude, longitude, location_source, estimated_duration_min) VALUES (151, 151, 4, 'preventiu', 'scheduled', '2024-04-10', 'Carrer Marie Curie, 1, 08760 Martorell, Barcelona, Spain', 41.48536, 1.919567, 'manual', 120);
INSERT INTO CHARGER (charger_id, name, serial_number, brand, model, number_of_plugs, connector_types, has_rfid, environment, power_type, phase_type, max_power_kw, ocpp_version, telecom_provider, installation_date) VALUES (152, 'Unknown', 'BQQBXPNWVYXRK4UHHNHJ', 'ABB', 'Terra 54', 2, 'CCS,Type2', true, 'outdoor', 'DC', 'three-phase', 50.0, '1.6', 'Movistar', '2023-01-01');
INSERT INTO CONTRACT (contract_id, type, client_id, charger_id, start_date, end_date, number_of_visits, frequency, status) VALUES (152, 'preventiu', 100, 152, '2024-01-01', '2025-01-01', 4, 'trimestral', 'active');
INSERT INTO VISIT (visit_id, contract_id, technician_id, visit_type, status, planned_date, address, latitude, longitude, location_source, estimated_duration_min) VALUES (152, 152, 3, 'preventiu', 'scheduled', '2024-04-10', 'Avinguda Font De Valldans, 1, 25740 Ponts, Lérida, Spain', 41.915398, 1.18543, 'manual', 120);
INSERT INTO CHARGER (charger_id, name, serial_number, brand, model, number_of_plugs, connector_types, has_rfid, environment, power_type, phase_type, max_power_kw, ocpp_version, telecom_provider, installation_date) VALUES (153, 'Unknown', 'K39EMIBPEK3CQGWUHUXV', 'ABB', 'Terra 54', 2, 'CCS,Type2', true, 'outdoor', 'DC', 'three-phase', 50.0, '1.6', 'Movistar', '2023-01-01');
INSERT INTO CONTRACT (contract_id, type, client_id, charger_id, start_date, end_date, number_of_visits, frequency, status) VALUES (153, 'preventiu', 100, 153, '2024-01-01', '2025-01-01', 4, 'trimestral', 'active');
INSERT INTO VISIT (visit_id, contract_id, technician_id, visit_type, status, planned_date, address, latitude, longitude, location_source, estimated_duration_min) VALUES (153, 153, 7, 'diagnosi', 'scheduled', '2024-04-01', 'Camí De Can Bros, 38, 08760 Martorell, Barcelona, Spain', 41.491707, 1.913204, 'manual', 60);
INSERT INTO CHARGER (charger_id, name, serial_number, brand, model, number_of_plugs, connector_types, has_rfid, environment, power_type, phase_type, max_power_kw, ocpp_version, telecom_provider, installation_date) VALUES (154, 'Unknown', 'IRUBSSX70LXOONWHFP1U', 'ABB', 'Terra 54', 2, 'CCS,Type2', true, 'outdoor', 'DC', 'three-phase', 50.0, '1.6', 'Movistar', '2023-01-01');
INSERT INTO CONTRACT (contract_id, type, client_id, charger_id, start_date, end_date, number_of_visits, frequency, status) VALUES (154, 'preventiu', 100, 154, '2024-01-01', '2025-01-01', 4, 'trimestral', 'active');
INSERT INTO VISIT (visit_id, contract_id, technician_id, visit_type, status, planned_date, address, latitude, longitude, location_source, estimated_duration_min) VALUES (154, 154, 2, 'preventiu', 'scheduled', '2024-04-10', 'Rambla De Les Bòbiles, 14', 41.476974, 1.914794, 'manual', 120);
INSERT INTO CHARGER (charger_id, name, serial_number, brand, model, number_of_plugs, connector_types, has_rfid, environment, power_type, phase_type, max_power_kw, ocpp_version, telecom_provider, installation_date) VALUES (155, 'Unknown', 'DFE0CV0281NGMMCUOOAA', 'ABB', 'Terra 54', 2, 'CCS,Type2', true, 'outdoor', 'DC', 'three-phase', 50.0, '1.6', 'Movistar', '2023-01-01');
INSERT INTO CONTRACT (contract_id, type, client_id, charger_id, start_date, end_date, number_of_visits, frequency, status) VALUES (155, 'preventiu', 100, 155, '2024-01-01', '2025-01-01', 4, 'trimestral', 'active');
INSERT INTO VISIT (visit_id, technician_id, visit_type, status, planned_date, address, latitude, longitude, location_source, estimated_duration_min) VALUES (155, 1, 'posada_en_marxa', 'scheduled', '2024-03-28', 'Carrer De Gelida, 53', 41.471725, 1.911494, 'manual', 180);
INSERT INTO CHARGER (charger_id, name, serial_number, brand, model, number_of_plugs, connector_types, has_rfid, environment, power_type, phase_type, max_power_kw, ocpp_version, telecom_provider, installation_date) VALUES (156, 'Unknown', 'T2SGTVTO99DBTC72FG8M', 'ABB', 'Terra 54', 2, 'CCS,Type2', true, 'outdoor', 'DC', 'three-phase', 50.0, '1.6', 'Movistar', '2023-01-01');
INSERT INTO CONTRACT (contract_id, type, client_id, charger_id, start_date, end_date, number_of_visits, frequency, status) VALUES (156, 'preventiu', 100, 156, '2024-01-01', '2025-01-01', 4, 'trimestral', 'active');
INSERT INTO VISIT (visit_id, contract_id, technician_id, visit_type, status, planned_date, address, latitude, longitude, location_source, estimated_duration_min) VALUES (156, 156, 2, 'diagnosi', 'scheduled', '2024-04-01', 'C. Revall, Barcelona', 41.475666, 1.928167, 'manual', 60);
INSERT INTO CHARGER (charger_id, name, serial_number, brand, model, number_of_plugs, connector_types, has_rfid, environment, power_type, phase_type, max_power_kw, ocpp_version, telecom_provider, installation_date) VALUES (157, 'Unknown', 'BF26TBP9AUUNKYFNEOKI', 'ABB', 'Terra 54', 2, 'CCS,Type2', true, 'outdoor', 'DC', 'three-phase', 50.0, '1.6', 'Movistar', '2023-01-01');
INSERT INTO CONTRACT (contract_id, type, client_id, charger_id, start_date, end_date, number_of_visits, frequency, status) VALUES (157, 'preventiu', 100, 157, '2024-01-01', '2025-01-01', 4, 'trimestral', 'active');
INSERT INTO VISIT (visit_id, contract_id, technician_id, visit_type, status, planned_date, address, latitude, longitude, location_source, estimated_duration_min) VALUES (157, 157, 3, 'preventiu', 'scheduled', '2024-04-10', 'Carrer D''enric Prat De La Riba, 38', 41.482094, 1.91152, 'manual', 120);
INSERT INTO CHARGER (charger_id, name, serial_number, brand, model, number_of_plugs, connector_types, has_rfid, environment, power_type, phase_type, max_power_kw, ocpp_version, telecom_provider, installation_date) VALUES (158, 'Ajuntament de Martorell - SELBA EdRSR 1', 'GCPSPV4Z1JP5X0ZP3DSS', 'ABB', 'Terra 54', 2, 'CCS,Type2', true, 'outdoor', 'DC', 'three-phase', 50.0, '1.6', 'Movistar', '2023-01-01');
INSERT INTO CONTRACT (contract_id, type, client_id, charger_id, start_date, end_date, number_of_visits, frequency, status) VALUES (158, 'preventiu', 100, 158, '2024-01-01', '2025-01-01', 4, 'trimestral', 'active');
INSERT INTO VISIT (visit_id, technician_id, visit_type, status, planned_date, address, latitude, longitude, location_source, estimated_duration_min) VALUES (158, 9, 'posada_en_marxa', 'scheduled', '2024-03-28', 'Av. Francesc Riera, S/N', 41.48087, 1.914528, 'manual', 180);
INSERT INTO CHARGER (charger_id, name, serial_number, brand, model, number_of_plugs, connector_types, has_rfid, environment, power_type, phase_type, max_power_kw, ocpp_version, telecom_provider, installation_date) VALUES (159, 'Ajuntament de Martorell - SELBA EdRSR 2', 'XUMPMS8IW71EQ9PEKVSZ', 'ABB', 'Terra 54', 2, 'CCS,Type2', true, 'outdoor', 'DC', 'three-phase', 50.0, '1.6', 'Movistar', '2023-01-01');
INSERT INTO CONTRACT (contract_id, type, client_id, charger_id, start_date, end_date, number_of_visits, frequency, status) VALUES (159, 'preventiu', 100, 159, '2024-01-01', '2025-01-01', 4, 'trimestral', 'active');
INSERT INTO VISIT (visit_id, technician_id, visit_type, status, planned_date, address, latitude, longitude, location_source, estimated_duration_min) VALUES (159, 5, 'posada_en_marxa', 'scheduled', '2024-03-28', 'Carrer Josep Vilar, S/N, Pavelló Can Cases', 41.484844, 1.913873, 'manual', 180);
INSERT INTO CHARGER (charger_id, name, serial_number, brand, model, number_of_plugs, connector_types, has_rfid, environment, power_type, phase_type, max_power_kw, ocpp_version, telecom_provider, installation_date) VALUES (160, 'Ajuntament de Martorell - SELBA EdRSR 3', 'FGAZYSDCSTSAYKLVRSWO', 'ABB', 'Terra 54', 2, 'CCS,Type2', true, 'outdoor', 'DC', 'three-phase', 50.0, '1.6', 'Movistar', '2023-01-01');
INSERT INTO CONTRACT (contract_id, type, client_id, charger_id, start_date, end_date, number_of_visits, frequency, status) VALUES (160, 'preventiu', 100, 160, '2024-01-01', '2025-01-01', 4, 'trimestral', 'active');
INSERT INTO VISIT (visit_id, contract_id, technician_id, visit_type, status, planned_date, address, latitude, longitude, location_source, estimated_duration_min) VALUES (160, 160, 7, 'preventiu', 'scheduled', '2024-04-10', 'Carrer Nou Vial, S/N', 41.478325, 1.911591, 'manual', 120);
INSERT INTO CHARGER (charger_id, name, serial_number, brand, model, number_of_plugs, connector_types, has_rfid, environment, power_type, phase_type, max_power_kw, ocpp_version, telecom_provider, installation_date) VALUES (161, 'Unknown', 'IEKELUW13WSVOLYRJS6Q', 'ABB', 'Terra 54', 2, 'CCS,Type2', true, 'outdoor', 'DC', 'three-phase', 50.0, '1.6', 'Movistar', '2023-01-01');
INSERT INTO CONTRACT (contract_id, type, client_id, charger_id, start_date, end_date, number_of_visits, frequency, status) VALUES (161, 'preventiu', 100, 161, '2024-01-01', '2025-01-01', 4, 'trimestral', 'active');
INSERT INTO VISIT (visit_id, contract_id, technician_id, visit_type, status, planned_date, address, latitude, longitude, location_source, estimated_duration_min) VALUES (161, 161, 3, 'preventiu', 'scheduled', '2024-04-10', 'Av. Joaquim De Barnola I Bassols, 24,', 41.48068, 1.92429, 'manual', 120);
INSERT INTO CHARGER (charger_id, name, serial_number, brand, model, number_of_plugs, connector_types, has_rfid, environment, power_type, phase_type, max_power_kw, ocpp_version, telecom_provider, installation_date) VALUES (162, 'Unknown', 'MHIIZLIRFKVVB1GGKPNP', 'ABB', 'Terra 54', 2, 'CCS,Type2', true, 'outdoor', 'DC', 'three-phase', 50.0, '1.6', 'Movistar', '2023-01-01');
INSERT INTO CONTRACT (contract_id, type, client_id, charger_id, start_date, end_date, number_of_visits, frequency, status) VALUES (162, 'preventiu', 100, 162, '2024-01-01', '2025-01-01', 4, 'trimestral', 'active');
INSERT INTO VISIT (visit_id, contract_id, technician_id, visit_type, status, planned_date, address, latitude, longitude, location_source, estimated_duration_min) VALUES (162, 162, 10, 'preventiu', 'scheduled', '2024-04-10', 'Av. Mancomunitats Comarcals, 1, 3', 41.4721, 1.920596, 'manual', 120);
INSERT INTO CHARGER (charger_id, name, serial_number, brand, model, number_of_plugs, connector_types, has_rfid, environment, power_type, phase_type, max_power_kw, ocpp_version, telecom_provider, installation_date) VALUES (163, 'Unknown', 'BKTQDJBHPURPBN3HST6U', 'ABB', 'Terra 54', 2, 'CCS,Type2', true, 'outdoor', 'DC', 'three-phase', 50.0, '1.6', 'Movistar', '2023-01-01');
INSERT INTO CONTRACT (contract_id, type, client_id, charger_id, start_date, end_date, number_of_visits, frequency, status) VALUES (163, 'preventiu', 100, 163, '2024-01-01', '2025-01-01', 4, 'trimestral', 'active');
INSERT INTO VISIT (visit_id, contract_id, technician_id, visit_type, status, planned_date, address, latitude, longitude, location_source, estimated_duration_min) VALUES (163, 163, 8, 'diagnosi', 'scheduled', '2024-04-01', 'Avinguda Del Congost, 11', 41.465214, 1.948633, 'manual', 60);
INSERT INTO CHARGER (charger_id, name, serial_number, brand, model, number_of_plugs, connector_types, has_rfid, environment, power_type, phase_type, max_power_kw, ocpp_version, telecom_provider, installation_date) VALUES (164, 'Unknown', 'HTARXCZTTJ087JDQ2QLA', 'ABB', 'Terra 54', 2, 'CCS,Type2', true, 'outdoor', 'DC', 'three-phase', 50.0, '1.6', 'Movistar', '2023-01-01');
INSERT INTO CONTRACT (contract_id, type, client_id, charger_id, start_date, end_date, number_of_visits, frequency, status) VALUES (164, 'preventiu', 100, 164, '2024-01-01', '2025-01-01', 4, 'trimestral', 'active');
INSERT INTO VISIT (visit_id, contract_id, technician_id, visit_type, status, planned_date, address, latitude, longitude, location_source, estimated_duration_min) VALUES (164, 164, 8, 'preventiu', 'scheduled', '2024-04-10', 'Vall Fred, 1, 25280 Solsona, Lleida, Spain', 41.99612, 1.517235, 'manual', 120);
INSERT INTO CHARGER (charger_id, name, serial_number, brand, model, number_of_plugs, connector_types, has_rfid, environment, power_type, phase_type, max_power_kw, ocpp_version, telecom_provider, installation_date) VALUES (165, 'Unknown', '43T1BJSH0ETKN8HYLI7W', 'ABB', 'Terra 54', 2, 'CCS,Type2', true, 'outdoor', 'DC', 'three-phase', 50.0, '1.6', 'Movistar', '2023-01-01');
INSERT INTO CONTRACT (contract_id, type, client_id, charger_id, start_date, end_date, number_of_visits, frequency, status) VALUES (165, 'preventiu', 100, 165, '2024-01-01', '2025-01-01', 4, 'trimestral', 'active');
INSERT INTO VISIT (visit_id, contract_id, technician_id, visit_type, status, planned_date, address, latitude, longitude, location_source, estimated_duration_min) VALUES (165, 165, 3, 'preventiu', 'scheduled', '2024-04-10', 'Plaça Del Camp, 2, 25280 Solsona, Lleida, Spain', 41.993477, 1.515356, 'manual', 120);
INSERT INTO CHARGER (charger_id, name, serial_number, brand, model, number_of_plugs, connector_types, has_rfid, environment, power_type, phase_type, max_power_kw, ocpp_version, telecom_provider, installation_date) VALUES (166, 'Unknown', 'SA86RBFCST3RCR1AEA2P', 'ABB', 'Terra 54', 2, 'CCS,Type2', true, 'outdoor', 'DC', 'three-phase', 50.0, '1.6', 'Movistar', '2023-01-01');
INSERT INTO CONTRACT (contract_id, type, client_id, charger_id, start_date, end_date, number_of_visits, frequency, status) VALUES (166, 'preventiu', 100, 166, '2024-01-01', '2025-01-01', 4, 'trimestral', 'active');
INSERT INTO VISIT (visit_id, contract_id, technician_id, visit_type, status, planned_date, address, latitude, longitude, location_source, estimated_duration_min) VALUES (166, 166, 1, 'diagnosi', 'scheduled', '2024-04-01', 'Carrer D''en Jaume I, 35, 08460 Santa Maria De Palautordera, Barcelona, Spain', 41.695663, 2.440322, 'manual', 60);
INSERT INTO CHARGER (charger_id, name, serial_number, brand, model, number_of_plugs, connector_types, has_rfid, environment, power_type, phase_type, max_power_kw, ocpp_version, telecom_provider, installation_date) VALUES (167, 'Unknown', 'GLOSODBPHRX6Z6AYHXNZ', 'ABB', 'Terra 54', 2, 'CCS,Type2', true, 'outdoor', 'DC', 'three-phase', 50.0, '1.6', 'Movistar', '2023-01-01');
INSERT INTO CONTRACT (contract_id, type, client_id, charger_id, start_date, end_date, number_of_visits, frequency, status) VALUES (167, 'preventiu', 100, 167, '2024-01-01', '2025-01-01', 4, 'trimestral', 'active');
INSERT INTO VISIT (visit_id, contract_id, technician_id, visit_type, status, planned_date, address, latitude, longitude, location_source, estimated_duration_min) VALUES (167, 167, 9, 'diagnosi', 'scheduled', '2024-04-01', 'Diseminado Mas Margall, 11, 17742 Avinyonet De Puigventós, Girona, Spain', 42.250843, 2.910867, 'manual', 60);
INSERT INTO CHARGER (charger_id, name, serial_number, brand, model, number_of_plugs, connector_types, has_rfid, environment, power_type, phase_type, max_power_kw, ocpp_version, telecom_provider, installation_date) VALUES (168, 'Unknown', 'OYQ4MYZFPSQGWMU16DDP', 'ABB', 'Terra 54', 2, 'CCS,Type2', true, 'outdoor', 'DC', 'three-phase', 50.0, '1.6', 'Movistar', '2023-01-01');
INSERT INTO CONTRACT (contract_id, type, client_id, charger_id, start_date, end_date, number_of_visits, frequency, status) VALUES (168, 'preventiu', 100, 168, '2024-01-01', '2025-01-01', 4, 'trimestral', 'active');
INSERT INTO VISIT (visit_id, technician_id, visit_type, status, planned_date, address, latitude, longitude, location_source, estimated_duration_min) VALUES (168, 4, 'posada_en_marxa', 'scheduled', '2024-03-28', 'Carrer Isaac Peral, 13, 43570 Santa Bàrbara, Tarragona, Spain', 40.71757, 0.492192, 'manual', 180);
INSERT INTO CHARGER (charger_id, name, serial_number, brand, model, number_of_plugs, connector_types, has_rfid, environment, power_type, phase_type, max_power_kw, ocpp_version, telecom_provider, installation_date) VALUES (169, 'Unknown', 'C1RCVJM1IHBLM9WCFVN1', 'ABB', 'Terra 54', 2, 'CCS,Type2', true, 'outdoor', 'DC', 'three-phase', 50.0, '1.6', 'Movistar', '2023-01-01');
INSERT INTO CONTRACT (contract_id, type, client_id, charger_id, start_date, end_date, number_of_visits, frequency, status) VALUES (169, 'preventiu', 100, 169, '2024-01-01', '2025-01-01', 4, 'trimestral', 'active');
INSERT INTO VISIT (visit_id, contract_id, technician_id, visit_type, status, planned_date, address, latitude, longitude, location_source, estimated_duration_min) VALUES (169, 169, 4, 'preventiu', 'scheduled', '2024-04-10', 'Carrer Eduard Rifà, 76', 42.006065, 2.294342, 'manual', 120);
INSERT INTO CHARGER (charger_id, name, serial_number, brand, model, number_of_plugs, connector_types, has_rfid, environment, power_type, phase_type, max_power_kw, ocpp_version, telecom_provider, installation_date) VALUES (170, 'Unknown', 'LOFXKLGL6DVQK8C2IVCP', 'ABB', 'Terra 54', 2, 'CCS,Type2', true, 'outdoor', 'DC', 'three-phase', 50.0, '1.6', 'Movistar', '2023-01-01');
INSERT INTO CONTRACT (contract_id, type, client_id, charger_id, start_date, end_date, number_of_visits, frequency, status) VALUES (170, 'preventiu', 100, 170, '2024-01-01', '2025-01-01', 4, 'trimestral', 'active');
INSERT INTO VISIT (visit_id, contract_id, technician_id, visit_type, status, planned_date, address, latitude, longitude, location_source, estimated_duration_min) VALUES (170, 170, 4, 'preventiu', 'scheduled', '2024-04-10', 'T-700, 12, 43440 Espluga De Francolí, Tarragona, Spain', 41.39514, 1.09848, 'manual', 120);
INSERT INTO CHARGER (charger_id, name, serial_number, brand, model, number_of_plugs, connector_types, has_rfid, environment, power_type, phase_type, max_power_kw, ocpp_version, telecom_provider, installation_date) VALUES (171, 'Unknown', 'SCXCPEI04XPOWMPIIWNL', 'ABB', 'Terra 54', 2, 'CCS,Type2', true, 'outdoor', 'DC', 'three-phase', 50.0, '1.6', 'Movistar', '2023-01-01');
INSERT INTO CONTRACT (contract_id, type, client_id, charger_id, start_date, end_date, number_of_visits, frequency, status) VALUES (171, 'preventiu', 100, 171, '2024-01-01', '2025-01-01', 4, 'trimestral', 'active');
INSERT INTO VISIT (visit_id, technician_id, visit_type, status, planned_date, address, latitude, longitude, location_source, estimated_duration_min) VALUES (171, 10, 'posada_en_marxa', 'scheduled', '2024-03-28', 'Carrer Francesc Macià, 29', 41.231365, 0.551513, 'manual', 180);
INSERT INTO CHARGER (charger_id, name, serial_number, brand, model, number_of_plugs, connector_types, has_rfid, environment, power_type, phase_type, max_power_kw, ocpp_version, telecom_provider, installation_date) VALUES (172, 'Unknown', '42MYAGC5FZ9ABV4NLQLM', 'ABB', 'Terra 54', 2, 'CCS,Type2', true, 'outdoor', 'DC', 'three-phase', 50.0, '1.6', 'Movistar', '2023-01-01');
INSERT INTO CONTRACT (contract_id, type, client_id, charger_id, start_date, end_date, number_of_visits, frequency, status) VALUES (172, 'preventiu', 100, 172, '2024-01-01', '2025-01-01', 4, 'trimestral', 'active');
INSERT INTO VISIT (visit_id, contract_id, technician_id, visit_type, status, planned_date, address, latitude, longitude, location_source, estimated_duration_min) VALUES (172, 172, 4, 'preventiu', 'scheduled', '2024-04-10', 'Carrer Major, 43, 43787 Caseres, Tarragona, Spain', 41.040512, 0.25104, 'manual', 120);
INSERT INTO CHARGER (charger_id, name, serial_number, brand, model, number_of_plugs, connector_types, has_rfid, environment, power_type, phase_type, max_power_kw, ocpp_version, telecom_provider, installation_date) VALUES (173, 'Unknown', '48ZCWRDPQHXWVN7QZNM1', 'ABB', 'Terra 54', 2, 'CCS,Type2', true, 'outdoor', 'DC', 'three-phase', 50.0, '1.6', 'Movistar', '2023-01-01');
INSERT INTO CONTRACT (contract_id, type, client_id, charger_id, start_date, end_date, number_of_visits, frequency, status) VALUES (173, 'preventiu', 100, 173, '2024-01-01', '2025-01-01', 4, 'trimestral', 'active');
INSERT INTO VISIT (visit_id, contract_id, technician_id, visit_type, status, planned_date, address, latitude, longitude, location_source, estimated_duration_min) VALUES (173, 173, 9, 'preventiu', 'scheduled', '2024-04-10', 'Carrer Josep Tarradellas, 2, 08757 Corbera De Llobregat, Barcelona, Spain', 41.414997, 1.923611, 'manual', 120);
INSERT INTO CHARGER (charger_id, name, serial_number, brand, model, number_of_plugs, connector_types, has_rfid, environment, power_type, phase_type, max_power_kw, ocpp_version, telecom_provider, installation_date) VALUES (174, 'Unknown', 'ZE37KEDDZRE1UR8A4U4M', 'ABB', 'Terra 54', 2, 'CCS,Type2', true, 'outdoor', 'DC', 'three-phase', 50.0, '1.6', 'Movistar', '2023-01-01');
INSERT INTO CONTRACT (contract_id, type, client_id, charger_id, start_date, end_date, number_of_visits, frequency, status) VALUES (174, 'preventiu', 100, 174, '2024-01-01', '2025-01-01', 4, 'trimestral', 'active');
INSERT INTO VISIT (visit_id, contract_id, technician_id, visit_type, status, planned_date, address, latitude, longitude, location_source, estimated_duration_min) VALUES (174, 174, 7, 'preventiu', 'scheduled', '2024-04-10', 'C. De La Pau, 3', 41.416515, 1.927463, 'manual', 120);
INSERT INTO CHARGER (charger_id, name, serial_number, brand, model, number_of_plugs, connector_types, has_rfid, environment, power_type, phase_type, max_power_kw, ocpp_version, telecom_provider, installation_date) VALUES (175, 'Unknown', 'VJCISF5GZUHMD0IDXFPB', 'ABB', 'Terra 54', 2, 'CCS,Type2', true, 'outdoor', 'DC', 'three-phase', 50.0, '1.6', 'Movistar', '2023-01-01');
INSERT INTO CONTRACT (contract_id, type, client_id, charger_id, start_date, end_date, number_of_visits, frequency, status) VALUES (175, 'preventiu', 100, 175, '2024-01-01', '2025-01-01', 4, 'trimestral', 'active');
INSERT INTO VISIT (visit_id, contract_id, technician_id, visit_type, status, planned_date, address, latitude, longitude, location_source, estimated_duration_min) VALUES (175, 175, 3, 'preventiu', 'scheduled', '2024-04-10', 'Av. De Burgos, 30-42, 08214 Badia Del Vallès, Barcelona, Spain', 41.50906, 2.114064, 'manual', 120);
INSERT INTO CHARGER (charger_id, name, serial_number, brand, model, number_of_plugs, connector_types, has_rfid, environment, power_type, phase_type, max_power_kw, ocpp_version, telecom_provider, installation_date) VALUES (176, 'Unknown', 'LNBSXU8MTS0YG1GOZJFP', 'ABB', 'Terra 54', 2, 'CCS,Type2', true, 'outdoor', 'DC', 'three-phase', 50.0, '1.6', 'Movistar', '2023-01-01');
INSERT INTO CONTRACT (contract_id, type, client_id, charger_id, start_date, end_date, number_of_visits, frequency, status) VALUES (176, 'preventiu', 100, 176, '2024-01-01', '2025-01-01', 4, 'trimestral', 'active');
INSERT INTO VISIT (visit_id, contract_id, technician_id, visit_type, status, planned_date, address, latitude, longitude, location_source, estimated_duration_min) VALUES (176, 176, 7, 'preventiu', 'scheduled', '2024-04-10', 'Carrer Llorenç Vilaró, 7, 25230 Mollerussa, Lleida, Spain', 41.624805, 0.894075, 'manual', 120);
INSERT INTO CHARGER (charger_id, name, serial_number, brand, model, number_of_plugs, connector_types, has_rfid, environment, power_type, phase_type, max_power_kw, ocpp_version, telecom_provider, installation_date) VALUES (177, 'Unknown', 'MTDZUR5KNEIGJKYJGRSF', 'ABB', 'Terra 54', 2, 'CCS,Type2', true, 'outdoor', 'DC', 'three-phase', 50.0, '1.6', 'Movistar', '2023-01-01');
INSERT INTO CONTRACT (contract_id, type, client_id, charger_id, start_date, end_date, number_of_visits, frequency, status) VALUES (177, 'preventiu', 100, 177, '2024-01-01', '2025-01-01', 4, 'trimestral', 'active');
INSERT INTO VISIT (visit_id, contract_id, technician_id, visit_type, status, planned_date, address, latitude, longitude, location_source, estimated_duration_min) VALUES (177, 177, 1, 'diagnosi', 'scheduled', '2024-04-01', 'Camí De Son Rapinya, 30, 07013 Palma, Illes Balears, Spain', 39.584785, 2.618857, 'manual', 60);
INSERT INTO CHARGER (charger_id, name, serial_number, brand, model, number_of_plugs, connector_types, has_rfid, environment, power_type, phase_type, max_power_kw, ocpp_version, telecom_provider, installation_date) VALUES (178, 'Unknown', 'UR05XMK9JKRF2ACILZXG', 'ABB', 'Terra 54', 2, 'CCS,Type2', true, 'outdoor', 'DC', 'three-phase', 50.0, '1.6', 'Movistar', '2023-01-01');
INSERT INTO CONTRACT (contract_id, type, client_id, charger_id, start_date, end_date, number_of_visits, frequency, status) VALUES (178, 'preventiu', 100, 178, '2024-01-01', '2025-01-01', 4, 'trimestral', 'active');
INSERT INTO VISIT (visit_id, contract_id, technician_id, visit_type, status, planned_date, address, latitude, longitude, location_source, estimated_duration_min) VALUES (178, 178, 8, 'diagnosi', 'scheduled', '2024-04-01', 'Carretera D''artà, 111', 39.820515, 3.11475, 'manual', 60);
INSERT INTO CHARGER (charger_id, name, serial_number, brand, model, number_of_plugs, connector_types, has_rfid, environment, power_type, phase_type, max_power_kw, ocpp_version, telecom_provider, installation_date) VALUES (179, 'Unknown', 'PRC6IHUE8LCXEGDQ7O0G', 'ABB', 'Terra 54', 2, 'CCS,Type2', true, 'outdoor', 'DC', 'three-phase', 50.0, '1.6', 'Movistar', '2023-01-01');
INSERT INTO CONTRACT (contract_id, type, client_id, charger_id, start_date, end_date, number_of_visits, frequency, status) VALUES (179, 'preventiu', 100, 179, '2024-01-01', '2025-01-01', 4, 'trimestral', 'active');
INSERT INTO VISIT (visit_id, contract_id, technician_id, visit_type, status, planned_date, address, latitude, longitude, location_source, estimated_duration_min) VALUES (179, 179, 3, 'preventiu', 'scheduled', '2024-04-10', 'Pl. Dels Arbres, 1, 08280 Calaf, Barcelona, Spain', 41.732155, 1.51378, 'manual', 120);
INSERT INTO CHARGER (charger_id, name, serial_number, brand, model, number_of_plugs, connector_types, has_rfid, environment, power_type, phase_type, max_power_kw, ocpp_version, telecom_provider, installation_date) VALUES (180, 'Unknown', '2B6QYLL1PXIBT666WPTF', 'ABB', 'Terra 54', 2, 'CCS,Type2', true, 'outdoor', 'DC', 'three-phase', 50.0, '1.6', 'Movistar', '2023-01-01');
INSERT INTO CONTRACT (contract_id, type, client_id, charger_id, start_date, end_date, number_of_visits, frequency, status) VALUES (180, 'preventiu', 100, 180, '2024-01-01', '2025-01-01', 4, 'trimestral', 'active');
INSERT INTO VISIT (visit_id, contract_id, technician_id, visit_type, status, planned_date, address, latitude, longitude, location_source, estimated_duration_min) VALUES (180, 180, 7, 'preventiu', 'scheduled', '2024-04-10', 'Passeig Del Terrall, 4, 25400 Les Borges Blanques, Lleida, Spain', 41.520054, 0.867339, 'manual', 120);
INSERT INTO CHARGER (charger_id, name, serial_number, brand, model, number_of_plugs, connector_types, has_rfid, environment, power_type, phase_type, max_power_kw, ocpp_version, telecom_provider, installation_date) VALUES (181, 'Unknown', '1TWASUAFGJ6ABHS8TJQL', 'ABB', 'Terra 54', 2, 'CCS,Type2', true, 'outdoor', 'DC', 'three-phase', 50.0, '1.6', 'Movistar', '2023-01-01');
INSERT INTO CONTRACT (contract_id, type, client_id, charger_id, start_date, end_date, number_of_visits, frequency, status) VALUES (181, 'preventiu', 100, 181, '2024-01-01', '2025-01-01', 4, 'trimestral', 'active');
INSERT INTO VISIT (visit_id, contract_id, technician_id, visit_type, status, planned_date, address, latitude, longitude, location_source, estimated_duration_min) VALUES (181, 181, 1, 'diagnosi', 'scheduled', '2024-04-01', 'Carrer Cami Borges, 54, 25430 Juneda, Lleida, Spain', 41.547047, 0.828654, 'manual', 60);
INSERT INTO CHARGER (charger_id, name, serial_number, brand, model, number_of_plugs, connector_types, has_rfid, environment, power_type, phase_type, max_power_kw, ocpp_version, telecom_provider, installation_date) VALUES (182, 'Unknown', 'JXMP7UM6VZ2E3YTAQP85', 'ABB', 'Terra 54', 2, 'CCS,Type2', true, 'outdoor', 'DC', 'three-phase', 50.0, '1.6', 'Movistar', '2023-01-01');
INSERT INTO CONTRACT (contract_id, type, client_id, charger_id, start_date, end_date, number_of_visits, frequency, status) VALUES (182, 'preventiu', 100, 182, '2024-01-01', '2025-01-01', 4, 'trimestral', 'active');
INSERT INTO VISIT (visit_id, contract_id, technician_id, visit_type, status, planned_date, address, latitude, longitude, location_source, estimated_duration_min) VALUES (182, 182, 10, 'diagnosi', 'scheduled', '2024-04-01', 'Ctra. De Valls, 57, 08710 Santa Margarida De Montbui, Barcelona, Spain', 41.574585, 1.60887, 'manual', 60);
INSERT INTO CHARGER (charger_id, name, serial_number, brand, model, number_of_plugs, connector_types, has_rfid, environment, power_type, phase_type, max_power_kw, ocpp_version, telecom_provider, installation_date) VALUES (183, 'Unknown', '4LXDMOFDBHUDS0T5UORK', 'ABB', 'Terra 54', 2, 'CCS,Type2', true, 'outdoor', 'DC', 'three-phase', 50.0, '1.6', 'Movistar', '2023-01-01');
INSERT INTO CONTRACT (contract_id, type, client_id, charger_id, start_date, end_date, number_of_visits, frequency, status) VALUES (183, 'preventiu', 100, 183, '2024-01-01', '2025-01-01', 4, 'trimestral', 'active');
INSERT INTO VISIT (visit_id, contract_id, technician_id, visit_type, status, planned_date, address, latitude, longitude, location_source, estimated_duration_min) VALUES (183, 183, 8, 'diagnosi', 'scheduled', '2024-04-01', 'Calle Víctor Eusa, 1', 42.830006, -1.666899, 'manual', 60);
INSERT INTO CHARGER (charger_id, name, serial_number, brand, model, number_of_plugs, connector_types, has_rfid, environment, power_type, phase_type, max_power_kw, ocpp_version, telecom_provider, installation_date) VALUES (184, 'Unknown', '3DFKIVCZJMY3ZBPMIIUM', 'ABB', 'Terra 54', 2, 'CCS,Type2', true, 'outdoor', 'DC', 'three-phase', 50.0, '1.6', 'Movistar', '2023-01-01');
INSERT INTO CONTRACT (contract_id, type, client_id, charger_id, start_date, end_date, number_of_visits, frequency, status) VALUES (184, 'preventiu', 100, 184, '2024-01-01', '2025-01-01', 4, 'trimestral', 'active');
INSERT INTO VISIT (visit_id, contract_id, technician_id, visit_type, status, planned_date, address, latitude, longitude, location_source, estimated_duration_min) VALUES (184, 184, 8, 'preventiu', 'scheduled', '2024-04-10', 'Plaza Doctor Gortari, S/N', 42.821968, -1.668427, 'manual', 120);
INSERT INTO CHARGER (charger_id, name, serial_number, brand, model, number_of_plugs, connector_types, has_rfid, environment, power_type, phase_type, max_power_kw, ocpp_version, telecom_provider, installation_date) VALUES (185, 'Unknown', 'SLKKCJ7UD846LW7LB8NO', 'ABB', 'Terra 54', 2, 'CCS,Type2', true, 'outdoor', 'DC', 'three-phase', 50.0, '1.6', 'Movistar', '2023-01-01');
INSERT INTO CONTRACT (contract_id, type, client_id, charger_id, start_date, end_date, number_of_visits, frequency, status) VALUES (185, 'preventiu', 100, 185, '2024-01-01', '2025-01-01', 4, 'trimestral', 'active');
INSERT INTO VISIT (visit_id, contract_id, technician_id, visit_type, status, planned_date, address, latitude, longitude, location_source, estimated_duration_min) VALUES (185, 185, 1, 'diagnosi', 'scheduled', '2024-04-01', 'C. Monasterio De Irache, 2', 42.819386, -1.657191, 'manual', 60);
INSERT INTO CHARGER (charger_id, name, serial_number, brand, model, number_of_plugs, connector_types, has_rfid, environment, power_type, phase_type, max_power_kw, ocpp_version, telecom_provider, installation_date) VALUES (186, 'Unknown', 'QHGKXN1I9R3NAT7249F1', 'ABB', 'Terra 54', 2, 'CCS,Type2', true, 'outdoor', 'DC', 'three-phase', 50.0, '1.6', 'Movistar', '2023-01-01');
INSERT INTO CONTRACT (contract_id, type, client_id, charger_id, start_date, end_date, number_of_visits, frequency, status) VALUES (186, 'preventiu', 100, 186, '2024-01-01', '2025-01-01', 4, 'trimestral', 'active');
INSERT INTO VISIT (visit_id, contract_id, technician_id, visit_type, status, planned_date, address, latitude, longitude, location_source, estimated_duration_min) VALUES (186, 186, 4, 'preventiu', 'scheduled', '2024-04-10', 'Av. De Guipúzcoa', 42.830364, -1.667445, 'manual', 120);
INSERT INTO CHARGER (charger_id, name, serial_number, brand, model, number_of_plugs, connector_types, has_rfid, environment, power_type, phase_type, max_power_kw, ocpp_version, telecom_provider, installation_date) VALUES (187, 'Unknown', 'JOMTGVKF17NHP9FHWCFT', 'ABB', 'Terra 54', 2, 'CCS,Type2', true, 'outdoor', 'DC', 'three-phase', 50.0, '1.6', 'Movistar', '2023-01-01');
INSERT INTO CONTRACT (contract_id, type, client_id, charger_id, start_date, end_date, number_of_visits, frequency, status) VALUES (187, 'preventiu', 100, 187, '2024-01-01', '2025-01-01', 4, 'trimestral', 'active');
INSERT INTO VISIT (visit_id, contract_id, technician_id, visit_type, status, planned_date, address, latitude, longitude, location_source, estimated_duration_min) VALUES (187, 187, 10, 'diagnosi', 'scheduled', '2024-04-01', 'Calle De Irunlarrea, 36', 42.81054, -1.672398, 'manual', 60);
INSERT INTO CHARGER (charger_id, name, serial_number, brand, model, number_of_plugs, connector_types, has_rfid, environment, power_type, phase_type, max_power_kw, ocpp_version, telecom_provider, installation_date) VALUES (188, 'Unknown', 'SIHDHXYFWL3KDQJSIJIC', 'ABB', 'Terra 54', 2, 'CCS,Type2', true, 'outdoor', 'DC', 'three-phase', 50.0, '1.6', 'Movistar', '2023-01-01');
INSERT INTO CONTRACT (contract_id, type, client_id, charger_id, start_date, end_date, number_of_visits, frequency, status) VALUES (188, 'preventiu', 100, 188, '2024-01-01', '2025-01-01', 4, 'trimestral', 'active');
INSERT INTO VISIT (visit_id, contract_id, technician_id, visit_type, status, planned_date, address, latitude, longitude, location_source, estimated_duration_min) VALUES (188, 188, 10, 'preventiu', 'scheduled', '2024-04-10', 'C. Tajonar, C2n, 31006 Pamplona, Navarra', 42.80268, -1.63643, 'manual', 120);
INSERT INTO CHARGER (charger_id, name, serial_number, brand, model, number_of_plugs, connector_types, has_rfid, environment, power_type, phase_type, max_power_kw, ocpp_version, telecom_provider, installation_date) VALUES (189, 'Unknown', 'MEC5ZDD47K06FLIHIJBP', 'ABB', 'Terra 54', 2, 'CCS,Type2', true, 'outdoor', 'DC', 'three-phase', 50.0, '1.6', 'Movistar', '2023-01-01');
INSERT INTO CONTRACT (contract_id, type, client_id, charger_id, start_date, end_date, number_of_visits, frequency, status) VALUES (189, 'preventiu', 100, 189, '2024-01-01', '2025-01-01', 4, 'trimestral', 'active');
INSERT INTO VISIT (visit_id, contract_id, technician_id, visit_type, status, planned_date, address, latitude, longitude, location_source, estimated_duration_min) VALUES (189, 189, 10, 'diagnosi', 'scheduled', '2024-04-01', 'Avinguda Del Castell, 1, 08573 Orís, Barcelona, Spain', 42.058098, 2.238844, 'manual', 60);
INSERT INTO CHARGER (charger_id, name, serial_number, brand, model, number_of_plugs, connector_types, has_rfid, environment, power_type, phase_type, max_power_kw, ocpp_version, telecom_provider, installation_date) VALUES (190, 'Unknown', 'XTFWBDSBICZRZ7FLZZ5F', 'ABB', 'Terra 54', 2, 'CCS,Type2', true, 'outdoor', 'DC', 'three-phase', 50.0, '1.6', 'Movistar', '2023-01-01');
INSERT INTO CONTRACT (contract_id, type, client_id, charger_id, start_date, end_date, number_of_visits, frequency, status) VALUES (190, 'preventiu', 100, 190, '2024-01-01', '2025-01-01', 4, 'trimestral', 'active');
INSERT INTO VISIT (visit_id, contract_id, technician_id, visit_type, status, planned_date, address, latitude, longitude, location_source, estimated_duration_min) VALUES (190, 190, 1, 'preventiu', 'scheduled', '2024-04-10', 'Rochapea, C. De Ansoain, 3,', 42.82907, -1.644691, 'manual', 120);
INSERT INTO CHARGER (charger_id, name, serial_number, brand, model, number_of_plugs, connector_types, has_rfid, environment, power_type, phase_type, max_power_kw, ocpp_version, telecom_provider, installation_date) VALUES (191, 'Unknown', 'YDZEPFXTKWUGONROUEM3', 'ABB', 'Terra 54', 2, 'CCS,Type2', true, 'outdoor', 'DC', 'three-phase', 50.0, '1.6', 'Movistar', '2023-01-01');
INSERT INTO CONTRACT (contract_id, type, client_id, charger_id, start_date, end_date, number_of_visits, frequency, status) VALUES (191, 'preventiu', 100, 191, '2024-01-01', '2025-01-01', 4, 'trimestral', 'active');
INSERT INTO VISIT (visit_id, contract_id, technician_id, visit_type, status, planned_date, address, latitude, longitude, location_source, estimated_duration_min) VALUES (191, 191, 2, 'preventiu', 'scheduled', '2024-04-10', 'Avinguda De Catalunya, 68, 43365 Alforja, Tarragona, Spain', 41.21141, 0.978858, 'manual', 120);
INSERT INTO CHARGER (charger_id, name, serial_number, brand, model, number_of_plugs, connector_types, has_rfid, environment, power_type, phase_type, max_power_kw, ocpp_version, telecom_provider, installation_date) VALUES (192, 'Unknown', 'Y8YYKK5PIKP96HC60EQL', 'ABB', 'Terra 54', 2, 'CCS,Type2', true, 'outdoor', 'DC', 'three-phase', 50.0, '1.6', 'Movistar', '2023-01-01');
INSERT INTO CONTRACT (contract_id, type, client_id, charger_id, start_date, end_date, number_of_visits, frequency, status) VALUES (192, 'preventiu', 100, 192, '2024-01-01', '2025-01-01', 4, 'trimestral', 'active');
INSERT INTO VISIT (visit_id, technician_id, visit_type, status, planned_date, address, latitude, longitude, location_source, estimated_duration_min) VALUES (192, 1, 'posada_en_marxa', 'scheduled', '2024-03-28', 'Avinguda De Catalunya, 80', 41.321007, 1.662544, 'manual', 180);
INSERT INTO CHARGER (charger_id, name, serial_number, brand, model, number_of_plugs, connector_types, has_rfid, environment, power_type, phase_type, max_power_kw, ocpp_version, telecom_provider, installation_date) VALUES (193, 'Unknown', 'NNWH1EMMKTU4KKTUSDNM', 'ABB', 'Terra 54', 2, 'CCS,Type2', true, 'outdoor', 'DC', 'three-phase', 50.0, '1.6', 'Movistar', '2023-01-01');
INSERT INTO CONTRACT (contract_id, type, client_id, charger_id, start_date, end_date, number_of_visits, frequency, status) VALUES (193, 'preventiu', 100, 193, '2024-01-01', '2025-01-01', 4, 'trimestral', 'active');
INSERT INTO VISIT (visit_id, contract_id, technician_id, visit_type, status, planned_date, address, latitude, longitude, location_source, estimated_duration_min) VALUES (193, 193, 6, 'diagnosi', 'scheduled', '2024-04-01', 'Carrer D''emma, 13,', 42.102943, 2.216019, 'manual', 60);
INSERT INTO CHARGER (charger_id, name, serial_number, brand, model, number_of_plugs, connector_types, has_rfid, environment, power_type, phase_type, max_power_kw, ocpp_version, telecom_provider, installation_date) VALUES (194, 'Unknown', 'AHDOFAKIGQ3HVEEYNBD3', 'ABB', 'Terra 54', 2, 'CCS,Type2', true, 'outdoor', 'DC', 'three-phase', 50.0, '1.6', 'Movistar', '2023-01-01');
INSERT INTO CONTRACT (contract_id, type, client_id, charger_id, start_date, end_date, number_of_visits, frequency, status) VALUES (194, 'preventiu', 100, 194, '2024-01-01', '2025-01-01', 4, 'trimestral', 'active');
INSERT INTO VISIT (visit_id, contract_id, technician_id, visit_type, status, planned_date, address, latitude, longitude, location_source, estimated_duration_min) VALUES (194, 194, 6, 'preventiu', 'scheduled', '2024-04-10', 'Carrer Mediterrània, 3', 41.481712, 2.269227, 'manual', 120);
INSERT INTO CHARGER (charger_id, name, serial_number, brand, model, number_of_plugs, connector_types, has_rfid, environment, power_type, phase_type, max_power_kw, ocpp_version, telecom_provider, installation_date) VALUES (195, 'Unknown', 'XMRS1F8OZJNCGCNQNC4T', 'ABB', 'Terra 54', 2, 'CCS,Type2', true, 'outdoor', 'DC', 'three-phase', 50.0, '1.6', 'Movistar', '2023-01-01');
INSERT INTO CONTRACT (contract_id, type, client_id, charger_id, start_date, end_date, number_of_visits, frequency, status) VALUES (195, 'preventiu', 100, 195, '2024-01-01', '2025-01-01', 4, 'trimestral', 'active');
INSERT INTO VISIT (visit_id, contract_id, technician_id, visit_type, status, planned_date, address, latitude, longitude, location_source, estimated_duration_min) VALUES (195, 195, 7, 'preventiu', 'scheduled', '2024-04-10', 'C. De L''església, 2', 42.100266, 2.222638, 'manual', 120);
INSERT INTO CHARGER (charger_id, name, serial_number, brand, model, number_of_plugs, connector_types, has_rfid, environment, power_type, phase_type, max_power_kw, ocpp_version, telecom_provider, installation_date) VALUES (196, 'Unknown', 'ODTWJJN6LE2Q3UNROBN6', 'ABB', 'Terra 54', 2, 'CCS,Type2', true, 'outdoor', 'DC', 'three-phase', 50.0, '1.6', 'Movistar', '2023-01-01');
INSERT INTO CONTRACT (contract_id, type, client_id, charger_id, start_date, end_date, number_of_visits, frequency, status) VALUES (196, 'preventiu', 100, 196, '2024-01-01', '2025-01-01', 4, 'trimestral', 'active');
INSERT INTO VISIT (visit_id, contract_id, technician_id, visit_type, status, planned_date, address, latitude, longitude, location_source, estimated_duration_min) VALUES (196, 196, 9, 'preventiu', 'scheduled', '2024-04-10', 'Carrer Joan Miró, 6', 41.96455, 2.737352, 'manual', 120);
INSERT INTO CHARGER (charger_id, name, serial_number, brand, model, number_of_plugs, connector_types, has_rfid, environment, power_type, phase_type, max_power_kw, ocpp_version, telecom_provider, installation_date) VALUES (197, 'Unknown', 'T0CXNRIYIRMCUMVKFQOR', 'ABB', 'Terra 54', 2, 'CCS,Type2', true, 'outdoor', 'DC', 'three-phase', 50.0, '1.6', 'Movistar', '2023-01-01');
INSERT INTO CONTRACT (contract_id, type, client_id, charger_id, start_date, end_date, number_of_visits, frequency, status) VALUES (197, 'preventiu', 100, 197, '2024-01-01', '2025-01-01', 4, 'trimestral', 'active');
INSERT INTO INCIDENCE (incidence_id, charger_id, reported_at, priority, status, description, estimated_duration_min) VALUES (10, 197, '2024-03-26 09:00:00', 3, 'pending', 'Incidència de tipus Non-critical Corrective', 90);
INSERT INTO VISIT (visit_id, incidence_id, technician_id, visit_type, status, planned_date, address, latitude, longitude, location_source, estimated_duration_min) VALUES (197, 10, 2, 'correctiu', 'scheduled', '2024-03-27', 'Avinguda De La Unió, 11,', 41.59803, 1.699689, 'gps', 90);
INSERT INTO CHARGER (charger_id, name, serial_number, brand, model, number_of_plugs, connector_types, has_rfid, environment, power_type, phase_type, max_power_kw, ocpp_version, telecom_provider, installation_date) VALUES (198, 'Unknown', 'L086USI5NVNZWCTGZ9AM', 'ABB', 'Terra 54', 2, 'CCS,Type2', true, 'outdoor', 'DC', 'three-phase', 50.0, '1.6', 'Movistar', '2023-01-01');
INSERT INTO CONTRACT (contract_id, type, client_id, charger_id, start_date, end_date, number_of_visits, frequency, status) VALUES (198, 'preventiu', 100, 198, '2024-01-01', '2025-01-01', 4, 'trimestral', 'active');
INSERT INTO VISIT (visit_id, technician_id, visit_type, status, planned_date, address, latitude, longitude, location_source, estimated_duration_min) VALUES (198, 1, 'posada_en_marxa', 'scheduled', '2024-03-28', 'Carrer De La Carretera, 12', 40.92165, 0.401089, 'manual', 180);
INSERT INTO CHARGER (charger_id, name, serial_number, brand, model, number_of_plugs, connector_types, has_rfid, environment, power_type, phase_type, max_power_kw, ocpp_version, telecom_provider, installation_date) VALUES (199, 'Unknown', 'NBUH6NZGW61TMKG4QI9W', 'ABB', 'Terra 54', 2, 'CCS,Type2', true, 'outdoor', 'DC', 'three-phase', 50.0, '1.6', 'Movistar', '2023-01-01');
INSERT INTO CONTRACT (contract_id, type, client_id, charger_id, start_date, end_date, number_of_visits, frequency, status) VALUES (199, 'preventiu', 100, 199, '2024-01-01', '2025-01-01', 4, 'trimestral', 'active');
INSERT INTO VISIT (visit_id, technician_id, visit_type, status, planned_date, address, latitude, longitude, location_source, estimated_duration_min) VALUES (199, 9, 'posada_en_marxa', 'scheduled', '2024-03-28', 'Carr. De Sentmenat, 70', 41.5546, 2.158704, 'manual', 180);
INSERT INTO CHARGER (charger_id, name, serial_number, brand, model, number_of_plugs, connector_types, has_rfid, environment, power_type, phase_type, max_power_kw, ocpp_version, telecom_provider, installation_date) VALUES (200, 'Unknown', 'DTYCLSH6RJ6UWEKAYUCP', 'ABB', 'Terra 54', 2, 'CCS,Type2', true, 'outdoor', 'DC', 'three-phase', 50.0, '1.6', 'Movistar', '2023-01-01');
INSERT INTO CONTRACT (contract_id, type, client_id, charger_id, start_date, end_date, number_of_visits, frequency, status) VALUES (200, 'preventiu', 100, 200, '2024-01-01', '2025-01-01', 4, 'trimestral', 'active');
INSERT INTO VISIT (visit_id, technician_id, visit_type, status, planned_date, address, latitude, longitude, location_source, estimated_duration_min) VALUES (200, 5, 'posada_en_marxa', 'scheduled', '2024-03-28', 'Carr. De Sentmenat, 141', 41.563026, 2.155133, 'manual', 180);
INSERT INTO CHARGER (charger_id, name, serial_number, brand, model, number_of_plugs, connector_types, has_rfid, environment, power_type, phase_type, max_power_kw, ocpp_version, telecom_provider, installation_date) VALUES (201, 'Unknown', '0NIFZGZTX513JKRXO31B', 'ABB', 'Terra 54', 2, 'CCS,Type2', true, 'outdoor', 'DC', 'three-phase', 50.0, '1.6', 'Movistar', '2023-01-01');
INSERT INTO CONTRACT (contract_id, type, client_id, charger_id, start_date, end_date, number_of_visits, frequency, status) VALUES (201, 'preventiu', 100, 201, '2024-01-01', '2025-01-01', 4, 'trimestral', 'active');
INSERT INTO VISIT (visit_id, contract_id, technician_id, visit_type, status, planned_date, address, latitude, longitude, location_source, estimated_duration_min) VALUES (201, 201, 8, 'preventiu', 'scheduled', '2024-04-10', 'Carrer De La Rosa, 55A', 41.555428, 2.160479, 'manual', 120);
INSERT INTO CHARGER (charger_id, name, serial_number, brand, model, number_of_plugs, connector_types, has_rfid, environment, power_type, phase_type, max_power_kw, ocpp_version, telecom_provider, installation_date) VALUES (202, 'Unknown', 'TVRME5VCP6EEAXLMHDKT', 'ABB', 'Terra 54', 2, 'CCS,Type2', true, 'outdoor', 'DC', 'three-phase', 50.0, '1.6', 'Movistar', '2023-01-01');
INSERT INTO CONTRACT (contract_id, type, client_id, charger_id, start_date, end_date, number_of_visits, frequency, status) VALUES (202, 'preventiu', 100, 202, '2024-01-01', '2025-01-01', 4, 'trimestral', 'active');
INSERT INTO VISIT (visit_id, technician_id, visit_type, status, planned_date, address, latitude, longitude, location_source, estimated_duration_min) VALUES (202, 7, 'posada_en_marxa', 'scheduled', '2024-03-28', 'Carrer Victor Català, 5-1', 41.555058, 2.150274, 'manual', 180);
INSERT INTO CHARGER (charger_id, name, serial_number, brand, model, number_of_plugs, connector_types, has_rfid, environment, power_type, phase_type, max_power_kw, ocpp_version, telecom_provider, installation_date) VALUES (203, 'Unknown', 'TVK3C0RJL0ICB4V67MBU', 'ABB', 'Terra 54', 2, 'CCS,Type2', true, 'outdoor', 'DC', 'three-phase', 50.0, '1.6', 'Movistar', '2023-01-01');
INSERT INTO CONTRACT (contract_id, type, client_id, charger_id, start_date, end_date, number_of_visits, frequency, status) VALUES (203, 'preventiu', 100, 203, '2024-01-01', '2025-01-01', 4, 'trimestral', 'active');
INSERT INTO INCIDENCE (incidence_id, charger_id, reported_at, priority, status, description, estimated_duration_min) VALUES (11, 203, '2024-03-26 09:00:00', 3, 'pending', 'Incidència de tipus Non-critical Corrective', 90);
INSERT INTO VISIT (visit_id, incidence_id, technician_id, visit_type, status, planned_date, address, latitude, longitude, location_source, estimated_duration_min) VALUES (203, 11, 1, 'correctiu', 'scheduled', '2024-03-27', 'Av. Lluis Companys - Balmes', 41.553387, 2.154972, 'gps', 90);
INSERT INTO CHARGER (charger_id, name, serial_number, brand, model, number_of_plugs, connector_types, has_rfid, environment, power_type, phase_type, max_power_kw, ocpp_version, telecom_provider, installation_date) VALUES (204, 'Unknown', 'NUFQI6FSCOIUWWO9WN9U', 'ABB', 'Terra 54', 2, 'CCS,Type2', true, 'outdoor', 'DC', 'three-phase', 50.0, '1.6', 'Movistar', '2023-01-01');
INSERT INTO CONTRACT (contract_id, type, client_id, charger_id, start_date, end_date, number_of_visits, frequency, status) VALUES (204, 'preventiu', 100, 204, '2024-01-01', '2025-01-01', 4, 'trimestral', 'active');
INSERT INTO VISIT (visit_id, contract_id, technician_id, visit_type, status, planned_date, address, latitude, longitude, location_source, estimated_duration_min) VALUES (204, 204, 1, 'diagnosi', 'scheduled', '2024-04-01', 'Avinguda De Sabadell, 11-13', 41.560886, 2.152137, 'manual', 60);
INSERT INTO CHARGER (charger_id, name, serial_number, brand, model, number_of_plugs, connector_types, has_rfid, environment, power_type, phase_type, max_power_kw, ocpp_version, telecom_provider, installation_date) VALUES (205, 'Unknown', 'NDCRVLX0HHQACUKYKLCL', 'ABB', 'Terra 54', 2, 'CCS,Type2', true, 'outdoor', 'DC', 'three-phase', 50.0, '1.6', 'Movistar', '2023-01-01');
INSERT INTO CONTRACT (contract_id, type, client_id, charger_id, start_date, end_date, number_of_visits, frequency, status) VALUES (205, 'preventiu', 100, 205, '2024-01-01', '2025-01-01', 4, 'trimestral', 'active');
INSERT INTO VISIT (visit_id, contract_id, technician_id, visit_type, status, planned_date, address, latitude, longitude, location_source, estimated_duration_min) VALUES (205, 205, 6, 'diagnosi', 'scheduled', '2024-04-01', 'Rambla De Rafael Casanova', 41.553528, 2.157638, 'manual', 60);
INSERT INTO CHARGER (charger_id, name, serial_number, brand, model, number_of_plugs, connector_types, has_rfid, environment, power_type, phase_type, max_power_kw, ocpp_version, telecom_provider, installation_date) VALUES (206, 'Unknown', 'NICALHSJ6MCJYBBL6VQ4', 'ABB', 'Terra 54', 2, 'CCS,Type2', true, 'outdoor', 'DC', 'three-phase', 50.0, '1.6', 'Movistar', '2023-01-01');
INSERT INTO CONTRACT (contract_id, type, client_id, charger_id, start_date, end_date, number_of_visits, frequency, status) VALUES (206, 'preventiu', 100, 206, '2024-01-01', '2025-01-01', 4, 'trimestral', 'active');
INSERT INTO VISIT (visit_id, technician_id, visit_type, status, planned_date, address, latitude, longitude, location_source, estimated_duration_min) VALUES (206, 6, 'posada_en_marxa', 'scheduled', '2024-03-28', 'Ctra. Sagrera, 2', 41.651646, 2.230033, 'manual', 180);
INSERT INTO CHARGER (charger_id, name, serial_number, brand, model, number_of_plugs, connector_types, has_rfid, environment, power_type, phase_type, max_power_kw, ocpp_version, telecom_provider, installation_date) VALUES (207, 'Unknown', '7DXARTSZYQ4Q7XCQHOOB', 'ABB', 'Terra 54', 2, 'CCS,Type2', true, 'outdoor', 'DC', 'three-phase', 50.0, '1.6', 'Movistar', '2023-01-01');
INSERT INTO CONTRACT (contract_id, type, client_id, charger_id, start_date, end_date, number_of_visits, frequency, status) VALUES (207, 'preventiu', 100, 207, '2024-01-01', '2025-01-01', 4, 'trimestral', 'active');
INSERT INTO VISIT (visit_id, technician_id, visit_type, status, planned_date, address, latitude, longitude, location_source, estimated_duration_min) VALUES (207, 4, 'posada_en_marxa', 'scheduled', '2024-03-28', 'Plaça Catalunya, S/N', 41.96873, 3.147312, 'manual', 180);
INSERT INTO CHARGER (charger_id, name, serial_number, brand, model, number_of_plugs, connector_types, has_rfid, environment, power_type, phase_type, max_power_kw, ocpp_version, telecom_provider, installation_date) VALUES (208, 'Unknown', 'DCPHA7LX8IGQBVDUTPIF', 'ABB', 'Terra 54', 2, 'CCS,Type2', true, 'outdoor', 'DC', 'three-phase', 50.0, '1.6', 'Movistar', '2023-01-01');
INSERT INTO CONTRACT (contract_id, type, client_id, charger_id, start_date, end_date, number_of_visits, frequency, status) VALUES (208, 'preventiu', 100, 208, '2024-01-01', '2025-01-01', 4, 'trimestral', 'active');
INSERT INTO VISIT (visit_id, contract_id, technician_id, visit_type, status, planned_date, address, latitude, longitude, location_source, estimated_duration_min) VALUES (208, 208, 8, 'preventiu', 'scheduled', '2024-04-10', 'Ctra. Sagrera, 3', 41.64065, 2.232702, 'manual', 120);
INSERT INTO CHARGER (charger_id, name, serial_number, brand, model, number_of_plugs, connector_types, has_rfid, environment, power_type, phase_type, max_power_kw, ocpp_version, telecom_provider, installation_date) VALUES (209, 'Unknown', 'PKJEVDJ0ASYRU6DBTEEA', 'ABB', 'Terra 54', 2, 'CCS,Type2', true, 'outdoor', 'DC', 'three-phase', 50.0, '1.6', 'Movistar', '2023-01-01');
INSERT INTO CONTRACT (contract_id, type, client_id, charger_id, start_date, end_date, number_of_visits, frequency, status) VALUES (209, 'preventiu', 100, 209, '2024-01-01', '2025-01-01', 4, 'trimestral', 'active');
INSERT INTO VISIT (visit_id, contract_id, technician_id, visit_type, status, planned_date, address, latitude, longitude, location_source, estimated_duration_min) VALUES (209, 209, 2, 'preventiu', 'scheduled', '2024-04-10', 'Plaça Major, 1', 41.24261, 1.249082, 'manual', 120);
INSERT INTO CHARGER (charger_id, name, serial_number, brand, model, number_of_plugs, connector_types, has_rfid, environment, power_type, phase_type, max_power_kw, ocpp_version, telecom_provider, installation_date) VALUES (210, 'Unknown', 'YVBVJVBGZT3Z47G3SOGP', 'ABB', 'Terra 54', 2, 'CCS,Type2', true, 'outdoor', 'DC', 'three-phase', 50.0, '1.6', 'Movistar', '2023-01-01');
INSERT INTO CONTRACT (contract_id, type, client_id, charger_id, start_date, end_date, number_of_visits, frequency, status) VALUES (210, 'preventiu', 100, 210, '2024-01-01', '2025-01-01', 4, 'trimestral', 'active');
INSERT INTO VISIT (visit_id, technician_id, visit_type, status, planned_date, address, latitude, longitude, location_source, estimated_duration_min) VALUES (210, 1, 'posada_en_marxa', 'scheduled', '2024-03-28', 'Parking Aeroport La Seu', 42.337803, 1.405644, 'manual', 180);
INSERT INTO CHARGER (charger_id, name, serial_number, brand, model, number_of_plugs, connector_types, has_rfid, environment, power_type, phase_type, max_power_kw, ocpp_version, telecom_provider, installation_date) VALUES (211, 'Unknown', 'UQTSXL8MDZLNKL6R98LN', 'ABB', 'Terra 54', 2, 'CCS,Type2', true, 'outdoor', 'DC', 'three-phase', 50.0, '1.6', 'Movistar', '2023-01-01');
INSERT INTO CONTRACT (contract_id, type, client_id, charger_id, start_date, end_date, number_of_visits, frequency, status) VALUES (211, 'preventiu', 100, 211, '2024-01-01', '2025-01-01', 4, 'trimestral', 'active');
INSERT INTO INCIDENCE (incidence_id, charger_id, reported_at, priority, status, description, estimated_duration_min) VALUES (12, 211, '2024-03-26 09:00:00', 3, 'pending', 'Incidència de tipus Non-critical Corrective', 90);
INSERT INTO VISIT (visit_id, incidence_id, technician_id, visit_type, status, planned_date, address, latitude, longitude, location_source, estimated_duration_min) VALUES (211, 12, 10, 'correctiu', 'scheduled', '2024-03-27', 'Carrer De Les Escoles', 41.449177, 1.729436, 'gps', 90);
INSERT INTO CHARGER (charger_id, name, serial_number, brand, model, number_of_plugs, connector_types, has_rfid, environment, power_type, phase_type, max_power_kw, ocpp_version, telecom_provider, installation_date) VALUES (212, 'Unknown', 'G2GJVH5WYOYROAEE9JSG', 'ABB', 'Terra 54', 2, 'CCS,Type2', true, 'outdoor', 'DC', 'three-phase', 50.0, '1.6', 'Movistar', '2023-01-01');
INSERT INTO CONTRACT (contract_id, type, client_id, charger_id, start_date, end_date, number_of_visits, frequency, status) VALUES (212, 'preventiu', 100, 212, '2024-01-01', '2025-01-01', 4, 'trimestral', 'active');
INSERT INTO VISIT (visit_id, contract_id, technician_id, visit_type, status, planned_date, address, latitude, longitude, location_source, estimated_duration_min) VALUES (212, 212, 1, 'diagnosi', 'scheduled', '2024-04-01', 'Carrer De Montserrat, 17', 41.444874, 1.730479, 'manual', 60);
INSERT INTO CHARGER (charger_id, name, serial_number, brand, model, number_of_plugs, connector_types, has_rfid, environment, power_type, phase_type, max_power_kw, ocpp_version, telecom_provider, installation_date) VALUES (213, 'Unknown', 'LRF3WWGLAIRFTPKHROIJ', 'ABB', 'Terra 54', 2, 'CCS,Type2', true, 'outdoor', 'DC', 'three-phase', 50.0, '1.6', 'Movistar', '2023-01-01');
INSERT INTO CONTRACT (contract_id, type, client_id, charger_id, start_date, end_date, number_of_visits, frequency, status) VALUES (213, 'preventiu', 100, 213, '2024-01-01', '2025-01-01', 4, 'trimestral', 'active');
INSERT INTO VISIT (visit_id, contract_id, technician_id, visit_type, status, planned_date, address, latitude, longitude, location_source, estimated_duration_min) VALUES (213, 213, 8, 'diagnosi', 'scheduled', '2024-04-01', 'Carrer Pau Casals, 9', 42.25103, 2.996561, 'manual', 60);
INSERT INTO CHARGER (charger_id, name, serial_number, brand, model, number_of_plugs, connector_types, has_rfid, environment, power_type, phase_type, max_power_kw, ocpp_version, telecom_provider, installation_date) VALUES (214, 'Unknown', 'UUPPQO9QZKVQMD5T7LGG', 'ABB', 'Terra 54', 2, 'CCS,Type2', true, 'outdoor', 'DC', 'three-phase', 50.0, '1.6', 'Movistar', '2023-01-01');
INSERT INTO CONTRACT (contract_id, type, client_id, charger_id, start_date, end_date, number_of_visits, frequency, status) VALUES (214, 'preventiu', 100, 214, '2024-01-01', '2025-01-01', 4, 'trimestral', 'active');
INSERT INTO INCIDENCE (incidence_id, charger_id, reported_at, priority, status, description, estimated_duration_min) VALUES (13, 214, '2024-03-26 09:00:00', 4, 'pending', 'Incidència de tipus Critical Corrective', 90);
INSERT INTO VISIT (visit_id, incidence_id, technician_id, visit_type, status, planned_date, address, latitude, longitude, location_source, estimated_duration_min) VALUES (214, 13, 5, 'correctiu', 'scheduled', '2024-03-27', 'Carrer La Carrerada', 41.41505, 1.650047, 'gps', 90);
INSERT INTO CHARGER (charger_id, name, serial_number, brand, model, number_of_plugs, connector_types, has_rfid, environment, power_type, phase_type, max_power_kw, ocpp_version, telecom_provider, installation_date) VALUES (215, 'Unknown', 'HWNXEGWBQJTGDHVMQLLM', 'ABB', 'Terra 54', 2, 'CCS,Type2', true, 'outdoor', 'DC', 'three-phase', 50.0, '1.6', 'Movistar', '2023-01-01');
INSERT INTO CONTRACT (contract_id, type, client_id, charger_id, start_date, end_date, number_of_visits, frequency, status) VALUES (215, 'preventiu', 100, 215, '2024-01-01', '2025-01-01', 4, 'trimestral', 'active');
INSERT INTO VISIT (visit_id, contract_id, technician_id, visit_type, status, planned_date, address, latitude, longitude, location_source, estimated_duration_min) VALUES (215, 215, 4, 'preventiu', 'scheduled', '2024-04-10', 'Lloc Zona Ind. La Banyeta, 8', 42.071793, 2.816868, 'manual', 120);
INSERT INTO CHARGER (charger_id, name, serial_number, brand, model, number_of_plugs, connector_types, has_rfid, environment, power_type, phase_type, max_power_kw, ocpp_version, telecom_provider, installation_date) VALUES (216, 'Unknown', '59GISWFO8GMRDZLEHKOU', 'ABB', 'Terra 54', 2, 'CCS,Type2', true, 'outdoor', 'DC', 'three-phase', 50.0, '1.6', 'Movistar', '2023-01-01');
INSERT INTO CONTRACT (contract_id, type, client_id, charger_id, start_date, end_date, number_of_visits, frequency, status) VALUES (216, 'preventiu', 100, 216, '2024-01-01', '2025-01-01', 4, 'trimestral', 'active');
INSERT INTO VISIT (visit_id, technician_id, visit_type, status, planned_date, address, latitude, longitude, location_source, estimated_duration_min) VALUES (216, 8, 'posada_en_marxa', 'scheduled', '2024-03-28', 'Cami Avellaners, 1', 41.93097, 2.812702, 'manual', 180);
INSERT INTO CHARGER (charger_id, name, serial_number, brand, model, number_of_plugs, connector_types, has_rfid, environment, power_type, phase_type, max_power_kw, ocpp_version, telecom_provider, installation_date) VALUES (217, 'Unknown', 'HLONFOBITA35AOBHMBLS', 'ABB', 'Terra 54', 2, 'CCS,Type2', true, 'outdoor', 'DC', 'three-phase', 50.0, '1.6', 'Movistar', '2023-01-01');
INSERT INTO CONTRACT (contract_id, type, client_id, charger_id, start_date, end_date, number_of_visits, frequency, status) VALUES (217, 'preventiu', 100, 217, '2024-01-01', '2025-01-01', 4, 'trimestral', 'active');
INSERT INTO VISIT (visit_id, technician_id, visit_type, status, planned_date, address, latitude, longitude, location_source, estimated_duration_min) VALUES (217, 9, 'posada_en_marxa', 'scheduled', '2024-03-28', 'Ajuntament El Masroig, Passeig Progrés, 1', 41.12578, 0.731133, 'manual', 180);
INSERT INTO CHARGER (charger_id, name, serial_number, brand, model, number_of_plugs, connector_types, has_rfid, environment, power_type, phase_type, max_power_kw, ocpp_version, telecom_provider, installation_date) VALUES (218, 'Unknown', 'XKUEIDHGG6LYVMYPSBTL', 'ABB', 'Terra 54', 2, 'CCS,Type2', true, 'outdoor', 'DC', 'three-phase', 50.0, '1.6', 'Movistar', '2023-01-01');
INSERT INTO CONTRACT (contract_id, type, client_id, charger_id, start_date, end_date, number_of_visits, frequency, status) VALUES (218, 'preventiu', 100, 218, '2024-01-01', '2025-01-01', 4, 'trimestral', 'active');
INSERT INTO VISIT (visit_id, contract_id, technician_id, visit_type, status, planned_date, address, latitude, longitude, location_source, estimated_duration_min) VALUES (218, 218, 10, 'preventiu', 'scheduled', '2024-04-10', 'Edifici Tecnoparc - Av. De Bellissens, 42', 41.14374, 1.129171, 'manual', 120);
INSERT INTO CHARGER (charger_id, name, serial_number, brand, model, number_of_plugs, connector_types, has_rfid, environment, power_type, phase_type, max_power_kw, ocpp_version, telecom_provider, installation_date) VALUES (219, 'Unknown', 'V4ROHFF2KOPNZ9AM3XDL', 'ABB', 'Terra 54', 2, 'CCS,Type2', true, 'outdoor', 'DC', 'three-phase', 50.0, '1.6', 'Movistar', '2023-01-01');
INSERT INTO CONTRACT (contract_id, type, client_id, charger_id, start_date, end_date, number_of_visits, frequency, status) VALUES (219, 'preventiu', 100, 219, '2024-01-01', '2025-01-01', 4, 'trimestral', 'active');
INSERT INTO VISIT (visit_id, technician_id, visit_type, status, planned_date, address, latitude, longitude, location_source, estimated_duration_min) VALUES (219, 5, 'posada_en_marxa', 'scheduled', '2024-03-28', 'Calle Anzuelo, 30', 29.13212, -13.462566, 'manual', 180);
INSERT INTO CHARGER (charger_id, name, serial_number, brand, model, number_of_plugs, connector_types, has_rfid, environment, power_type, phase_type, max_power_kw, ocpp_version, telecom_provider, installation_date) VALUES (220, 'Unknown', 'GKD71AUPS5SRDW1UKTU8', 'ABB', 'Terra 54', 2, 'CCS,Type2', true, 'outdoor', 'DC', 'three-phase', 50.0, '1.6', 'Movistar', '2023-01-01');
INSERT INTO CONTRACT (contract_id, type, client_id, charger_id, start_date, end_date, number_of_visits, frequency, status) VALUES (220, 'preventiu', 100, 220, '2024-01-01', '2025-01-01', 4, 'trimestral', 'active');
INSERT INTO VISIT (visit_id, contract_id, technician_id, visit_type, status, planned_date, address, latitude, longitude, location_source, estimated_duration_min) VALUES (220, 220, 1, 'diagnosi', 'scheduled', '2024-04-01', 'Carrer Pere Geronès, 4,', 41.811066, 2.999541, 'manual', 60);
INSERT INTO CHARGER (charger_id, name, serial_number, brand, model, number_of_plugs, connector_types, has_rfid, environment, power_type, phase_type, max_power_kw, ocpp_version, telecom_provider, installation_date) VALUES (221, 'Unknown', 'ITJ7M6UUEPWWA32LCMPM', 'ABB', 'Terra 54', 2, 'CCS,Type2', true, 'outdoor', 'DC', 'three-phase', 50.0, '1.6', 'Movistar', '2023-01-01');
INSERT INTO CONTRACT (contract_id, type, client_id, charger_id, start_date, end_date, number_of_visits, frequency, status) VALUES (221, 'preventiu', 100, 221, '2024-01-01', '2025-01-01', 4, 'trimestral', 'active');
INSERT INTO VISIT (visit_id, technician_id, visit_type, status, planned_date, address, latitude, longitude, location_source, estimated_duration_min) VALUES (221, 2, 'posada_en_marxa', 'scheduled', '2024-03-28', 'Av. De Las Canarias', 28.864407, -13.831198, 'manual', 180);
INSERT INTO CHARGER (charger_id, name, serial_number, brand, model, number_of_plugs, connector_types, has_rfid, environment, power_type, phase_type, max_power_kw, ocpp_version, telecom_provider, installation_date) VALUES (222, 'Unknown', 'C6MO2F42TIESJUOHNC12', 'ABB', 'Terra 54', 2, 'CCS,Type2', true, 'outdoor', 'DC', 'three-phase', 50.0, '1.6', 'Movistar', '2023-01-01');
INSERT INTO CONTRACT (contract_id, type, client_id, charger_id, start_date, end_date, number_of_visits, frequency, status) VALUES (222, 'preventiu', 100, 222, '2024-01-01', '2025-01-01', 4, 'trimestral', 'active');
INSERT INTO VISIT (visit_id, contract_id, technician_id, visit_type, status, planned_date, address, latitude, longitude, location_source, estimated_duration_min) VALUES (222, 222, 8, 'diagnosi', 'scheduled', '2024-04-01', 'Ctra. Arrecife A Tinajo, 8', 29.015171, -13.615638, 'manual', 60);
INSERT INTO CHARGER (charger_id, name, serial_number, brand, model, number_of_plugs, connector_types, has_rfid, environment, power_type, phase_type, max_power_kw, ocpp_version, telecom_provider, installation_date) VALUES (223, 'Unknown', 'OOI1RCFEHYCDASBZOHIJ', 'ABB', 'Terra 54', 2, 'CCS,Type2', true, 'outdoor', 'DC', 'three-phase', 50.0, '1.6', 'Movistar', '2023-01-01');
INSERT INTO CONTRACT (contract_id, type, client_id, charger_id, start_date, end_date, number_of_visits, frequency, status) VALUES (223, 'preventiu', 100, 223, '2024-01-01', '2025-01-01', 4, 'trimestral', 'active');
INSERT INTO VISIT (visit_id, contract_id, technician_id, visit_type, status, planned_date, address, latitude, longitude, location_source, estimated_duration_min) VALUES (223, 223, 7, 'preventiu', 'scheduled', '2024-04-10', 'Av. De Catalunya, 22-30', 40.7073, 0.718984, 'manual', 120);
INSERT INTO CHARGER (charger_id, name, serial_number, brand, model, number_of_plugs, connector_types, has_rfid, environment, power_type, phase_type, max_power_kw, ocpp_version, telecom_provider, installation_date) VALUES (224, 'Unknown', 'BEQCXSGPHL8HAXV3BQD1', 'ABB', 'Terra 54', 2, 'CCS,Type2', true, 'outdoor', 'DC', 'three-phase', 50.0, '1.6', 'Movistar', '2023-01-01');
INSERT INTO CONTRACT (contract_id, type, client_id, charger_id, start_date, end_date, number_of_visits, frequency, status) VALUES (224, 'preventiu', 100, 224, '2024-01-01', '2025-01-01', 4, 'trimestral', 'active');
INSERT INTO VISIT (visit_id, contract_id, technician_id, visit_type, status, planned_date, address, latitude, longitude, location_source, estimated_duration_min) VALUES (224, 224, 8, 'diagnosi', 'scheduled', '2024-04-01', 'Muralla De Sant Francesc, 15', 41.723476, 1.821824, 'manual', 60);
INSERT INTO CHARGER (charger_id, name, serial_number, brand, model, number_of_plugs, connector_types, has_rfid, environment, power_type, phase_type, max_power_kw, ocpp_version, telecom_provider, installation_date) VALUES (225, 'Unknown', 'OVL80WKPCYUROJVYR0CW', 'ABB', 'Terra 54', 2, 'CCS,Type2', true, 'outdoor', 'DC', 'three-phase', 50.0, '1.6', 'Movistar', '2023-01-01');
INSERT INTO CONTRACT (contract_id, type, client_id, charger_id, start_date, end_date, number_of_visits, frequency, status) VALUES (225, 'preventiu', 100, 225, '2024-01-01', '2025-01-01', 4, 'trimestral', 'active');
INSERT INTO VISIT (visit_id, contract_id, technician_id, visit_type, status, planned_date, address, latitude, longitude, location_source, estimated_duration_min) VALUES (225, 225, 7, 'preventiu', 'scheduled', '2024-04-10', 'Carrer De Caserna, 16', 40.707085, 0.718116, 'manual', 120);
INSERT INTO CHARGER (charger_id, name, serial_number, brand, model, number_of_plugs, connector_types, has_rfid, environment, power_type, phase_type, max_power_kw, ocpp_version, telecom_provider, installation_date) VALUES (226, 'Unknown', 'JQBTBSTUHF6JRBBEFOEZ', 'ABB', 'Terra 54', 2, 'CCS,Type2', true, 'outdoor', 'DC', 'three-phase', 50.0, '1.6', 'Movistar', '2023-01-01');
INSERT INTO CONTRACT (contract_id, type, client_id, charger_id, start_date, end_date, number_of_visits, frequency, status) VALUES (226, 'preventiu', 100, 226, '2024-01-01', '2025-01-01', 4, 'trimestral', 'active');
INSERT INTO VISIT (visit_id, technician_id, visit_type, status, planned_date, address, latitude, longitude, location_source, estimated_duration_min) VALUES (226, 8, 'posada_en_marxa', 'scheduled', '2024-03-28', 'Carrer De Montserrat, 6', 41.72305, 1.82836, 'manual', 180);
INSERT INTO CHARGER (charger_id, name, serial_number, brand, model, number_of_plugs, connector_types, has_rfid, environment, power_type, phase_type, max_power_kw, ocpp_version, telecom_provider, installation_date) VALUES (227, 'Unknown', 'UDHTC3SYJ8HEQNZ1CEDV', 'ABB', 'Terra 54', 2, 'CCS,Type2', true, 'outdoor', 'DC', 'three-phase', 50.0, '1.6', 'Movistar', '2023-01-01');
INSERT INTO CONTRACT (contract_id, type, client_id, charger_id, start_date, end_date, number_of_visits, frequency, status) VALUES (227, 'preventiu', 100, 227, '2024-01-01', '2025-01-01', 4, 'trimestral', 'active');
INSERT INTO VISIT (visit_id, contract_id, technician_id, visit_type, status, planned_date, address, latitude, longitude, location_source, estimated_duration_min) VALUES (227, 227, 7, 'preventiu', 'scheduled', '2024-04-10', 'Carrer Farguell, 59', 42.03408, 1.8814, 'manual', 120);
INSERT INTO CHARGER (charger_id, name, serial_number, brand, model, number_of_plugs, connector_types, has_rfid, environment, power_type, phase_type, max_power_kw, ocpp_version, telecom_provider, installation_date) VALUES (228, 'Ajuntament de Gironella - SELBA EdRSR', 'XLRV9ZQG2B1MZIAFILM7', 'ABB', 'Terra 54', 2, 'CCS,Type2', true, 'outdoor', 'DC', 'three-phase', 50.0, '1.6', 'Movistar', '2023-01-01');
INSERT INTO CONTRACT (contract_id, type, client_id, charger_id, start_date, end_date, number_of_visits, frequency, status) VALUES (228, 'preventiu', 100, 228, '2024-01-01', '2025-01-01', 4, 'trimestral', 'active');
INSERT INTO INCIDENCE (incidence_id, charger_id, reported_at, priority, status, description, estimated_duration_min) VALUES (14, 228, '2024-03-26 09:00:00', 3, 'pending', 'Incidència de tipus Non-critical Corrective', 90);
INSERT INTO VISIT (visit_id, incidence_id, technician_id, visit_type, status, planned_date, address, latitude, longitude, location_source, estimated_duration_min) VALUES (228, 14, 3, 'correctiu', 'scheduled', '2024-03-27', 'Avinguda Països Catalans, 57P', 42.026085, 1.886389, 'gps', 90);
INSERT INTO CHARGER (charger_id, name, serial_number, brand, model, number_of_plugs, connector_types, has_rfid, environment, power_type, phase_type, max_power_kw, ocpp_version, telecom_provider, installation_date) VALUES (229, 'Unknown', 'CCCO8K1TPDXFSGWAXUTM', 'ABB', 'Terra 54', 2, 'CCS,Type2', true, 'outdoor', 'DC', 'three-phase', 50.0, '1.6', 'Movistar', '2023-01-01');
INSERT INTO CONTRACT (contract_id, type, client_id, charger_id, start_date, end_date, number_of_visits, frequency, status) VALUES (229, 'preventiu', 100, 229, '2024-01-01', '2025-01-01', 4, 'trimestral', 'active');
INSERT INTO VISIT (visit_id, contract_id, technician_id, visit_type, status, planned_date, address, latitude, longitude, location_source, estimated_duration_min) VALUES (229, 229, 7, 'preventiu', 'scheduled', '2024-04-10', 'Carrer Font D''en Baiget, 6', 41.251064, 1.089319, 'manual', 120);
INSERT INTO CHARGER (charger_id, name, serial_number, brand, model, number_of_plugs, connector_types, has_rfid, environment, power_type, phase_type, max_power_kw, ocpp_version, telecom_provider, installation_date) VALUES (230, 'Unknown', 'K0O6ZJIKK37PGMXSMSZX', 'ABB', 'Terra 54', 2, 'CCS,Type2', true, 'outdoor', 'DC', 'three-phase', 50.0, '1.6', 'Movistar', '2023-01-01');
INSERT INTO CONTRACT (contract_id, type, client_id, charger_id, start_date, end_date, number_of_visits, frequency, status) VALUES (230, 'preventiu', 100, 230, '2024-01-01', '2025-01-01', 4, 'trimestral', 'active');
INSERT INTO INCIDENCE (incidence_id, charger_id, reported_at, priority, status, description, estimated_duration_min) VALUES (15, 230, '2024-03-26 09:00:00', 3, 'pending', 'Incidència de tipus Non-critical Corrective', 90);
INSERT INTO VISIT (visit_id, incidence_id, technician_id, visit_type, status, planned_date, address, latitude, longitude, location_source, estimated_duration_min) VALUES (230, 15, 4, 'correctiu', 'scheduled', '2024-03-27', 'Plaça Del Bisbe Coll', 41.68091, 0.98579, 'gps', 90);
INSERT INTO CHARGER (charger_id, name, serial_number, brand, model, number_of_plugs, connector_types, has_rfid, environment, power_type, phase_type, max_power_kw, ocpp_version, telecom_provider, installation_date) VALUES (231, 'Unknown', 'A9XNOMWOIZQZXMVMCX60', 'ABB', 'Terra 54', 2, 'CCS,Type2', true, 'outdoor', 'DC', 'three-phase', 50.0, '1.6', 'Movistar', '2023-01-01');
INSERT INTO CONTRACT (contract_id, type, client_id, charger_id, start_date, end_date, number_of_visits, frequency, status) VALUES (231, 'preventiu', 100, 231, '2024-01-01', '2025-01-01', 4, 'trimestral', 'active');
INSERT INTO VISIT (visit_id, contract_id, technician_id, visit_type, status, planned_date, address, latitude, longitude, location_source, estimated_duration_min) VALUES (231, 231, 1, 'preventiu', 'scheduled', '2024-04-10', 'Carrer De Miquel Martí I Pol, 26', 41.87443, 2.284657, 'manual', 120);
INSERT INTO CHARGER (charger_id, name, serial_number, brand, model, number_of_plugs, connector_types, has_rfid, environment, power_type, phase_type, max_power_kw, ocpp_version, telecom_provider, installation_date) VALUES (232, 'Unknown', 'GS8LSFNZIGZKN9M9MSBS', 'ABB', 'Terra 54', 2, 'CCS,Type2', true, 'outdoor', 'DC', 'three-phase', 50.0, '1.6', 'Movistar', '2023-01-01');
INSERT INTO CONTRACT (contract_id, type, client_id, charger_id, start_date, end_date, number_of_visits, frequency, status) VALUES (232, 'preventiu', 100, 232, '2024-01-01', '2025-01-01', 4, 'trimestral', 'active');
INSERT INTO VISIT (visit_id, contract_id, technician_id, visit_type, status, planned_date, address, latitude, longitude, location_source, estimated_duration_min) VALUES (232, 232, 6, 'preventiu', 'scheduled', '2024-04-10', 'Av Pintor Felo Monzón, 44 Cc 7', 28.09786, -15.455107, 'manual', 120);
INSERT INTO CHARGER (charger_id, name, serial_number, brand, model, number_of_plugs, connector_types, has_rfid, environment, power_type, phase_type, max_power_kw, ocpp_version, telecom_provider, installation_date) VALUES (233, 'Unknown', 'U9BZSJP1ZPLNYVRU86TU', 'ABB', 'Terra 54', 2, 'CCS,Type2', true, 'outdoor', 'DC', 'three-phase', 50.0, '1.6', 'Movistar', '2023-01-01');
INSERT INTO CONTRACT (contract_id, type, client_id, charger_id, start_date, end_date, number_of_visits, frequency, status) VALUES (233, 'preventiu', 100, 233, '2024-01-01', '2025-01-01', 4, 'trimestral', 'active');
INSERT INTO VISIT (visit_id, contract_id, technician_id, visit_type, status, planned_date, address, latitude, longitude, location_source, estimated_duration_min) VALUES (233, 233, 3, 'preventiu', 'scheduled', '2024-04-10', 'Avinguda De Catalunya, 62', 41.05751, 0.44118, 'manual', 120);
INSERT INTO CHARGER (charger_id, name, serial_number, brand, model, number_of_plugs, connector_types, has_rfid, environment, power_type, phase_type, max_power_kw, ocpp_version, telecom_provider, installation_date) VALUES (234, 'Unknown', 'OY3HTN4FCGRNXKVZIBRY', 'ABB', 'Terra 54', 2, 'CCS,Type2', true, 'outdoor', 'DC', 'three-phase', 50.0, '1.6', 'Movistar', '2023-01-01');
INSERT INTO CONTRACT (contract_id, type, client_id, charger_id, start_date, end_date, number_of_visits, frequency, status) VALUES (234, 'preventiu', 100, 234, '2024-01-01', '2025-01-01', 4, 'trimestral', 'active');
INSERT INTO VISIT (visit_id, contract_id, technician_id, visit_type, status, planned_date, address, latitude, longitude, location_source, estimated_duration_min) VALUES (234, 234, 6, 'preventiu', 'scheduled', '2024-04-10', 'Carrer De La Bassa D''en Gaire, 1', 41.05129, 0.436174, 'manual', 120);
INSERT INTO CHARGER (charger_id, name, serial_number, brand, model, number_of_plugs, connector_types, has_rfid, environment, power_type, phase_type, max_power_kw, ocpp_version, telecom_provider, installation_date) VALUES (235, 'Unknown', 'LXYMGYKFXERMTTJ63HUT', 'ABB', 'Terra 54', 2, 'CCS,Type2', true, 'outdoor', 'DC', 'three-phase', 50.0, '1.6', 'Movistar', '2023-01-01');
INSERT INTO CONTRACT (contract_id, type, client_id, charger_id, start_date, end_date, number_of_visits, frequency, status) VALUES (235, 'preventiu', 100, 235, '2024-01-01', '2025-01-01', 4, 'trimestral', 'active');
INSERT INTO VISIT (visit_id, contract_id, technician_id, visit_type, status, planned_date, address, latitude, longitude, location_source, estimated_duration_min) VALUES (235, 235, 1, 'preventiu', 'scheduled', '2024-04-10', 'Cerca De Carrer Gran, 58-70, Barcelona', 41.55558, 2.400556, 'manual', 120);
INSERT INTO CHARGER (charger_id, name, serial_number, brand, model, number_of_plugs, connector_types, has_rfid, environment, power_type, phase_type, max_power_kw, ocpp_version, telecom_provider, installation_date) VALUES (236, 'Unknown', 'VAEYM4C2HJWWMRCHKEKW', 'ABB', 'Terra 54', 2, 'CCS,Type2', true, 'outdoor', 'DC', 'three-phase', 50.0, '1.6', 'Movistar', '2023-01-01');
INSERT INTO CONTRACT (contract_id, type, client_id, charger_id, start_date, end_date, number_of_visits, frequency, status) VALUES (236, 'preventiu', 100, 236, '2024-01-01', '2025-01-01', 4, 'trimestral', 'active');
INSERT INTO VISIT (visit_id, technician_id, visit_type, status, planned_date, address, latitude, longitude, location_source, estimated_duration_min) VALUES (236, 2, 'posada_en_marxa', 'scheduled', '2024-03-28', 'Fotolinera Edifici De La Foneria. Carrer Claverol, 6', 41.388206, 2.007995, 'manual', 180);
INSERT INTO CHARGER (charger_id, name, serial_number, brand, model, number_of_plugs, connector_types, has_rfid, environment, power_type, phase_type, max_power_kw, ocpp_version, telecom_provider, installation_date) VALUES (237, 'Unknown', 'RVAYFN7XGSVDDE9SXWPT', 'ABB', 'Terra 54', 2, 'CCS,Type2', true, 'outdoor', 'DC', 'three-phase', 50.0, '1.6', 'Movistar', '2023-01-01');
INSERT INTO CONTRACT (contract_id, type, client_id, charger_id, start_date, end_date, number_of_visits, frequency, status) VALUES (237, 'preventiu', 100, 237, '2024-01-01', '2025-01-01', 4, 'trimestral', 'active');
INSERT INTO VISIT (visit_id, technician_id, visit_type, status, planned_date, address, latitude, longitude, location_source, estimated_duration_min) VALUES (237, 1, 'posada_en_marxa', 'scheduled', '2024-03-28', 'Carrer Les Escoles, 2', 41.38356, 1.721316, 'manual', 180);
INSERT INTO CHARGER (charger_id, name, serial_number, brand, model, number_of_plugs, connector_types, has_rfid, environment, power_type, phase_type, max_power_kw, ocpp_version, telecom_provider, installation_date) VALUES (238, 'Unknown', 'HCXKOJSXMNLYUR6ZL24D', 'ABB', 'Terra 54', 2, 'CCS,Type2', true, 'outdoor', 'DC', 'three-phase', 50.0, '1.6', 'Movistar', '2023-01-01');
INSERT INTO CONTRACT (contract_id, type, client_id, charger_id, start_date, end_date, number_of_visits, frequency, status) VALUES (238, 'preventiu', 100, 238, '2024-01-01', '2025-01-01', 4, 'trimestral', 'active');
INSERT INTO VISIT (visit_id, technician_id, visit_type, status, planned_date, address, latitude, longitude, location_source, estimated_duration_min) VALUES (238, 5, 'posada_en_marxa', 'scheduled', '2024-03-28', 'Av. De La Generalitat De Catalunya, 23', 41.26533, 1.599518, 'manual', 180);
INSERT INTO CHARGER (charger_id, name, serial_number, brand, model, number_of_plugs, connector_types, has_rfid, environment, power_type, phase_type, max_power_kw, ocpp_version, telecom_provider, installation_date) VALUES (239, 'Unknown', 'KQ4C9MWRJKBIJMTAE8SJ', 'ABB', 'Terra 54', 2, 'CCS,Type2', true, 'outdoor', 'DC', 'three-phase', 50.0, '1.6', 'Movistar', '2023-01-01');
INSERT INTO CONTRACT (contract_id, type, client_id, charger_id, start_date, end_date, number_of_visits, frequency, status) VALUES (239, 'preventiu', 100, 239, '2024-01-01', '2025-01-01', 4, 'trimestral', 'active');
INSERT INTO VISIT (visit_id, contract_id, technician_id, visit_type, status, planned_date, address, latitude, longitude, location_source, estimated_duration_min) VALUES (239, 239, 5, 'preventiu', 'scheduled', '2024-04-10', 'Autovía Del Mediterrani, A-7, Km 1148', 41.09048, 1.094045, 'manual', 120);
INSERT INTO CHARGER (charger_id, name, serial_number, brand, model, number_of_plugs, connector_types, has_rfid, environment, power_type, phase_type, max_power_kw, ocpp_version, telecom_provider, installation_date) VALUES (240, 'Unknown', 'PUOGIJ1PBJJ5SP8JLO6X', 'ABB', 'Terra 54', 2, 'CCS,Type2', true, 'outdoor', 'DC', 'three-phase', 50.0, '1.6', 'Movistar', '2023-01-01');
INSERT INTO CONTRACT (contract_id, type, client_id, charger_id, start_date, end_date, number_of_visits, frequency, status) VALUES (240, 'preventiu', 100, 240, '2024-01-01', '2025-01-01', 4, 'trimestral', 'active');
INSERT INTO VISIT (visit_id, contract_id, technician_id, visit_type, status, planned_date, address, latitude, longitude, location_source, estimated_duration_min) VALUES (240, 240, 7, 'preventiu', 'scheduled', '2024-04-10', 'Cerca De C. Colon 1', 41.48436, 2.187951, 'manual', 120);
INSERT INTO CHARGER (charger_id, name, serial_number, brand, model, number_of_plugs, connector_types, has_rfid, environment, power_type, phase_type, max_power_kw, ocpp_version, telecom_provider, installation_date) VALUES (241, 'Unknown', '6NB1EX60DVKFMDOGISCE', 'ABB', 'Terra 54', 2, 'CCS,Type2', true, 'outdoor', 'DC', 'three-phase', 50.0, '1.6', 'Movistar', '2023-01-01');
INSERT INTO CONTRACT (contract_id, type, client_id, charger_id, start_date, end_date, number_of_visits, frequency, status) VALUES (241, 'preventiu', 100, 241, '2024-01-01', '2025-01-01', 4, 'trimestral', 'active');
INSERT INTO VISIT (visit_id, contract_id, technician_id, visit_type, status, planned_date, address, latitude, longitude, location_source, estimated_duration_min) VALUES (241, 241, 3, 'preventiu', 'scheduled', '2024-04-10', 'Carrer De Mossèn Camil Rossell 53', 41.536507, 2.182178, 'manual', 120);
INSERT INTO CHARGER (charger_id, name, serial_number, brand, model, number_of_plugs, connector_types, has_rfid, environment, power_type, phase_type, max_power_kw, ocpp_version, telecom_provider, installation_date) VALUES (242, 'Unknown', 'IHDVSIX9LJCFJDGIT17T', 'ABB', 'Terra 54', 2, 'CCS,Type2', true, 'outdoor', 'DC', 'three-phase', 50.0, '1.6', 'Movistar', '2023-01-01');
INSERT INTO CONTRACT (contract_id, type, client_id, charger_id, start_date, end_date, number_of_visits, frequency, status) VALUES (242, 'preventiu', 100, 242, '2024-01-01', '2025-01-01', 4, 'trimestral', 'active');
INSERT INTO VISIT (visit_id, contract_id, technician_id, visit_type, status, planned_date, address, latitude, longitude, location_source, estimated_duration_min) VALUES (242, 242, 10, 'diagnosi', 'scheduled', '2024-04-01', 'Aparcament Can Folguera', 41.533676, 2.186242, 'manual', 60);
INSERT INTO CHARGER (charger_id, name, serial_number, brand, model, number_of_plugs, connector_types, has_rfid, environment, power_type, phase_type, max_power_kw, ocpp_version, telecom_provider, installation_date) VALUES (243, 'Unknown', 'YCQOX3MI5UXZJG1S3YL9', 'ABB', 'Terra 54', 2, 'CCS,Type2', true, 'outdoor', 'DC', 'three-phase', 50.0, '1.6', 'Movistar', '2023-01-01');
INSERT INTO CONTRACT (contract_id, type, client_id, charger_id, start_date, end_date, number_of_visits, frequency, status) VALUES (243, 'preventiu', 100, 243, '2024-01-01', '2025-01-01', 4, 'trimestral', 'active');
INSERT INTO VISIT (visit_id, contract_id, technician_id, visit_type, status, planned_date, address, latitude, longitude, location_source, estimated_duration_min) VALUES (243, 243, 9, 'diagnosi', 'scheduled', '2024-04-01', 'Santa Perpètua De Mogoda', 41.527393, 2.186053, 'manual', 60);
INSERT INTO CHARGER (charger_id, name, serial_number, brand, model, number_of_plugs, connector_types, has_rfid, environment, power_type, phase_type, max_power_kw, ocpp_version, telecom_provider, installation_date) VALUES (244, 'Unknown', '1AWRUTBM4DI0IK2WFUCT', 'ABB', 'Terra 54', 2, 'CCS,Type2', true, 'outdoor', 'DC', 'three-phase', 50.0, '1.6', 'Movistar', '2023-01-01');
INSERT INTO CONTRACT (contract_id, type, client_id, charger_id, start_date, end_date, number_of_visits, frequency, status) VALUES (244, 'preventiu', 100, 244, '2024-01-01', '2025-01-01', 4, 'trimestral', 'active');
INSERT INTO VISIT (visit_id, technician_id, visit_type, status, planned_date, address, latitude, longitude, location_source, estimated_duration_min) VALUES (244, 8, 'posada_en_marxa', 'scheduled', '2024-03-28', 'C/ Les Comes,5º Cei', 41.66833, 0.60547, 'manual', 180);
INSERT INTO CHARGER (charger_id, name, serial_number, brand, model, number_of_plugs, connector_types, has_rfid, environment, power_type, phase_type, max_power_kw, ocpp_version, telecom_provider, installation_date) VALUES (245, 'Unknown', '24DAHSMSCD5RXQVHGVYN', 'ABB', 'Terra 54', 2, 'CCS,Type2', true, 'outdoor', 'DC', 'three-phase', 50.0, '1.6', 'Movistar', '2023-01-01');
INSERT INTO CONTRACT (contract_id, type, client_id, charger_id, start_date, end_date, number_of_visits, frequency, status) VALUES (245, 'preventiu', 100, 245, '2024-01-01', '2025-01-01', 4, 'trimestral', 'active');
INSERT INTO VISIT (visit_id, contract_id, technician_id, visit_type, status, planned_date, address, latitude, longitude, location_source, estimated_duration_min) VALUES (245, 245, 3, 'preventiu', 'scheduled', '2024-04-10', 'P.º Del Parque, 25', 41.669792, 0.611239, 'manual', 120);
INSERT INTO CHARGER (charger_id, name, serial_number, brand, model, number_of_plugs, connector_types, has_rfid, environment, power_type, phase_type, max_power_kw, ocpp_version, telecom_provider, installation_date) VALUES (246, 'Unknown', 'SGGZBRZHW2VZXMGZ9XDN', 'ABB', 'Terra 54', 2, 'CCS,Type2', true, 'outdoor', 'DC', 'three-phase', 50.0, '1.6', 'Movistar', '2023-01-01');
INSERT INTO CONTRACT (contract_id, type, client_id, charger_id, start_date, end_date, number_of_visits, frequency, status) VALUES (246, 'preventiu', 100, 246, '2024-01-01', '2025-01-01', 4, 'trimestral', 'active');
INSERT INTO VISIT (visit_id, contract_id, technician_id, visit_type, status, planned_date, address, latitude, longitude, location_source, estimated_duration_min) VALUES (246, 246, 9, 'preventiu', 'scheduled', '2024-04-10', 'Plaça Catalunya, 8', 41.825882, 2.892983, 'manual', 120);
INSERT INTO CHARGER (charger_id, name, serial_number, brand, model, number_of_plugs, connector_types, has_rfid, environment, power_type, phase_type, max_power_kw, ocpp_version, telecom_provider, installation_date) VALUES (247, 'Unknown', 'FI1E0TA8GH4KCD8F3NDZ', 'ABB', 'Terra 54', 2, 'CCS,Type2', true, 'outdoor', 'DC', 'three-phase', 50.0, '1.6', 'Movistar', '2023-01-01');
INSERT INTO CONTRACT (contract_id, type, client_id, charger_id, start_date, end_date, number_of_visits, frequency, status) VALUES (247, 'preventiu', 100, 247, '2024-01-01', '2025-01-01', 4, 'trimestral', 'active');
INSERT INTO VISIT (visit_id, technician_id, visit_type, status, planned_date, address, latitude, longitude, location_source, estimated_duration_min) VALUES (247, 6, 'posada_en_marxa', 'scheduled', '2024-03-28', 'L''esport, Av. De L''esport, S/N,', 41.820923, 2.897985, 'manual', 180);
INSERT INTO CHARGER (charger_id, name, serial_number, brand, model, number_of_plugs, connector_types, has_rfid, environment, power_type, phase_type, max_power_kw, ocpp_version, telecom_provider, installation_date) VALUES (248, 'Unknown', 'ER8KNDF3YUSIPVBQA9WV', 'ABB', 'Terra 54', 2, 'CCS,Type2', true, 'outdoor', 'DC', 'three-phase', 50.0, '1.6', 'Movistar', '2023-01-01');
INSERT INTO CONTRACT (contract_id, type, client_id, charger_id, start_date, end_date, number_of_visits, frequency, status) VALUES (248, 'preventiu', 100, 248, '2024-01-01', '2025-01-01', 4, 'trimestral', 'active');
INSERT INTO VISIT (visit_id, contract_id, technician_id, visit_type, status, planned_date, address, latitude, longitude, location_source, estimated_duration_min) VALUES (248, 248, 7, 'preventiu', 'scheduled', '2024-04-10', 'Carretera Rubí A Sant Cugat, 102', 41.4816, 2.054772, 'manual', 120);
INSERT INTO CHARGER (charger_id, name, serial_number, brand, model, number_of_plugs, connector_types, has_rfid, environment, power_type, phase_type, max_power_kw, ocpp_version, telecom_provider, installation_date) VALUES (249, 'Unknown', 'YSCYTQI3V1UKEGIHOLWU', 'ABB', 'Terra 54', 2, 'CCS,Type2', true, 'outdoor', 'DC', 'three-phase', 50.0, '1.6', 'Movistar', '2023-01-01');
INSERT INTO CONTRACT (contract_id, type, client_id, charger_id, start_date, end_date, number_of_visits, frequency, status) VALUES (249, 'preventiu', 100, 249, '2024-01-01', '2025-01-01', 4, 'trimestral', 'active');
INSERT INTO VISIT (visit_id, contract_id, technician_id, visit_type, status, planned_date, address, latitude, longitude, location_source, estimated_duration_min) VALUES (249, 249, 5, 'preventiu', 'scheduled', '2024-04-10', 'Carrer Pau Vila, 22', 41.480145, 2.064758, 'manual', 120);
INSERT INTO CHARGER (charger_id, name, serial_number, brand, model, number_of_plugs, connector_types, has_rfid, environment, power_type, phase_type, max_power_kw, ocpp_version, telecom_provider, installation_date) VALUES (250, 'Unknown', 'PWWO1BIJMJGYUSNTKYSZ', 'ABB', 'Terra 54', 2, 'CCS,Type2', true, 'outdoor', 'DC', 'three-phase', 50.0, '1.6', 'Movistar', '2023-01-01');
INSERT INTO CONTRACT (contract_id, type, client_id, charger_id, start_date, end_date, number_of_visits, frequency, status) VALUES (250, 'preventiu', 100, 250, '2024-01-01', '2025-01-01', 4, 'trimestral', 'active');
INSERT INTO VISIT (visit_id, contract_id, technician_id, visit_type, status, planned_date, address, latitude, longitude, location_source, estimated_duration_min) VALUES (250, 250, 5, 'preventiu', 'scheduled', '2024-04-10', 'C/ Major, 23', 41.31738, 1.455794, 'manual', 120);
INSERT INTO CHARGER (charger_id, name, serial_number, brand, model, number_of_plugs, connector_types, has_rfid, environment, power_type, phase_type, max_power_kw, ocpp_version, telecom_provider, installation_date) VALUES (251, 'Unknown', 'YAYPTBIDQZNKQ5TYFD90', 'ABB', 'Terra 54', 2, 'CCS,Type2', true, 'outdoor', 'DC', 'three-phase', 50.0, '1.6', 'Movistar', '2023-01-01');
INSERT INTO CONTRACT (contract_id, type, client_id, charger_id, start_date, end_date, number_of_visits, frequency, status) VALUES (251, 'preventiu', 100, 251, '2024-01-01', '2025-01-01', 4, 'trimestral', 'active');
INSERT INTO VISIT (visit_id, technician_id, visit_type, status, planned_date, address, latitude, longitude, location_source, estimated_duration_min) VALUES (251, 3, 'posada_en_marxa', 'scheduled', '2024-03-28', 'Carrer Rubau Donadeu, 4', 42.266197, 2.968559, 'manual', 180);
INSERT INTO CHARGER (charger_id, name, serial_number, brand, model, number_of_plugs, connector_types, has_rfid, environment, power_type, phase_type, max_power_kw, ocpp_version, telecom_provider, installation_date) VALUES (252, 'Unknown', 'LZQPVWJSA8HN9P9IWBED', 'ABB', 'Terra 54', 2, 'CCS,Type2', true, 'outdoor', 'DC', 'three-phase', 50.0, '1.6', 'Movistar', '2023-01-01');
INSERT INTO CONTRACT (contract_id, type, client_id, charger_id, start_date, end_date, number_of_visits, frequency, status) VALUES (252, 'preventiu', 100, 252, '2024-01-01', '2025-01-01', 4, 'trimestral', 'active');
INSERT INTO VISIT (visit_id, technician_id, visit_type, status, planned_date, address, latitude, longitude, location_source, estimated_duration_min) VALUES (252, 7, 'posada_en_marxa', 'scheduled', '2024-03-28', 'Carrer De La Tramuntana, 33', 42.268898, 2.959009, 'manual', 180);
INSERT INTO CHARGER (charger_id, name, serial_number, brand, model, number_of_plugs, connector_types, has_rfid, environment, power_type, phase_type, max_power_kw, ocpp_version, telecom_provider, installation_date) VALUES (253, 'Unknown', 'HAUX3QTMVOWDSQOGAK0X', 'ABB', 'Terra 54', 2, 'CCS,Type2', true, 'outdoor', 'DC', 'three-phase', 50.0, '1.6', 'Movistar', '2023-01-01');
INSERT INTO CONTRACT (contract_id, type, client_id, charger_id, start_date, end_date, number_of_visits, frequency, status) VALUES (253, 'preventiu', 100, 253, '2024-01-01', '2025-01-01', 4, 'trimestral', 'active');
INSERT INTO VISIT (visit_id, contract_id, technician_id, visit_type, status, planned_date, address, latitude, longitude, location_source, estimated_duration_min) VALUES (253, 253, 10, 'preventiu', 'scheduled', '2024-04-10', 'C. Far D''empordà, 6', 42.26577, 2.970576, 'manual', 120);
INSERT INTO CHARGER (charger_id, name, serial_number, brand, model, number_of_plugs, connector_types, has_rfid, environment, power_type, phase_type, max_power_kw, ocpp_version, telecom_provider, installation_date) VALUES (254, 'Unknown', 'U8HDQFOBYGKGHAHBL1JP', 'ABB', 'Terra 54', 2, 'CCS,Type2', true, 'outdoor', 'DC', 'three-phase', 50.0, '1.6', 'Movistar', '2023-01-01');
INSERT INTO CONTRACT (contract_id, type, client_id, charger_id, start_date, end_date, number_of_visits, frequency, status) VALUES (254, 'preventiu', 100, 254, '2024-01-01', '2025-01-01', 4, 'trimestral', 'active');
INSERT INTO VISIT (visit_id, contract_id, technician_id, visit_type, status, planned_date, address, latitude, longitude, location_source, estimated_duration_min) VALUES (254, 254, 3, 'diagnosi', 'scheduled', '2024-04-01', 'Carrer Camí De Sant Marçal', 41.97392, 1.87878, 'manual', 60);
INSERT INTO CHARGER (charger_id, name, serial_number, brand, model, number_of_plugs, connector_types, has_rfid, environment, power_type, phase_type, max_power_kw, ocpp_version, telecom_provider, installation_date) VALUES (255, 'Unknown', '545BGVGXMFNIDYCKJB7D', 'ABB', 'Terra 54', 2, 'CCS,Type2', true, 'outdoor', 'DC', 'three-phase', 50.0, '1.6', 'Movistar', '2023-01-01');
INSERT INTO CONTRACT (contract_id, type, client_id, charger_id, start_date, end_date, number_of_visits, frequency, status) VALUES (255, 'preventiu', 100, 255, '2024-01-01', '2025-01-01', 4, 'trimestral', 'active');
INSERT INTO INCIDENCE (incidence_id, charger_id, reported_at, priority, status, description, estimated_duration_min) VALUES (16, 255, '2024-03-26 09:00:00', 3, 'pending', 'Incidència de tipus Non-critical Corrective', 90);
INSERT INTO VISIT (visit_id, incidence_id, technician_id, visit_type, status, planned_date, address, latitude, longitude, location_source, estimated_duration_min) VALUES (255, 16, 2, 'correctiu', 'scheduled', '2024-03-27', 'Carrer Moll Comercial', 42.25581, 3.181156, 'gps', 90);
INSERT INTO CHARGER (charger_id, name, serial_number, brand, model, number_of_plugs, connector_types, has_rfid, environment, power_type, phase_type, max_power_kw, ocpp_version, telecom_provider, installation_date) VALUES (256, 'Unknown', 'CSAFGPQSUUZ7ZFDRFGFN', 'ABB', 'Terra 54', 2, 'CCS,Type2', true, 'outdoor', 'DC', 'three-phase', 50.0, '1.6', 'Movistar', '2023-01-01');
INSERT INTO CONTRACT (contract_id, type, client_id, charger_id, start_date, end_date, number_of_visits, frequency, status) VALUES (256, 'preventiu', 100, 256, '2024-01-01', '2025-01-01', 4, 'trimestral', 'active');
INSERT INTO VISIT (visit_id, contract_id, technician_id, visit_type, status, planned_date, address, latitude, longitude, location_source, estimated_duration_min) VALUES (256, 256, 7, 'preventiu', 'scheduled', '2024-04-10', 'Carretera De Ribes, 35', 42.146168, 1.861437, 'manual', 120);
INSERT INTO CHARGER (charger_id, name, serial_number, brand, model, number_of_plugs, connector_types, has_rfid, environment, power_type, phase_type, max_power_kw, ocpp_version, telecom_provider, installation_date) VALUES (257, 'Unknown', 'DGV2RT0MIDI6Y11JYCZY', 'ABB', 'Terra 54', 2, 'CCS,Type2', true, 'outdoor', 'DC', 'three-phase', 50.0, '1.6', 'Movistar', '2023-01-01');
INSERT INTO CONTRACT (contract_id, type, client_id, charger_id, start_date, end_date, number_of_visits, frequency, status) VALUES (257, 'preventiu', 100, 257, '2024-01-01', '2025-01-01', 4, 'trimestral', 'active');
INSERT INTO VISIT (visit_id, contract_id, technician_id, visit_type, status, planned_date, address, latitude, longitude, location_source, estimated_duration_min) VALUES (257, 257, 1, 'preventiu', 'scheduled', '2024-04-10', 'Carrer De L''estació, 12B', 42.230682, 1.87782, 'manual', 120);
INSERT INTO CHARGER (charger_id, name, serial_number, brand, model, number_of_plugs, connector_types, has_rfid, environment, power_type, phase_type, max_power_kw, ocpp_version, telecom_provider, installation_date) VALUES (258, 'Unknown', 'YBUXYDQDRL4USN3XNQMM', 'ABB', 'Terra 54', 2, 'CCS,Type2', true, 'outdoor', 'DC', 'three-phase', 50.0, '1.6', 'Movistar', '2023-01-01');
INSERT INTO CONTRACT (contract_id, type, client_id, charger_id, start_date, end_date, number_of_visits, frequency, status) VALUES (258, 'preventiu', 100, 258, '2024-01-01', '2025-01-01', 4, 'trimestral', 'active');
INSERT INTO VISIT (visit_id, contract_id, technician_id, visit_type, status, planned_date, address, latitude, longitude, location_source, estimated_duration_min) VALUES (258, 258, 9, 'preventiu', 'scheduled', '2024-04-10', 'Carr. A Ribes,', 42.231926, 1.881454, 'manual', 120);
INSERT INTO CHARGER (charger_id, name, serial_number, brand, model, number_of_plugs, connector_types, has_rfid, environment, power_type, phase_type, max_power_kw, ocpp_version, telecom_provider, installation_date) VALUES (259, 'Unknown', 'DEVIRBY1ALG34FHILMWZ', 'ABB', 'Terra 54', 2, 'CCS,Type2', true, 'outdoor', 'DC', 'three-phase', 50.0, '1.6', 'Movistar', '2023-01-01');
INSERT INTO CONTRACT (contract_id, type, client_id, charger_id, start_date, end_date, number_of_visits, frequency, status) VALUES (259, 'preventiu', 100, 259, '2024-01-01', '2025-01-01', 4, 'trimestral', 'active');
INSERT INTO VISIT (visit_id, contract_id, technician_id, visit_type, status, planned_date, address, latitude, longitude, location_source, estimated_duration_min) VALUES (259, 259, 2, 'preventiu', 'scheduled', '2024-04-10', 'Plaça Del Portalet', 41.913277, 1.679941, 'manual', 120);
INSERT INTO CHARGER (charger_id, name, serial_number, brand, model, number_of_plugs, connector_types, has_rfid, environment, power_type, phase_type, max_power_kw, ocpp_version, telecom_provider, installation_date) VALUES (260, 'Unknown', 'O81Z1GXXLO1RAX2WS194', 'ABB', 'Terra 54', 2, 'CCS,Type2', true, 'outdoor', 'DC', 'three-phase', 50.0, '1.6', 'Movistar', '2023-01-01');
INSERT INTO CONTRACT (contract_id, type, client_id, charger_id, start_date, end_date, number_of_visits, frequency, status) VALUES (260, 'preventiu', 100, 260, '2024-01-01', '2025-01-01', 4, 'trimestral', 'active');
INSERT INTO VISIT (visit_id, contract_id, technician_id, visit_type, status, planned_date, address, latitude, longitude, location_source, estimated_duration_min) VALUES (260, 260, 9, 'preventiu', 'scheduled', '2024-04-10', 'Av. Catalunya, 6', 41.177746, 1.415153, 'manual', 120);
INSERT INTO CHARGER (charger_id, name, serial_number, brand, model, number_of_plugs, connector_types, has_rfid, environment, power_type, phase_type, max_power_kw, ocpp_version, telecom_provider, installation_date) VALUES (261, 'Unknown', 'SSTAGJ9S2EIPALKOFSEF', 'ABB', 'Terra 54', 2, 'CCS,Type2', true, 'outdoor', 'DC', 'three-phase', 50.0, '1.6', 'Movistar', '2023-01-01');
INSERT INTO CONTRACT (contract_id, type, client_id, charger_id, start_date, end_date, number_of_visits, frequency, status) VALUES (261, 'preventiu', 100, 261, '2024-01-01', '2025-01-01', 4, 'trimestral', 'active');
INSERT INTO VISIT (visit_id, contract_id, technician_id, visit_type, status, planned_date, address, latitude, longitude, location_source, estimated_duration_min) VALUES (261, 261, 4, 'preventiu', 'scheduled', '2024-04-10', 'Poliesportiu Municipal', 41.747017, 2.562573, 'manual', 120);
INSERT INTO CHARGER (charger_id, name, serial_number, brand, model, number_of_plugs, connector_types, has_rfid, environment, power_type, phase_type, max_power_kw, ocpp_version, telecom_provider, installation_date) VALUES (262, 'Unknown', 'WQON23NDTITMF0UERWJV', 'ABB', 'Terra 54', 2, 'CCS,Type2', true, 'outdoor', 'DC', 'three-phase', 50.0, '1.6', 'Movistar', '2023-01-01');
INSERT INTO CONTRACT (contract_id, type, client_id, charger_id, start_date, end_date, number_of_visits, frequency, status) VALUES (262, 'preventiu', 100, 262, '2024-01-01', '2025-01-01', 4, 'trimestral', 'active');
INSERT INTO VISIT (visit_id, technician_id, visit_type, status, planned_date, address, latitude, longitude, location_source, estimated_duration_min) VALUES (262, 3, 'posada_en_marxa', 'scheduled', '2024-03-28', 'Plaça De Lluís Companys', 41.748283, 2.556334, 'manual', 180);
INSERT INTO CHARGER (charger_id, name, serial_number, brand, model, number_of_plugs, connector_types, has_rfid, environment, power_type, phase_type, max_power_kw, ocpp_version, telecom_provider, installation_date) VALUES (263, 'Unknown', 'GQLE3H8O8GIOLVLLXT8P', 'ABB', 'Terra 54', 2, 'CCS,Type2', true, 'outdoor', 'DC', 'three-phase', 50.0, '1.6', 'Movistar', '2023-01-01');
INSERT INTO CONTRACT (contract_id, type, client_id, charger_id, start_date, end_date, number_of_visits, frequency, status) VALUES (263, 'preventiu', 100, 263, '2024-01-01', '2025-01-01', 4, 'trimestral', 'active');
INSERT INTO VISIT (visit_id, contract_id, technician_id, visit_type, status, planned_date, address, latitude, longitude, location_source, estimated_duration_min) VALUES (263, 263, 4, 'diagnosi', 'scheduled', '2024-04-01', 'Raval Del Portell, 3, , Tarragona', 41.439854, 1.159242, 'manual', 60);
INSERT INTO CHARGER (charger_id, name, serial_number, brand, model, number_of_plugs, connector_types, has_rfid, environment, power_type, phase_type, max_power_kw, ocpp_version, telecom_provider, installation_date) VALUES (264, 'Unknown', 'MMCN7H6VG2EGUUHVB23B', 'ABB', 'Terra 54', 2, 'CCS,Type2', true, 'outdoor', 'DC', 'three-phase', 50.0, '1.6', 'Movistar', '2023-01-01');
INSERT INTO CONTRACT (contract_id, type, client_id, charger_id, start_date, end_date, number_of_visits, frequency, status) VALUES (264, 'preventiu', 100, 264, '2024-01-01', '2025-01-01', 4, 'trimestral', 'active');
INSERT INTO VISIT (visit_id, contract_id, technician_id, visit_type, status, planned_date, address, latitude, longitude, location_source, estimated_duration_min) VALUES (264, 264, 2, 'preventiu', 'scheduled', '2024-04-10', 'Calle Iglesia, 11', 41.390682, -5.264096, 'manual', 120);
INSERT INTO CHARGER (charger_id, name, serial_number, brand, model, number_of_plugs, connector_types, has_rfid, environment, power_type, phase_type, max_power_kw, ocpp_version, telecom_provider, installation_date) VALUES (265, 'Unknown', 'NOOMNSAM0JN2KYRSVDBC', 'ABB', 'Terra 54', 2, 'CCS,Type2', true, 'outdoor', 'DC', 'three-phase', 50.0, '1.6', 'Movistar', '2023-01-01');
INSERT INTO CONTRACT (contract_id, type, client_id, charger_id, start_date, end_date, number_of_visits, frequency, status) VALUES (265, 'preventiu', 100, 265, '2024-01-01', '2025-01-01', 4, 'trimestral', 'active');
INSERT INTO VISIT (visit_id, contract_id, technician_id, visit_type, status, planned_date, address, latitude, longitude, location_source, estimated_duration_min) VALUES (265, 265, 1, 'preventiu', 'scheduled', '2024-04-10', 'Carrer Del Camp De Futbol, 1', 41.896008, 1.043397, 'manual', 120);
INSERT INTO CHARGER (charger_id, name, serial_number, brand, model, number_of_plugs, connector_types, has_rfid, environment, power_type, phase_type, max_power_kw, ocpp_version, telecom_provider, installation_date) VALUES (266, 'Unknown', 'DGTQ2OLTN9DAMRRMWUDP', 'ABB', 'Terra 54', 2, 'CCS,Type2', true, 'outdoor', 'DC', 'three-phase', 50.0, '1.6', 'Movistar', '2023-01-01');
INSERT INTO CONTRACT (contract_id, type, client_id, charger_id, start_date, end_date, number_of_visits, frequency, status) VALUES (266, 'preventiu', 100, 266, '2024-01-01', '2025-01-01', 4, 'trimestral', 'active');
INSERT INTO VISIT (visit_id, contract_id, technician_id, visit_type, status, planned_date, address, latitude, longitude, location_source, estimated_duration_min) VALUES (266, 266, 3, 'preventiu', 'scheduled', '2024-04-10', 'C. San Miguel, 1', 42.060326, -2.992822, 'manual', 120);
INSERT INTO CHARGER (charger_id, name, serial_number, brand, model, number_of_plugs, connector_types, has_rfid, environment, power_type, phase_type, max_power_kw, ocpp_version, telecom_provider, installation_date) VALUES (267, 'Unknown', 'FJDJV5WRWFCD7ICKOLTB', 'ABB', 'Terra 54', 2, 'CCS,Type2', true, 'outdoor', 'DC', 'three-phase', 50.0, '1.6', 'Movistar', '2023-01-01');
INSERT INTO CONTRACT (contract_id, type, client_id, charger_id, start_date, end_date, number_of_visits, frequency, status) VALUES (267, 'preventiu', 100, 267, '2024-01-01', '2025-01-01', 4, 'trimestral', 'active');
INSERT INTO VISIT (visit_id, contract_id, technician_id, visit_type, status, planned_date, address, latitude, longitude, location_source, estimated_duration_min) VALUES (267, 267, 6, 'diagnosi', 'scheduled', '2024-04-01', 'Plaza España, Nº2', 40.91758, -6.799069, 'manual', 60);
INSERT INTO CHARGER (charger_id, name, serial_number, brand, model, number_of_plugs, connector_types, has_rfid, environment, power_type, phase_type, max_power_kw, ocpp_version, telecom_provider, installation_date) VALUES (268, 'Unknown', 'JWYZHHSKAVW9V41LFF3Z', 'ABB', 'Terra 54', 2, 'CCS,Type2', true, 'outdoor', 'DC', 'three-phase', 50.0, '1.6', 'Movistar', '2023-01-01');
INSERT INTO CONTRACT (contract_id, type, client_id, charger_id, start_date, end_date, number_of_visits, frequency, status) VALUES (268, 'preventiu', 100, 268, '2024-01-01', '2025-01-01', 4, 'trimestral', 'active');
INSERT INTO VISIT (visit_id, contract_id, technician_id, visit_type, status, planned_date, address, latitude, longitude, location_source, estimated_duration_min) VALUES (268, 268, 10, 'diagnosi', 'scheduled', '2024-04-01', 'Av. Batuecas, 22', 40.4884, -6.116255, 'manual', 60);
INSERT INTO CHARGER (charger_id, name, serial_number, brand, model, number_of_plugs, connector_types, has_rfid, environment, power_type, phase_type, max_power_kw, ocpp_version, telecom_provider, installation_date) VALUES (269, 'Unknown', 'OVZ6S32T5HJQUKGTNKIF', 'ABB', 'Terra 54', 2, 'CCS,Type2', true, 'outdoor', 'DC', 'three-phase', 50.0, '1.6', 'Movistar', '2023-01-01');
INSERT INTO CONTRACT (contract_id, type, client_id, charger_id, start_date, end_date, number_of_visits, frequency, status) VALUES (269, 'preventiu', 100, 269, '2024-01-01', '2025-01-01', 4, 'trimestral', 'active');
INSERT INTO VISIT (visit_id, contract_id, technician_id, visit_type, status, planned_date, address, latitude, longitude, location_source, estimated_duration_min) VALUES (269, 269, 7, 'preventiu', 'scheduled', '2024-04-10', 'So-920, 16', 41.722275, -3.04865, 'manual', 120);
INSERT INTO CHARGER (charger_id, name, serial_number, brand, model, number_of_plugs, connector_types, has_rfid, environment, power_type, phase_type, max_power_kw, ocpp_version, telecom_provider, installation_date) VALUES (270, 'Unknown', 'QTDQQQXO8K880KIHIVAP', 'ABB', 'Terra 54', 2, 'CCS,Type2', true, 'outdoor', 'DC', 'three-phase', 50.0, '1.6', 'Movistar', '2023-01-01');
INSERT INTO CONTRACT (contract_id, type, client_id, charger_id, start_date, end_date, number_of_visits, frequency, status) VALUES (270, 'preventiu', 100, 270, '2024-01-01', '2025-01-01', 4, 'trimestral', 'active');
INSERT INTO VISIT (visit_id, contract_id, technician_id, visit_type, status, planned_date, address, latitude, longitude, location_source, estimated_duration_min) VALUES (270, 270, 10, 'preventiu', 'scheduled', '2024-04-10', 'Carrer Ponent, 16', 41.69609, 0.632419, 'manual', 120);
INSERT INTO CHARGER (charger_id, name, serial_number, brand, model, number_of_plugs, connector_types, has_rfid, environment, power_type, phase_type, max_power_kw, ocpp_version, telecom_provider, installation_date) VALUES (271, 'Unknown', 'BH9QLOIYIC0EYQ2N3PTJ', 'ABB', 'Terra 54', 2, 'CCS,Type2', true, 'outdoor', 'DC', 'three-phase', 50.0, '1.6', 'Movistar', '2023-01-01');
INSERT INTO CONTRACT (contract_id, type, client_id, charger_id, start_date, end_date, number_of_visits, frequency, status) VALUES (271, 'preventiu', 100, 271, '2024-01-01', '2025-01-01', 4, 'trimestral', 'active');
INSERT INTO VISIT (visit_id, contract_id, technician_id, visit_type, status, planned_date, address, latitude, longitude, location_source, estimated_duration_min) VALUES (271, 271, 9, 'preventiu', 'scheduled', '2024-04-10', 'C. Sta. Lucía, 1T, 40300 Sepúlveda, Segovia, España', 41.29705, -3.751541, 'manual', 120);
INSERT INTO CHARGER (charger_id, name, serial_number, brand, model, number_of_plugs, connector_types, has_rfid, environment, power_type, phase_type, max_power_kw, ocpp_version, telecom_provider, installation_date) VALUES (272, 'Unknown', 'Z2BH4FB8EVFDP8GN7QZZ', 'ABB', 'Terra 54', 2, 'CCS,Type2', true, 'outdoor', 'DC', 'three-phase', 50.0, '1.6', 'Movistar', '2023-01-01');
INSERT INTO CONTRACT (contract_id, type, client_id, charger_id, start_date, end_date, number_of_visits, frequency, status) VALUES (272, 'preventiu', 100, 272, '2024-01-01', '2025-01-01', 4, 'trimestral', 'active');
INSERT INTO VISIT (visit_id, contract_id, technician_id, visit_type, status, planned_date, address, latitude, longitude, location_source, estimated_duration_min) VALUES (272, 272, 7, 'preventiu', 'scheduled', '2024-04-10', 'C. Eras, 18', 41.548492, -3.654598, 'manual', 120);
INSERT INTO CHARGER (charger_id, name, serial_number, brand, model, number_of_plugs, connector_types, has_rfid, environment, power_type, phase_type, max_power_kw, ocpp_version, telecom_provider, installation_date) VALUES (273, 'Unknown', 'XB1L6TFVIOIF43LVPWKA', 'ABB', 'Terra 54', 2, 'CCS,Type2', true, 'outdoor', 'DC', 'three-phase', 50.0, '1.6', 'Movistar', '2023-01-01');
INSERT INTO CONTRACT (contract_id, type, client_id, charger_id, start_date, end_date, number_of_visits, frequency, status) VALUES (273, 'preventiu', 100, 273, '2024-01-01', '2025-01-01', 4, 'trimestral', 'active');
INSERT INTO VISIT (visit_id, contract_id, technician_id, visit_type, status, planned_date, address, latitude, longitude, location_source, estimated_duration_min) VALUES (273, 273, 5, 'diagnosi', 'scheduled', '2024-04-01', 'Tr.ª Real, 23D', 42.94935, -6.395656, 'manual', 60);
INSERT INTO CHARGER (charger_id, name, serial_number, brand, model, number_of_plugs, connector_types, has_rfid, environment, power_type, phase_type, max_power_kw, ocpp_version, telecom_provider, installation_date) VALUES (274, 'Unknown', '1GK7RMHWTWKN8ZDQ35G6', 'ABB', 'Terra 54', 2, 'CCS,Type2', true, 'outdoor', 'DC', 'three-phase', 50.0, '1.6', 'Movistar', '2023-01-01');
INSERT INTO CONTRACT (contract_id, type, client_id, charger_id, start_date, end_date, number_of_visits, frequency, status) VALUES (274, 'preventiu', 100, 274, '2024-01-01', '2025-01-01', 4, 'trimestral', 'active');
INSERT INTO VISIT (visit_id, technician_id, visit_type, status, planned_date, address, latitude, longitude, location_source, estimated_duration_min) VALUES (274, 8, 'posada_en_marxa', 'scheduled', '2024-03-28', 'S/N, C. Abajo', 42.488617, -6.773433, 'manual', 180);
INSERT INTO CHARGER (charger_id, name, serial_number, brand, model, number_of_plugs, connector_types, has_rfid, environment, power_type, phase_type, max_power_kw, ocpp_version, telecom_provider, installation_date) VALUES (275, 'Unknown', 'AMXAUW6AHNWJ3FEQIS0P', 'ABB', 'Terra 54', 2, 'CCS,Type2', true, 'outdoor', 'DC', 'three-phase', 50.0, '1.6', 'Movistar', '2023-01-01');
INSERT INTO CONTRACT (contract_id, type, client_id, charger_id, start_date, end_date, number_of_visits, frequency, status) VALUES (275, 'preventiu', 100, 275, '2024-01-01', '2025-01-01', 4, 'trimestral', 'active');
INSERT INTO VISIT (visit_id, contract_id, technician_id, visit_type, status, planned_date, address, latitude, longitude, location_source, estimated_duration_min) VALUES (275, 275, 7, 'preventiu', 'scheduled', '2024-04-10', 'S N, Carretera General, 0', 43.13628, -5.038546, 'manual', 120);
INSERT INTO CHARGER (charger_id, name, serial_number, brand, model, number_of_plugs, connector_types, has_rfid, environment, power_type, phase_type, max_power_kw, ocpp_version, telecom_provider, installation_date) VALUES (276, 'Unknown', 'BTRE5YYGCJOKTKZRTIRT', 'ABB', 'Terra 54', 2, 'CCS,Type2', true, 'outdoor', 'DC', 'three-phase', 50.0, '1.6', 'Movistar', '2023-01-01');
INSERT INTO CONTRACT (contract_id, type, client_id, charger_id, start_date, end_date, number_of_visits, frequency, status) VALUES (276, 'preventiu', 100, 276, '2024-01-01', '2025-01-01', 4, 'trimestral', 'active');
INSERT INTO INCIDENCE (incidence_id, charger_id, reported_at, priority, status, description, estimated_duration_min) VALUES (17, 276, '2024-03-26 09:00:00', 3, 'pending', 'Incidència de tipus Non-critical Corrective', 90);
INSERT INTO VISIT (visit_id, incidence_id, technician_id, visit_type, status, planned_date, address, latitude, longitude, location_source, estimated_duration_min) VALUES (276, 17, 7, 'correctiu', 'scheduled', '2024-03-27', 'Calle Félix Rodríguez De La Fuente, 9', 43.006565, -5.275783, 'gps', 90);
INSERT INTO CHARGER (charger_id, name, serial_number, brand, model, number_of_plugs, connector_types, has_rfid, environment, power_type, phase_type, max_power_kw, ocpp_version, telecom_provider, installation_date) VALUES (277, 'Unknown', '3P6HZ7S6UKHEEJD1XZYX', 'ABB', 'Terra 54', 2, 'CCS,Type2', true, 'outdoor', 'DC', 'three-phase', 50.0, '1.6', 'Movistar', '2023-01-01');
INSERT INTO CONTRACT (contract_id, type, client_id, charger_id, start_date, end_date, number_of_visits, frequency, status) VALUES (277, 'preventiu', 100, 277, '2024-01-01', '2025-01-01', 4, 'trimestral', 'active');
INSERT INTO VISIT (visit_id, technician_id, visit_type, status, planned_date, address, latitude, longitude, location_source, estimated_duration_min) VALUES (277, 5, 'posada_en_marxa', 'scheduled', '2024-03-28', 'C. San Juan, 116', 41.315086, -6.39916, 'manual', 180);
INSERT INTO CHARGER (charger_id, name, serial_number, brand, model, number_of_plugs, connector_types, has_rfid, environment, power_type, phase_type, max_power_kw, ocpp_version, telecom_provider, installation_date) VALUES (278, 'Unknown', 'WWCWTX4FPO6LKLZ7ELJD', 'ABB', 'Terra 54', 2, 'CCS,Type2', true, 'outdoor', 'DC', 'three-phase', 50.0, '1.6', 'Movistar', '2023-01-01');
INSERT INTO CONTRACT (contract_id, type, client_id, charger_id, start_date, end_date, number_of_visits, frequency, status) VALUES (278, 'preventiu', 100, 278, '2024-01-01', '2025-01-01', 4, 'trimestral', 'active');
INSERT INTO VISIT (visit_id, contract_id, technician_id, visit_type, status, planned_date, address, latitude, longitude, location_source, estimated_duration_min) VALUES (278, 278, 5, 'preventiu', 'scheduled', '2024-04-10', 'Carretera De Villalpando Km. 1,5', 41.855495, -5.595424, 'manual', 120);
INSERT INTO CHARGER (charger_id, name, serial_number, brand, model, number_of_plugs, connector_types, has_rfid, environment, power_type, phase_type, max_power_kw, ocpp_version, telecom_provider, installation_date) VALUES (279, 'Unknown', 'YWTFALKBQOJIQXGASQYI', 'ABB', 'Terra 54', 2, 'CCS,Type2', true, 'outdoor', 'DC', 'three-phase', 50.0, '1.6', 'Movistar', '2023-01-01');
INSERT INTO CONTRACT (contract_id, type, client_id, charger_id, start_date, end_date, number_of_visits, frequency, status) VALUES (279, 'preventiu', 100, 279, '2024-01-01', '2025-01-01', 4, 'trimestral', 'active');
INSERT INTO VISIT (visit_id, contract_id, technician_id, visit_type, status, planned_date, address, latitude, longitude, location_source, estimated_duration_min) VALUES (279, 279, 2, 'diagnosi', 'scheduled', '2024-04-01', 'C. Cañada Real, 306', 41.60424, -4.762734, 'manual', 60);
INSERT INTO CHARGER (charger_id, name, serial_number, brand, model, number_of_plugs, connector_types, has_rfid, environment, power_type, phase_type, max_power_kw, ocpp_version, telecom_provider, installation_date) VALUES (280, 'Unknown', 'SFCGGYJAAQW269D6FEMW', 'ABB', 'Terra 54', 2, 'CCS,Type2', true, 'outdoor', 'DC', 'three-phase', 50.0, '1.6', 'Movistar', '2023-01-01');
INSERT INTO CONTRACT (contract_id, type, client_id, charger_id, start_date, end_date, number_of_visits, frequency, status) VALUES (280, 'preventiu', 100, 280, '2024-01-01', '2025-01-01', 4, 'trimestral', 'active');
INSERT INTO VISIT (visit_id, technician_id, visit_type, status, planned_date, address, latitude, longitude, location_source, estimated_duration_min) VALUES (280, 4, 'posada_en_marxa', 'scheduled', '2024-03-28', 'Ctra. Le-2711', 43.150158, -4.920691, 'manual', 180);
INSERT INTO CHARGER (charger_id, name, serial_number, brand, model, number_of_plugs, connector_types, has_rfid, environment, power_type, phase_type, max_power_kw, ocpp_version, telecom_provider, installation_date) VALUES (281, 'Unknown', 'DJDWUC0RTG8AB9GKCYHU', 'ABB', 'Terra 54', 2, 'CCS,Type2', true, 'outdoor', 'DC', 'three-phase', 50.0, '1.6', 'Movistar', '2023-01-01');
INSERT INTO CONTRACT (contract_id, type, client_id, charger_id, start_date, end_date, number_of_visits, frequency, status) VALUES (281, 'preventiu', 100, 281, '2024-01-01', '2025-01-01', 4, 'trimestral', 'active');
INSERT INTO VISIT (visit_id, contract_id, technician_id, visit_type, status, planned_date, address, latitude, longitude, location_source, estimated_duration_min) VALUES (281, 281, 9, 'diagnosi', 'scheduled', '2024-04-01', 'Casa Del Parque De Valdeburón', 43.040947, -5.091151, 'manual', 60);
INSERT INTO CHARGER (charger_id, name, serial_number, brand, model, number_of_plugs, connector_types, has_rfid, environment, power_type, phase_type, max_power_kw, ocpp_version, telecom_provider, installation_date) VALUES (282, 'Unknown', 'BKUGVHI794GNJAOEFCPX', 'ABB', 'Terra 54', 2, 'CCS,Type2', true, 'outdoor', 'DC', 'three-phase', 50.0, '1.6', 'Movistar', '2023-01-01');
INSERT INTO CONTRACT (contract_id, type, client_id, charger_id, start_date, end_date, number_of_visits, frequency, status) VALUES (282, 'preventiu', 100, 282, '2024-01-01', '2025-01-01', 4, 'trimestral', 'active');
INSERT INTO VISIT (visit_id, contract_id, technician_id, visit_type, status, planned_date, address, latitude, longitude, location_source, estimated_duration_min) VALUES (282, 282, 6, 'preventiu', 'scheduled', '2024-04-10', 'Ctra. De La Plataforma, S/N', 40.34654, -5.175299, 'manual', 120);
INSERT INTO CHARGER (charger_id, name, serial_number, brand, model, number_of_plugs, connector_types, has_rfid, environment, power_type, phase_type, max_power_kw, ocpp_version, telecom_provider, installation_date) VALUES (283, 'Unknown', 'ZOE1D9FYTMJSDBNZS8H5', 'ABB', 'Terra 54', 2, 'CCS,Type2', true, 'outdoor', 'DC', 'three-phase', 50.0, '1.6', 'Movistar', '2023-01-01');
INSERT INTO CONTRACT (contract_id, type, client_id, charger_id, start_date, end_date, number_of_visits, frequency, status) VALUES (283, 'preventiu', 100, 283, '2024-01-01', '2025-01-01', 4, 'trimestral', 'active');
INSERT INTO VISIT (visit_id, contract_id, technician_id, visit_type, status, planned_date, address, latitude, longitude, location_source, estimated_duration_min) VALUES (283, 283, 7, 'diagnosi', 'scheduled', '2024-04-01', 'Carrer De Les Moreres, 81 Pb', 41.32998, 2.104119, 'manual', 60);
INSERT INTO CHARGER (charger_id, name, serial_number, brand, model, number_of_plugs, connector_types, has_rfid, environment, power_type, phase_type, max_power_kw, ocpp_version, telecom_provider, installation_date) VALUES (284, 'Unknown', 'UUX8MDOTXXTKNBASHQEM', 'ABB', 'Terra 54', 2, 'CCS,Type2', true, 'outdoor', 'DC', 'three-phase', 50.0, '1.6', 'Movistar', '2023-01-01');
INSERT INTO CONTRACT (contract_id, type, client_id, charger_id, start_date, end_date, number_of_visits, frequency, status) VALUES (284, 'preventiu', 100, 284, '2024-01-01', '2025-01-01', 4, 'trimestral', 'active');
INSERT INTO VISIT (visit_id, contract_id, technician_id, visit_type, status, planned_date, address, latitude, longitude, location_source, estimated_duration_min) VALUES (284, 284, 7, 'diagnosi', 'scheduled', '2024-04-01', 'Plaça Espanya, 2', 41.33146, 2.093881, 'manual', 60);
INSERT INTO CHARGER (charger_id, name, serial_number, brand, model, number_of_plugs, connector_types, has_rfid, environment, power_type, phase_type, max_power_kw, ocpp_version, telecom_provider, installation_date) VALUES (285, 'Unknown', 'HYRZL1SH6LUZUC7LOAAY', 'ABB', 'Terra 54', 2, 'CCS,Type2', true, 'outdoor', 'DC', 'three-phase', 50.0, '1.6', 'Movistar', '2023-01-01');
INSERT INTO CONTRACT (contract_id, type, client_id, charger_id, start_date, end_date, number_of_visits, frequency, status) VALUES (285, 'preventiu', 100, 285, '2024-01-01', '2025-01-01', 4, 'trimestral', 'active');
INSERT INTO VISIT (visit_id, technician_id, visit_type, status, planned_date, address, latitude, longitude, location_source, estimated_duration_min) VALUES (285, 3, 'posada_en_marxa', 'scheduled', '2024-03-28', 'Av. De La Verge De Montserrat, 139Bis', 41.324894, 2.093039, 'manual', 180);
INSERT INTO CHARGER (charger_id, name, serial_number, brand, model, number_of_plugs, connector_types, has_rfid, environment, power_type, phase_type, max_power_kw, ocpp_version, telecom_provider, installation_date) VALUES (286, 'Unknown', 'AT5TBWCCUESPHXCWYWMX', 'ABB', 'Terra 54', 2, 'CCS,Type2', true, 'outdoor', 'DC', 'three-phase', 50.0, '1.6', 'Movistar', '2023-01-01');
INSERT INTO CONTRACT (contract_id, type, client_id, charger_id, start_date, end_date, number_of_visits, frequency, status) VALUES (286, 'preventiu', 100, 286, '2024-01-01', '2025-01-01', 4, 'trimestral', 'active');
INSERT INTO VISIT (visit_id, technician_id, visit_type, status, planned_date, address, latitude, longitude, location_source, estimated_duration_min) VALUES (286, 2, 'posada_en_marxa', 'scheduled', '2024-03-28', 'Farmacia, Av. De La Verge De Montserrat, 257', 41.32334, 2.08661, 'manual', 180);
INSERT INTO CHARGER (charger_id, name, serial_number, brand, model, number_of_plugs, connector_types, has_rfid, environment, power_type, phase_type, max_power_kw, ocpp_version, telecom_provider, installation_date) VALUES (287, 'Unknown', 'GUVFSHIZRFP5MSVDCR4T', 'ABB', 'Terra 54', 2, 'CCS,Type2', true, 'outdoor', 'DC', 'three-phase', 50.0, '1.6', 'Movistar', '2023-01-01');
INSERT INTO CONTRACT (contract_id, type, client_id, charger_id, start_date, end_date, number_of_visits, frequency, status) VALUES (287, 'preventiu', 100, 287, '2024-01-01', '2025-01-01', 4, 'trimestral', 'active');
INSERT INTO VISIT (visit_id, contract_id, technician_id, visit_type, status, planned_date, address, latitude, longitude, location_source, estimated_duration_min) VALUES (287, 287, 5, 'diagnosi', 'scheduled', '2024-04-01', 'Carrer De L''estació, 1', 41.513325, 2.193263, 'manual', 60);
INSERT INTO CHARGER (charger_id, name, serial_number, brand, model, number_of_plugs, connector_types, has_rfid, environment, power_type, phase_type, max_power_kw, ocpp_version, telecom_provider, installation_date) VALUES (288, 'Unknown', 'HJVHTVYOV3KYYUNOHZ1X', 'ABB', 'Terra 54', 2, 'CCS,Type2', true, 'outdoor', 'DC', 'three-phase', 50.0, '1.6', 'Movistar', '2023-01-01');
INSERT INTO CONTRACT (contract_id, type, client_id, charger_id, start_date, end_date, number_of_visits, frequency, status) VALUES (288, 'preventiu', 100, 288, '2024-01-01', '2025-01-01', 4, 'trimestral', 'active');
INSERT INTO VISIT (visit_id, contract_id, technician_id, visit_type, status, planned_date, address, latitude, longitude, location_source, estimated_duration_min) VALUES (288, 288, 8, 'preventiu', 'scheduled', '2024-04-10', 'Plaça De Willy Brandt, 11-14', 41.409103, 2.21935, 'manual', 120);
INSERT INTO CHARGER (charger_id, name, serial_number, brand, model, number_of_plugs, connector_types, has_rfid, environment, power_type, phase_type, max_power_kw, ocpp_version, telecom_provider, installation_date) VALUES (289, 'Unknown', 'UPA7WJXXHNB6XALEK6GX', 'ABB', 'Terra 54', 2, 'CCS,Type2', true, 'outdoor', 'DC', 'three-phase', 50.0, '1.6', 'Movistar', '2023-01-01');
INSERT INTO CONTRACT (contract_id, type, client_id, charger_id, start_date, end_date, number_of_visits, frequency, status) VALUES (289, 'preventiu', 100, 289, '2024-01-01', '2025-01-01', 4, 'trimestral', 'active');
INSERT INTO VISIT (visit_id, contract_id, technician_id, visit_type, status, planned_date, address, latitude, longitude, location_source, estimated_duration_min) VALUES (289, 289, 10, 'preventiu', 'scheduled', '2024-04-10', 'Carrer Del Progrés, 4', 41.51141, 2.195612, 'manual', 120);
INSERT INTO CHARGER (charger_id, name, serial_number, brand, model, number_of_plugs, connector_types, has_rfid, environment, power_type, phase_type, max_power_kw, ocpp_version, telecom_provider, installation_date) VALUES (290, 'Unknown', 'Q4UWUQNBLFDOPMJVQAZ3', 'ABB', 'Terra 54', 2, 'CCS,Type2', true, 'outdoor', 'DC', 'three-phase', 50.0, '1.6', 'Movistar', '2023-01-01');
INSERT INTO CONTRACT (contract_id, type, client_id, charger_id, start_date, end_date, number_of_visits, frequency, status) VALUES (290, 'preventiu', 100, 290, '2024-01-01', '2025-01-01', 4, 'trimestral', 'active');
INSERT INTO VISIT (visit_id, contract_id, technician_id, visit_type, status, planned_date, address, latitude, longitude, location_source, estimated_duration_min) VALUES (290, 290, 9, 'diagnosi', 'scheduled', '2024-04-01', 'Carrer De Mollet, 16', 41.515343, 2.196771, 'manual', 60);
INSERT INTO CHARGER (charger_id, name, serial_number, brand, model, number_of_plugs, connector_types, has_rfid, environment, power_type, phase_type, max_power_kw, ocpp_version, telecom_provider, installation_date) VALUES (291, 'Ajuntament d''Aldover - SELBA EdRSR 1', 'LTGMXEPFAKFESGV05LNG', 'ABB', 'Terra 54', 2, 'CCS,Type2', true, 'outdoor', 'DC', 'three-phase', 50.0, '1.6', 'Movistar', '2023-01-01');
INSERT INTO CONTRACT (contract_id, type, client_id, charger_id, start_date, end_date, number_of_visits, frequency, status) VALUES (291, 'preventiu', 100, 291, '2024-01-01', '2025-01-01', 4, 'trimestral', 'active');
INSERT INTO INCIDENCE (incidence_id, charger_id, reported_at, priority, status, description, estimated_duration_min) VALUES (18, 291, '2024-03-26 09:00:00', 3, 'pending', 'Incidència de tipus Non-critical Corrective', 90);
INSERT INTO VISIT (visit_id, incidence_id, technician_id, visit_type, status, planned_date, address, latitude, longitude, location_source, estimated_duration_min) VALUES (291, 18, 9, 'correctiu', 'scheduled', '2024-03-27', 'Vias Verdes Del Baix Ebre', 40.87979, 0.498793, 'gps', 90);
INSERT INTO CHARGER (charger_id, name, serial_number, brand, model, number_of_plugs, connector_types, has_rfid, environment, power_type, phase_type, max_power_kw, ocpp_version, telecom_provider, installation_date) VALUES (292, 'Ajuntament de Montferrer - INGETEAM EdRSR 1', 'IJOJQSY29VJFD3GVWZCN', 'ABB', 'Terra 54', 2, 'CCS,Type2', true, 'outdoor', 'DC', 'three-phase', 50.0, '1.6', 'Movistar', '2023-01-01');
INSERT INTO CONTRACT (contract_id, type, client_id, charger_id, start_date, end_date, number_of_visits, frequency, status) VALUES (292, 'preventiu', 100, 292, '2024-01-01', '2025-01-01', 4, 'trimestral', 'active');
INSERT INTO VISIT (visit_id, contract_id, technician_id, visit_type, status, planned_date, address, latitude, longitude, location_source, estimated_duration_min) VALUES (292, 292, 10, 'preventiu', 'scheduled', '2024-04-10', 'Polígon Industrial De Montferrer Parcel·La B16', 42.34126, 1.42221, 'manual', 120);
INSERT INTO CHARGER (charger_id, name, serial_number, brand, model, number_of_plugs, connector_types, has_rfid, environment, power_type, phase_type, max_power_kw, ocpp_version, telecom_provider, installation_date) VALUES (293, 'Unknown', 'IWPNW38BKPIXBZ9EYVGQ', 'ABB', 'Terra 54', 2, 'CCS,Type2', true, 'outdoor', 'DC', 'three-phase', 50.0, '1.6', 'Movistar', '2023-01-01');
INSERT INTO CONTRACT (contract_id, type, client_id, charger_id, start_date, end_date, number_of_visits, frequency, status) VALUES (293, 'preventiu', 100, 293, '2024-01-01', '2025-01-01', 4, 'trimestral', 'active');
INSERT INTO VISIT (visit_id, contract_id, technician_id, visit_type, status, planned_date, address, latitude, longitude, location_source, estimated_duration_min) VALUES (293, 293, 7, 'preventiu', 'scheduled', '2024-04-10', 'Carrer De Sant Joan, 57-55', 41.30493, 0.42722, 'manual', 120);
INSERT INTO CHARGER (charger_id, name, serial_number, brand, model, number_of_plugs, connector_types, has_rfid, environment, power_type, phase_type, max_power_kw, ocpp_version, telecom_provider, installation_date) VALUES (294, 'Unknown', 'WC8FJV4BW8QCK7WTMOLA', 'ABB', 'Terra 54', 2, 'CCS,Type2', true, 'outdoor', 'DC', 'three-phase', 50.0, '1.6', 'Movistar', '2023-01-01');
INSERT INTO CONTRACT (contract_id, type, client_id, charger_id, start_date, end_date, number_of_visits, frequency, status) VALUES (294, 'preventiu', 100, 294, '2024-01-01', '2025-01-01', 4, 'trimestral', 'active');
INSERT INTO VISIT (visit_id, contract_id, technician_id, visit_type, status, planned_date, address, latitude, longitude, location_source, estimated_duration_min) VALUES (294, 294, 1, 'diagnosi', 'scheduled', '2024-04-01', 'Pl. De La Diputación, 6', 42.479115, -2.084818, 'manual', 60);
INSERT INTO CHARGER (charger_id, name, serial_number, brand, model, number_of_plugs, connector_types, has_rfid, environment, power_type, phase_type, max_power_kw, ocpp_version, telecom_provider, installation_date) VALUES (295, 'Ajuntament d’Amer - INGETEAM EdRSR 1', '6N6SJ8ZHNVKGWOT0F0KE', 'ABB', 'Terra 54', 2, 'CCS,Type2', true, 'outdoor', 'DC', 'three-phase', 50.0, '1.6', 'Movistar', '2023-01-01');
INSERT INTO CONTRACT (contract_id, type, client_id, charger_id, start_date, end_date, number_of_visits, frequency, status) VALUES (295, 'preventiu', 100, 295, '2024-01-01', '2025-01-01', 4, 'trimestral', 'active');
INSERT INTO VISIT (visit_id, contract_id, technician_id, visit_type, status, planned_date, address, latitude, longitude, location_source, estimated_duration_min) VALUES (295, 295, 1, 'preventiu', 'scheduled', '2024-04-10', 'Avinguda Antoni Gaudí, 0', 42.010418, 2.601232, 'manual', 120);
INSERT INTO CHARGER (charger_id, name, serial_number, brand, model, number_of_plugs, connector_types, has_rfid, environment, power_type, phase_type, max_power_kw, ocpp_version, telecom_provider, installation_date) VALUES (296, 'Unknown', 'OUPVLGA5B2TFO9GWASEO', 'ABB', 'Terra 54', 2, 'CCS,Type2', true, 'outdoor', 'DC', 'three-phase', 50.0, '1.6', 'Movistar', '2023-01-01');
INSERT INTO CONTRACT (contract_id, type, client_id, charger_id, start_date, end_date, number_of_visits, frequency, status) VALUES (296, 'preventiu', 100, 296, '2024-01-01', '2025-01-01', 4, 'trimestral', 'active');
INSERT INTO VISIT (visit_id, contract_id, technician_id, visit_type, status, planned_date, address, latitude, longitude, location_source, estimated_duration_min) VALUES (296, 296, 5, 'preventiu', 'scheduled', '2024-04-10', 'Carrer Mas Savalls, 2', 41.957703, 2.99326, 'manual', 120);
INSERT INTO CHARGER (charger_id, name, serial_number, brand, model, number_of_plugs, connector_types, has_rfid, environment, power_type, phase_type, max_power_kw, ocpp_version, telecom_provider, installation_date) VALUES (297, 'Unknown', '0ZG6Y24ZH8IRJJXI5O19', 'ABB', 'Terra 54', 2, 'CCS,Type2', true, 'outdoor', 'DC', 'three-phase', 50.0, '1.6', 'Movistar', '2023-01-01');
INSERT INTO CONTRACT (contract_id, type, client_id, charger_id, start_date, end_date, number_of_visits, frequency, status) VALUES (297, 'preventiu', 100, 297, '2024-01-01', '2025-01-01', 4, 'trimestral', 'active');
INSERT INTO VISIT (visit_id, contract_id, technician_id, visit_type, status, planned_date, address, latitude, longitude, location_source, estimated_duration_min) VALUES (297, 297, 6, 'diagnosi', 'scheduled', '2024-04-01', 'Pl. Cein, 4', 42.75418, -1.638229, 'manual', 60);
INSERT INTO CHARGER (charger_id, name, serial_number, brand, model, number_of_plugs, connector_types, has_rfid, environment, power_type, phase_type, max_power_kw, ocpp_version, telecom_provider, installation_date) VALUES (298, 'Unknown', 'AQUP0IOLIK5OHS4HTI8G', 'ABB', 'Terra 54', 2, 'CCS,Type2', true, 'outdoor', 'DC', 'three-phase', 50.0, '1.6', 'Movistar', '2023-01-01');
INSERT INTO CONTRACT (contract_id, type, client_id, charger_id, start_date, end_date, number_of_visits, frequency, status) VALUES (298, 'preventiu', 100, 298, '2024-01-01', '2025-01-01', 4, 'trimestral', 'active');
INSERT INTO VISIT (visit_id, contract_id, technician_id, visit_type, status, planned_date, address, latitude, longitude, location_source, estimated_duration_min) VALUES (298, 298, 1, 'diagnosi', 'scheduled', '2024-04-01', 'Centro De Innovación Tecnológica De Automoción De Nevarro, C. Tajonar', 42.80149, -1.635289, 'manual', 60);
INSERT INTO CHARGER (charger_id, name, serial_number, brand, model, number_of_plugs, connector_types, has_rfid, environment, power_type, phase_type, max_power_kw, ocpp_version, telecom_provider, installation_date) VALUES (299, 'Unknown', 'QIEBL3QZEHOJ62OUYTDR', 'ABB', 'Terra 54', 2, 'CCS,Type2', true, 'outdoor', 'DC', 'three-phase', 50.0, '1.6', 'Movistar', '2023-01-01');
INSERT INTO CONTRACT (contract_id, type, client_id, charger_id, start_date, end_date, number_of_visits, frequency, status) VALUES (299, 'preventiu', 100, 299, '2024-01-01', '2025-01-01', 4, 'trimestral', 'active');
INSERT INTO VISIT (visit_id, technician_id, visit_type, status, planned_date, address, latitude, longitude, location_source, estimated_duration_min) VALUES (299, 1, 'posada_en_marxa', 'scheduled', '2024-03-28', 'C/ De Juan Miguel Gervilla Valladolid, 11', 41.385715, 2.127817, 'manual', 180);
INSERT INTO CHARGER (charger_id, name, serial_number, brand, model, number_of_plugs, connector_types, has_rfid, environment, power_type, phase_type, max_power_kw, ocpp_version, telecom_provider, installation_date) VALUES (300, 'Ajuntament de Vilablareix - CIRCUTOR EdRSR 1', 'RWNZU9R8RKQAGUWKSHIV', 'ABB', 'Terra 54', 2, 'CCS,Type2', true, 'outdoor', 'DC', 'three-phase', 50.0, '1.6', 'Movistar', '2023-01-01');
INSERT INTO CONTRACT (contract_id, type, client_id, charger_id, start_date, end_date, number_of_visits, frequency, status) VALUES (300, 'preventiu', 100, 300, '2024-01-01', '2025-01-01', 4, 'trimestral', 'active');
INSERT INTO VISIT (visit_id, contract_id, technician_id, visit_type, status, planned_date, address, latitude, longitude, location_source, estimated_duration_min) VALUES (300, 300, 6, 'preventiu', 'scheduled', '2024-04-10', 'Carrer Del Marroc, 44-46', 41.953403, 2.792459, 'manual', 120);
INSERT INTO CHARGER (charger_id, name, serial_number, brand, model, number_of_plugs, connector_types, has_rfid, environment, power_type, phase_type, max_power_kw, ocpp_version, telecom_provider, installation_date) VALUES (301, 'Ajuntament de Vilablareix - CIRCUTOR EdRSR 2', 'RQ4WUDW5X9FZ4JQO17KH', 'ABB', 'Terra 54', 2, 'CCS,Type2', true, 'outdoor', 'DC', 'three-phase', 50.0, '1.6', 'Movistar', '2023-01-01');
INSERT INTO CONTRACT (contract_id, type, client_id, charger_id, start_date, end_date, number_of_visits, frequency, status) VALUES (301, 'preventiu', 100, 301, '2024-01-01', '2025-01-01', 4, 'trimestral', 'active');
INSERT INTO VISIT (visit_id, contract_id, technician_id, visit_type, status, planned_date, address, latitude, longitude, location_source, estimated_duration_min) VALUES (301, 301, 8, 'preventiu', 'scheduled', '2024-04-10', 'Avinguda De Lluís Companys, 75', 41.950268, 2.800698, 'manual', 120);
INSERT INTO CHARGER (charger_id, name, serial_number, brand, model, number_of_plugs, connector_types, has_rfid, environment, power_type, phase_type, max_power_kw, ocpp_version, telecom_provider, installation_date) VALUES (302, 'Unknown', 'SBEAMDYAAADHW3FA5TYF', 'ABB', 'Terra 54', 2, 'CCS,Type2', true, 'outdoor', 'DC', 'three-phase', 50.0, '1.6', 'Movistar', '2023-01-01');
INSERT INTO CONTRACT (contract_id, type, client_id, charger_id, start_date, end_date, number_of_visits, frequency, status) VALUES (302, 'preventiu', 100, 302, '2024-01-01', '2025-01-01', 4, 'trimestral', 'active');
INSERT INTO VISIT (visit_id, contract_id, technician_id, visit_type, status, planned_date, address, latitude, longitude, location_source, estimated_duration_min) VALUES (302, 302, 3, 'preventiu', 'scheduled', '2024-04-10', 'Carrer Dels Pirineus, 33', 41.954872, 2.799911, 'manual', 120);
INSERT INTO CHARGER (charger_id, name, serial_number, brand, model, number_of_plugs, connector_types, has_rfid, environment, power_type, phase_type, max_power_kw, ocpp_version, telecom_provider, installation_date) VALUES (303, 'Ajuntament de Vilablareix - CIRCUTOR EdRSR 5', '5SLEYNFEPAKLB73JCU30', 'ABB', 'Terra 54', 2, 'CCS,Type2', true, 'outdoor', 'DC', 'three-phase', 50.0, '1.6', 'Movistar', '2023-01-01');
INSERT INTO CONTRACT (contract_id, type, client_id, charger_id, start_date, end_date, number_of_visits, frequency, status) VALUES (303, 'preventiu', 100, 303, '2024-01-01', '2025-01-01', 4, 'trimestral', 'active');
INSERT INTO VISIT (visit_id, technician_id, visit_type, status, planned_date, address, latitude, longitude, location_source, estimated_duration_min) VALUES (303, 3, 'posada_en_marxa', 'scheduled', '2024-03-28', 'Carrer Del Marroc, 19', 41.95583, 2.793376, 'manual', 180);
INSERT INTO CHARGER (charger_id, name, serial_number, brand, model, number_of_plugs, connector_types, has_rfid, environment, power_type, phase_type, max_power_kw, ocpp_version, telecom_provider, installation_date) VALUES (304, 'Unknown', 'VDLNO3DITQMIQODNSKOL', 'ABB', 'Terra 54', 2, 'CCS,Type2', true, 'outdoor', 'DC', 'three-phase', 50.0, '1.6', 'Movistar', '2023-01-01');
INSERT INTO CONTRACT (contract_id, type, client_id, charger_id, start_date, end_date, number_of_visits, frequency, status) VALUES (304, 'preventiu', 100, 304, '2024-01-01', '2025-01-01', 4, 'trimestral', 'active');
INSERT INTO VISIT (visit_id, contract_id, technician_id, visit_type, status, planned_date, address, latitude, longitude, location_source, estimated_duration_min) VALUES (304, 304, 8, 'preventiu', 'scheduled', '2024-04-10', 'Carrer De L’Hostelera 5', 41.178085, 1.100412, 'manual', 120);
INSERT INTO CHARGER (charger_id, name, serial_number, brand, model, number_of_plugs, connector_types, has_rfid, environment, power_type, phase_type, max_power_kw, ocpp_version, telecom_provider, installation_date) VALUES (305, 'Unknown', 'NKDMYD6ZDQBGQ95VM9VL', 'ABB', 'Terra 54', 2, 'CCS,Type2', true, 'outdoor', 'DC', 'three-phase', 50.0, '1.6', 'Movistar', '2023-01-01');
INSERT INTO CONTRACT (contract_id, type, client_id, charger_id, start_date, end_date, number_of_visits, frequency, status) VALUES (305, 'preventiu', 100, 305, '2024-01-01', '2025-01-01', 4, 'trimestral', 'active');
INSERT INTO VISIT (visit_id, contract_id, technician_id, visit_type, status, planned_date, address, latitude, longitude, location_source, estimated_duration_min) VALUES (305, 305, 7, 'diagnosi', 'scheduled', '2024-04-01', 'Pompeu Fabra, 17', 41.180035, 1.098655, 'manual', 60);
INSERT INTO CHARGER (charger_id, name, serial_number, brand, model, number_of_plugs, connector_types, has_rfid, environment, power_type, phase_type, max_power_kw, ocpp_version, telecom_provider, installation_date) VALUES (306, 'Ajuntament de Renau - SELBA - EdRSR', 'UIT6LR0G1NVVV4SWW8BB', 'ABB', 'Terra 54', 2, 'CCS,Type2', true, 'outdoor', 'DC', 'three-phase', 50.0, '1.6', 'Movistar', '2023-01-01');
INSERT INTO CONTRACT (contract_id, type, client_id, charger_id, start_date, end_date, number_of_visits, frequency, status) VALUES (306, 'preventiu', 100, 306, '2024-01-01', '2025-01-01', 4, 'trimestral', 'active');
INSERT INTO VISIT (visit_id, technician_id, visit_type, status, planned_date, address, latitude, longitude, location_source, estimated_duration_min) VALUES (306, 8, 'posada_en_marxa', 'scheduled', '2024-03-28', 'Cami De La Rulla, 2', 41.22441, 1.311806, 'manual', 180);
INSERT INTO CHARGER (charger_id, name, serial_number, brand, model, number_of_plugs, connector_types, has_rfid, environment, power_type, phase_type, max_power_kw, ocpp_version, telecom_provider, installation_date) VALUES (307, 'Unknown', 'Q8VNNWC8W9VSDTYGOWRR', 'ABB', 'Terra 54', 2, 'CCS,Type2', true, 'outdoor', 'DC', 'three-phase', 50.0, '1.6', 'Movistar', '2023-01-01');
INSERT INTO CONTRACT (contract_id, type, client_id, charger_id, start_date, end_date, number_of_visits, frequency, status) VALUES (307, 'preventiu', 100, 307, '2024-01-01', '2025-01-01', 4, 'trimestral', 'active');
INSERT INTO VISIT (visit_id, contract_id, technician_id, visit_type, status, planned_date, address, latitude, longitude, location_source, estimated_duration_min) VALUES (307, 307, 7, 'diagnosi', 'scheduled', '2024-04-01', 'Carrer Domènech Carles, 14', 41.6967, 2.836668, 'manual', 60);
INSERT INTO CHARGER (charger_id, name, serial_number, brand, model, number_of_plugs, connector_types, has_rfid, environment, power_type, phase_type, max_power_kw, ocpp_version, telecom_provider, installation_date) VALUES (308, 'Unknown', '0WPACBHEO20EO0TGHQF6', 'ABB', 'Terra 54', 2, 'CCS,Type2', true, 'outdoor', 'DC', 'three-phase', 50.0, '1.6', 'Movistar', '2023-01-01');
INSERT INTO CONTRACT (contract_id, type, client_id, charger_id, start_date, end_date, number_of_visits, frequency, status) VALUES (308, 'preventiu', 100, 308, '2024-01-01', '2025-01-01', 4, 'trimestral', 'active');
INSERT INTO VISIT (visit_id, contract_id, technician_id, visit_type, status, planned_date, address, latitude, longitude, location_source, estimated_duration_min) VALUES (308, 308, 1, 'preventiu', 'scheduled', '2024-04-10', 'Raval De Sant Joan, 1B', 41.113632, 1.038134, 'manual', 120);
INSERT INTO CHARGER (charger_id, name, serial_number, brand, model, number_of_plugs, connector_types, has_rfid, environment, power_type, phase_type, max_power_kw, ocpp_version, telecom_provider, installation_date) VALUES (309, 'Unknown', 'RSCS62KVYRMOAVZHPSSO', 'ABB', 'Terra 54', 2, 'CCS,Type2', true, 'outdoor', 'DC', 'three-phase', 50.0, '1.6', 'Movistar', '2023-01-01');
INSERT INTO CONTRACT (contract_id, type, client_id, charger_id, start_date, end_date, number_of_visits, frequency, status) VALUES (309, 'preventiu', 100, 309, '2024-01-01', '2025-01-01', 4, 'trimestral', 'active');
INSERT INTO VISIT (visit_id, contract_id, technician_id, visit_type, status, planned_date, address, latitude, longitude, location_source, estimated_duration_min) VALUES (309, 309, 7, 'preventiu', 'scheduled', '2024-04-10', 'Avinguda Càndida Masgrau I Campeny', 41.703358, 2.83678, 'manual', 120);
INSERT INTO CHARGER (charger_id, name, serial_number, brand, model, number_of_plugs, connector_types, has_rfid, environment, power_type, phase_type, max_power_kw, ocpp_version, telecom_provider, installation_date) VALUES (310, 'Unknown', 'XUYAVZOLKMI9TVCL9SOK', 'ABB', 'Terra 54', 2, 'CCS,Type2', true, 'outdoor', 'DC', 'three-phase', 50.0, '1.6', 'Movistar', '2023-01-01');
INSERT INTO CONTRACT (contract_id, type, client_id, charger_id, start_date, end_date, number_of_visits, frequency, status) VALUES (310, 'preventiu', 100, 310, '2024-01-01', '2025-01-01', 4, 'trimestral', 'active');
INSERT INTO VISIT (visit_id, contract_id, technician_id, visit_type, status, planned_date, address, latitude, longitude, location_source, estimated_duration_min) VALUES (310, 310, 10, 'preventiu', 'scheduled', '2024-04-10', 'Carrer Del Nord, 65', 41.491783, 2.358136, 'manual', 120);
INSERT INTO CHARGER (charger_id, name, serial_number, brand, model, number_of_plugs, connector_types, has_rfid, environment, power_type, phase_type, max_power_kw, ocpp_version, telecom_provider, installation_date) VALUES (311, 'Unknown', 'GNW7AYNNJZMKJUN1RQOR', 'ABB', 'Terra 54', 2, 'CCS,Type2', true, 'outdoor', 'DC', 'three-phase', 50.0, '1.6', 'Movistar', '2023-01-01');
INSERT INTO CONTRACT (contract_id, type, client_id, charger_id, start_date, end_date, number_of_visits, frequency, status) VALUES (311, 'preventiu', 100, 311, '2024-01-01', '2025-01-01', 4, 'trimestral', 'active');
INSERT INTO VISIT (visit_id, contract_id, technician_id, visit_type, status, planned_date, address, latitude, longitude, location_source, estimated_duration_min) VALUES (311, 311, 2, 'preventiu', 'scheduled', '2024-04-10', 'Riera De Premià, S/N,', 41.49114, 2.353694, 'manual', 120);
INSERT INTO CHARGER (charger_id, name, serial_number, brand, model, number_of_plugs, connector_types, has_rfid, environment, power_type, phase_type, max_power_kw, ocpp_version, telecom_provider, installation_date) VALUES (312, 'Unknown', 'BQHCJO2XK4UVCLSP7GLB', 'ABB', 'Terra 54', 2, 'CCS,Type2', true, 'outdoor', 'DC', 'three-phase', 50.0, '1.6', 'Movistar', '2023-01-01');
INSERT INTO CONTRACT (contract_id, type, client_id, charger_id, start_date, end_date, number_of_visits, frequency, status) VALUES (312, 'preventiu', 100, 312, '2024-01-01', '2025-01-01', 4, 'trimestral', 'active');
INSERT INTO VISIT (visit_id, technician_id, visit_type, status, planned_date, address, latitude, longitude, location_source, estimated_duration_min) VALUES (312, 10, 'posada_en_marxa', 'scheduled', '2024-03-28', 'C. De Santiago Rusiñol, 53-49', 41.496048, 2.362125, 'manual', 180);
INSERT INTO CHARGER (charger_id, name, serial_number, brand, model, number_of_plugs, connector_types, has_rfid, environment, power_type, phase_type, max_power_kw, ocpp_version, telecom_provider, installation_date) VALUES (313, 'Unknown', 'EQLHFRIWJLWGRIXESJSI', 'ABB', 'Terra 54', 2, 'CCS,Type2', true, 'outdoor', 'DC', 'three-phase', 50.0, '1.6', 'Movistar', '2023-01-01');
INSERT INTO CONTRACT (contract_id, type, client_id, charger_id, start_date, end_date, number_of_visits, frequency, status) VALUES (313, 'preventiu', 100, 313, '2024-01-01', '2025-01-01', 4, 'trimestral', 'active');
INSERT INTO VISIT (visit_id, technician_id, visit_type, status, planned_date, address, latitude, longitude, location_source, estimated_duration_min) VALUES (313, 8, 'posada_en_marxa', 'scheduled', '2024-03-28', 'Via Augusta, 355, Local 3, 08017 Barcelona, España', 41.40173, 2.120758, 'manual', 180);
INSERT INTO CHARGER (charger_id, name, serial_number, brand, model, number_of_plugs, connector_types, has_rfid, environment, power_type, phase_type, max_power_kw, ocpp_version, telecom_provider, installation_date) VALUES (314, 'Unknown', '1JPVZJZEJGUCV9FU7TZU', 'ABB', 'Terra 54', 2, 'CCS,Type2', true, 'outdoor', 'DC', 'three-phase', 50.0, '1.6', 'Movistar', '2023-01-01');
INSERT INTO CONTRACT (contract_id, type, client_id, charger_id, start_date, end_date, number_of_visits, frequency, status) VALUES (314, 'preventiu', 100, 314, '2024-01-01', '2025-01-01', 4, 'trimestral', 'active');
INSERT INTO VISIT (visit_id, technician_id, visit_type, status, planned_date, address, latitude, longitude, location_source, estimated_duration_min) VALUES (314, 3, 'posada_en_marxa', 'scheduled', '2024-03-28', 'Carrer Segarra, S/N,', 41.49389, 2.372889, 'manual', 180);
INSERT INTO CHARGER (charger_id, name, serial_number, brand, model, number_of_plugs, connector_types, has_rfid, environment, power_type, phase_type, max_power_kw, ocpp_version, telecom_provider, installation_date) VALUES (315, 'Ajuntament d''Alcanar - INGETEAM EdRR 1', 'BC5J9CRYUUUJJZOCJSVM', 'ABB', 'Terra 54', 2, 'CCS,Type2', true, 'outdoor', 'DC', 'three-phase', 50.0, '1.6', 'Movistar', '2023-01-01');
INSERT INTO CONTRACT (contract_id, type, client_id, charger_id, start_date, end_date, number_of_visits, frequency, status) VALUES (315, 'preventiu', 100, 315, '2024-01-01', '2025-01-01', 4, 'trimestral', 'active');
INSERT INTO VISIT (visit_id, contract_id, technician_id, visit_type, status, planned_date, address, latitude, longitude, location_source, estimated_duration_min) VALUES (315, 315, 5, 'preventiu', 'scheduled', '2024-04-10', 'Avinguda De Catalunya, 63', 40.541843, 0.482138, 'manual', 120);
INSERT INTO CHARGER (charger_id, name, serial_number, brand, model, number_of_plugs, connector_types, has_rfid, environment, power_type, phase_type, max_power_kw, ocpp_version, telecom_provider, installation_date) VALUES (316, 'Unknown', 'LZ7MPT3RIUQJTV2MJSTP', 'ABB', 'Terra 54', 2, 'CCS,Type2', true, 'outdoor', 'DC', 'three-phase', 50.0, '1.6', 'Movistar', '2023-01-01');
INSERT INTO CONTRACT (contract_id, type, client_id, charger_id, start_date, end_date, number_of_visits, frequency, status) VALUES (316, 'preventiu', 100, 316, '2024-01-01', '2025-01-01', 4, 'trimestral', 'active');
INSERT INTO VISIT (visit_id, technician_id, visit_type, status, planned_date, address, latitude, longitude, location_source, estimated_duration_min) VALUES (316, 2, 'posada_en_marxa', 'scheduled', '2024-03-28', 'Carrer Del Comte D''urgell, 234', 41.38966, 2.14938, 'manual', 180);
INSERT INTO CHARGER (charger_id, name, serial_number, brand, model, number_of_plugs, connector_types, has_rfid, environment, power_type, phase_type, max_power_kw, ocpp_version, telecom_provider, installation_date) VALUES (317, 'Unknown', 'DEIGPJCWFWEIGL9PXGFR', 'ABB', 'Terra 54', 2, 'CCS,Type2', true, 'outdoor', 'DC', 'three-phase', 50.0, '1.6', 'Movistar', '2023-01-01');
INSERT INTO CONTRACT (contract_id, type, client_id, charger_id, start_date, end_date, number_of_visits, frequency, status) VALUES (317, 'preventiu', 100, 317, '2024-01-01', '2025-01-01', 4, 'trimestral', 'active');
INSERT INTO VISIT (visit_id, contract_id, technician_id, visit_type, status, planned_date, address, latitude, longitude, location_source, estimated_duration_min) VALUES (317, 317, 9, 'diagnosi', 'scheduled', '2024-04-01', 'C/ De St. Antoni Maria Claret, 84', 41.40626, 2.168021, 'manual', 60);
INSERT INTO CHARGER (charger_id, name, serial_number, brand, model, number_of_plugs, connector_types, has_rfid, environment, power_type, phase_type, max_power_kw, ocpp_version, telecom_provider, installation_date) VALUES (318, 'Ajuntament de Folgueroles - SELBA EdRSR', '66V5VZT95INURGZJ1RNX', 'ABB', 'Terra 54', 2, 'CCS,Type2', true, 'outdoor', 'DC', 'three-phase', 50.0, '1.6', 'Movistar', '2023-01-01');
INSERT INTO CONTRACT (contract_id, type, client_id, charger_id, start_date, end_date, number_of_visits, frequency, status) VALUES (318, 'preventiu', 100, 318, '2024-01-01', '2025-01-01', 4, 'trimestral', 'active');
INSERT INTO VISIT (visit_id, technician_id, visit_type, status, planned_date, address, latitude, longitude, location_source, estimated_duration_min) VALUES (318, 8, 'posada_en_marxa', 'scheduled', '2024-03-28', 'Carrer Josep Maria De Casacuberta, 95', 41.93936, 2.321472, 'manual', 180);
INSERT INTO CHARGER (charger_id, name, serial_number, brand, model, number_of_plugs, connector_types, has_rfid, environment, power_type, phase_type, max_power_kw, ocpp_version, telecom_provider, installation_date) VALUES (319, 'Unknown', 'EWMTPWPD96C2ONAV59QV', 'ABB', 'Terra 54', 2, 'CCS,Type2', true, 'outdoor', 'DC', 'three-phase', 50.0, '1.6', 'Movistar', '2023-01-01');
INSERT INTO CONTRACT (contract_id, type, client_id, charger_id, start_date, end_date, number_of_visits, frequency, status) VALUES (319, 'preventiu', 100, 319, '2024-01-01', '2025-01-01', 4, 'trimestral', 'active');
INSERT INTO VISIT (visit_id, contract_id, technician_id, visit_type, status, planned_date, address, latitude, longitude, location_source, estimated_duration_min) VALUES (319, 319, 2, 'preventiu', 'scheduled', '2024-04-10', 'Avinguda D''europa, 26', 41.59604, 1.63203, 'manual', 120);
INSERT INTO CHARGER (charger_id, name, serial_number, brand, model, number_of_plugs, connector_types, has_rfid, environment, power_type, phase_type, max_power_kw, ocpp_version, telecom_provider, installation_date) VALUES (320, 'Ajuntament de Riells i Viabrea - SELBA EdRSR 1', 'OHOUAJFQAURU0ODWQ1WH', 'ABB', 'Terra 54', 2, 'CCS,Type2', true, 'outdoor', 'DC', 'three-phase', 50.0, '1.6', 'Movistar', '2023-01-01');
INSERT INTO CONTRACT (contract_id, type, client_id, charger_id, start_date, end_date, number_of_visits, frequency, status) VALUES (320, 'preventiu', 100, 320, '2024-01-01', '2025-01-01', 4, 'trimestral', 'active');
INSERT INTO VISIT (visit_id, contract_id, technician_id, visit_type, status, planned_date, address, latitude, longitude, location_source, estimated_duration_min) VALUES (320, 320, 6, 'preventiu', 'scheduled', '2024-04-10', 'Carrer Dels Esquirols, 14', 41.727013, 2.542828, 'manual', 120);
INSERT INTO CHARGER (charger_id, name, serial_number, brand, model, number_of_plugs, connector_types, has_rfid, environment, power_type, phase_type, max_power_kw, ocpp_version, telecom_provider, installation_date) VALUES (321, 'Ajuntament de Riells i Viabrea - SELBA EdRSR 2', 'ATRGWO4DIPFBJAMBJ3VU', 'ABB', 'Terra 54', 2, 'CCS,Type2', true, 'outdoor', 'DC', 'three-phase', 50.0, '1.6', 'Movistar', '2023-01-01');
INSERT INTO CONTRACT (contract_id, type, client_id, charger_id, start_date, end_date, number_of_visits, frequency, status) VALUES (321, 'preventiu', 100, 321, '2024-01-01', '2025-01-01', 4, 'trimestral', 'active');
INSERT INTO VISIT (visit_id, contract_id, technician_id, visit_type, status, planned_date, address, latitude, longitude, location_source, estimated_duration_min) VALUES (321, 321, 1, 'preventiu', 'scheduled', '2024-04-10', 'Av. Can Salvà, 100', 41.72598, 2.559029, 'manual', 120);
INSERT INTO CHARGER (charger_id, name, serial_number, brand, model, number_of_plugs, connector_types, has_rfid, environment, power_type, phase_type, max_power_kw, ocpp_version, telecom_provider, installation_date) VALUES (322, 'Ajuntament de Vilatorrada - SELBA EdRSR', 'NTIRALZ2AQ7YSERJBJUI', 'ABB', 'Terra 54', 2, 'CCS,Type2', true, 'outdoor', 'DC', 'three-phase', 50.0, '1.6', 'Movistar', '2023-01-01');
INSERT INTO CONTRACT (contract_id, type, client_id, charger_id, start_date, end_date, number_of_visits, frequency, status) VALUES (322, 'preventiu', 100, 322, '2024-01-01', '2025-01-01', 4, 'trimestral', 'active');
INSERT INTO VISIT (visit_id, contract_id, technician_id, visit_type, status, planned_date, address, latitude, longitude, location_source, estimated_duration_min) VALUES (322, 322, 7, 'preventiu', 'scheduled', '2024-04-10', 'Carrer Vilaseca, 1', 41.74481, 1.806534, 'manual', 120);
INSERT INTO CHARGER (charger_id, name, serial_number, brand, model, number_of_plugs, connector_types, has_rfid, environment, power_type, phase_type, max_power_kw, ocpp_version, telecom_provider, installation_date) VALUES (323, 'Ajuntament de Lliçà d''Amunt - CIRCUTOR EdRSR 1', 'TO22CSRUVMW5PFFQEZM8', 'ABB', 'Terra 54', 2, 'CCS,Type2', true, 'outdoor', 'DC', 'three-phase', 50.0, '1.6', 'Movistar', '2023-01-01');
INSERT INTO CONTRACT (contract_id, type, client_id, charger_id, start_date, end_date, number_of_visits, frequency, status) VALUES (323, 'preventiu', 100, 323, '2024-01-01', '2025-01-01', 4, 'trimestral', 'active');
INSERT INTO VISIT (visit_id, contract_id, technician_id, visit_type, status, planned_date, address, latitude, longitude, location_source, estimated_duration_min) VALUES (323, 323, 1, 'preventiu', 'scheduled', '2024-04-10', 'Carrer L''aliança, 14', 41.610718, 2.2399, 'manual', 120);
INSERT INTO CHARGER (charger_id, name, serial_number, brand, model, number_of_plugs, connector_types, has_rfid, environment, power_type, phase_type, max_power_kw, ocpp_version, telecom_provider, installation_date) VALUES (324, 'Ajuntament de Lliçà d''Amunt - CIRCUTOR EdRSR 2', 'CBM6ROZ1QJRGIRCF4IUU', 'ABB', 'Terra 54', 2, 'CCS,Type2', true, 'outdoor', 'DC', 'three-phase', 50.0, '1.6', 'Movistar', '2023-01-01');
INSERT INTO CONTRACT (contract_id, type, client_id, charger_id, start_date, end_date, number_of_visits, frequency, status) VALUES (324, 'preventiu', 100, 324, '2024-01-01', '2025-01-01', 4, 'trimestral', 'active');
INSERT INTO VISIT (visit_id, contract_id, technician_id, visit_type, status, planned_date, address, latitude, longitude, location_source, estimated_duration_min) VALUES (324, 324, 7, 'preventiu', 'scheduled', '2024-04-10', 'Carrer De Caldes De Montbui, 136', 41.626617, 2.235048, 'manual', 120);
INSERT INTO CHARGER (charger_id, name, serial_number, brand, model, number_of_plugs, connector_types, has_rfid, environment, power_type, phase_type, max_power_kw, ocpp_version, telecom_provider, installation_date) VALUES (325, 'Ajuntament de Lliçà d''Amunt - CIRCUTOR EdRSR 3', 'CRNM9BR9FNMPDTM7EU6Y', 'ABB', 'Terra 54', 2, 'CCS,Type2', true, 'outdoor', 'DC', 'three-phase', 50.0, '1.6', 'Movistar', '2023-01-01');
INSERT INTO CONTRACT (contract_id, type, client_id, charger_id, start_date, end_date, number_of_visits, frequency, status) VALUES (325, 'preventiu', 100, 325, '2024-01-01', '2025-01-01', 4, 'trimestral', 'active');
INSERT INTO VISIT (visit_id, contract_id, technician_id, visit_type, status, planned_date, address, latitude, longitude, location_source, estimated_duration_min) VALUES (325, 325, 2, 'preventiu', 'scheduled', '2024-04-10', 'Carrer Torrent Mardans, 5', 41.608845, 2.239598, 'manual', 120);
INSERT INTO CHARGER (charger_id, name, serial_number, brand, model, number_of_plugs, connector_types, has_rfid, environment, power_type, phase_type, max_power_kw, ocpp_version, telecom_provider, installation_date) VALUES (326, 'Ajuntament de Lliçà d''Amunt - CIRCUTOR EdRSR 4', 'TMMY2PSKWSF3M2OTVUUZ', 'ABB', 'Terra 54', 2, 'CCS,Type2', true, 'outdoor', 'DC', 'three-phase', 50.0, '1.6', 'Movistar', '2023-01-01');
INSERT INTO CONTRACT (contract_id, type, client_id, charger_id, start_date, end_date, number_of_visits, frequency, status) VALUES (326, 'preventiu', 100, 326, '2024-01-01', '2025-01-01', 4, 'trimestral', 'active');
INSERT INTO VISIT (visit_id, contract_id, technician_id, visit_type, status, planned_date, address, latitude, longitude, location_source, estimated_duration_min) VALUES (326, 326, 4, 'diagnosi', 'scheduled', '2024-04-01', 'Carrer De Palaudàries, 88', 41.59199, 2.202968, 'manual', 60);
INSERT INTO CHARGER (charger_id, name, serial_number, brand, model, number_of_plugs, connector_types, has_rfid, environment, power_type, phase_type, max_power_kw, ocpp_version, telecom_provider, installation_date) VALUES (327, 'Ajuntament de Bellvís -  SELBA EdRSR', 'V2NHMQIA0H2NSUCP7X2S', 'ABB', 'Terra 54', 2, 'CCS,Type2', true, 'outdoor', 'DC', 'three-phase', 50.0, '1.6', 'Movistar', '2023-01-01');
INSERT INTO CONTRACT (contract_id, type, client_id, charger_id, start_date, end_date, number_of_visits, frequency, status) VALUES (327, 'preventiu', 100, 327, '2024-01-01', '2025-01-01', 4, 'trimestral', 'active');
INSERT INTO VISIT (visit_id, contract_id, technician_id, visit_type, status, planned_date, address, latitude, longitude, location_source, estimated_duration_min) VALUES (327, 327, 3, 'diagnosi', 'scheduled', '2024-04-01', 'Carrer Domènec Cardenal, 48', 41.6722, 0.817381, 'manual', 60);
INSERT INTO CHARGER (charger_id, name, serial_number, brand, model, number_of_plugs, connector_types, has_rfid, environment, power_type, phase_type, max_power_kw, ocpp_version, telecom_provider, installation_date) VALUES (328, 'Ajuntament de Lliçà d''Amunt - CIRCUTOR EdRSR 5', 'MCSE8TNSYNGF4ZEZKRDN', 'ABB', 'Terra 54', 2, 'CCS,Type2', true, 'outdoor', 'DC', 'three-phase', 50.0, '1.6', 'Movistar', '2023-01-01');
INSERT INTO CONTRACT (contract_id, type, client_id, charger_id, start_date, end_date, number_of_visits, frequency, status) VALUES (328, 'preventiu', 100, 328, '2024-01-01', '2025-01-01', 4, 'trimestral', 'active');
INSERT INTO VISIT (visit_id, contract_id, technician_id, visit_type, status, planned_date, address, latitude, longitude, location_source, estimated_duration_min) VALUES (328, 328, 3, 'preventiu', 'scheduled', '2024-04-10', 'Carrer De La Matarranya, 18', 41.619534, 2.214426, 'manual', 120);
INSERT INTO CHARGER (charger_id, name, serial_number, brand, model, number_of_plugs, connector_types, has_rfid, environment, power_type, phase_type, max_power_kw, ocpp_version, telecom_provider, installation_date) VALUES (329, 'Unknown', 'GYWFS9NT12RJQABNCFO0', 'ABB', 'Terra 54', 2, 'CCS,Type2', true, 'outdoor', 'DC', 'three-phase', 50.0, '1.6', 'Movistar', '2023-01-01');
INSERT INTO CONTRACT (contract_id, type, client_id, charger_id, start_date, end_date, number_of_visits, frequency, status) VALUES (329, 'preventiu', 100, 329, '2024-01-01', '2025-01-01', 4, 'trimestral', 'active');
INSERT INTO VISIT (visit_id, contract_id, technician_id, visit_type, status, planned_date, address, latitude, longitude, location_source, estimated_duration_min) VALUES (329, 329, 6, 'preventiu', 'scheduled', '2024-04-10', 'Plaça De Santa Maria', 42.01367, 1.84196, 'manual', 120);
INSERT INTO CHARGER (charger_id, name, serial_number, brand, model, number_of_plugs, connector_types, has_rfid, environment, power_type, phase_type, max_power_kw, ocpp_version, telecom_provider, installation_date) VALUES (330, 'Ajuntament de Canet de Mar - SELBA EdRSR 1', 'QC13GKSLSHZ6Z6TLCAYR', 'ABB', 'Terra 54', 2, 'CCS,Type2', true, 'outdoor', 'DC', 'three-phase', 50.0, '1.6', 'Movistar', '2023-01-01');
INSERT INTO CONTRACT (contract_id, type, client_id, charger_id, start_date, end_date, number_of_visits, frequency, status) VALUES (330, 'preventiu', 100, 330, '2024-01-01', '2025-01-01', 4, 'trimestral', 'active');
INSERT INTO VISIT (visit_id, contract_id, technician_id, visit_type, status, planned_date, address, latitude, longitude, location_source, estimated_duration_min) VALUES (330, 330, 4, 'preventiu', 'scheduled', '2024-04-10', 'Riera Buscarons, 101', 41.59143, 2.581095, 'manual', 120);
INSERT INTO CHARGER (charger_id, name, serial_number, brand, model, number_of_plugs, connector_types, has_rfid, environment, power_type, phase_type, max_power_kw, ocpp_version, telecom_provider, installation_date) VALUES (331, 'Ajuntament de Canet de Mar - SELBA EdRSR 2', 'VTJFC9VZ2IYYMTTVD6TE', 'ABB', 'Terra 54', 2, 'CCS,Type2', true, 'outdoor', 'DC', 'three-phase', 50.0, '1.6', 'Movistar', '2023-01-01');
INSERT INTO CONTRACT (contract_id, type, client_id, charger_id, start_date, end_date, number_of_visits, frequency, status) VALUES (331, 'preventiu', 100, 331, '2024-01-01', '2025-01-01', 4, 'trimestral', 'active');
INSERT INTO VISIT (visit_id, contract_id, technician_id, visit_type, status, planned_date, address, latitude, longitude, location_source, estimated_duration_min) VALUES (331, 331, 10, 'preventiu', 'scheduled', '2024-04-10', 'Carrer Via Cannetum, 2', 41.591667, 2.573056, 'manual', 120);
INSERT INTO CHARGER (charger_id, name, serial_number, brand, model, number_of_plugs, connector_types, has_rfid, environment, power_type, phase_type, max_power_kw, ocpp_version, telecom_provider, installation_date) VALUES (332, 'Ajuntament de Canet de Mar - SELBA EdRSR 3', '2FQPDBKNYTS0X7S14K1W', 'ABB', 'Terra 54', 2, 'CCS,Type2', true, 'outdoor', 'DC', 'three-phase', 50.0, '1.6', 'Movistar', '2023-01-01');
INSERT INTO CONTRACT (contract_id, type, client_id, charger_id, start_date, end_date, number_of_visits, frequency, status) VALUES (332, 'preventiu', 100, 332, '2024-01-01', '2025-01-01', 4, 'trimestral', 'active');
INSERT INTO VISIT (visit_id, technician_id, visit_type, status, planned_date, address, latitude, longitude, location_source, estimated_duration_min) VALUES (332, 10, 'posada_en_marxa', 'scheduled', '2024-03-28', 'Riera Gavarra, 24,', 41.58888, 2.580096, 'manual', 180);
INSERT INTO CHARGER (charger_id, name, serial_number, brand, model, number_of_plugs, connector_types, has_rfid, environment, power_type, phase_type, max_power_kw, ocpp_version, telecom_provider, installation_date) VALUES (333, 'Ajuntament de Canet de Mar - SELBA EdRSR 4', 'OPOMJCBPIFDEH7FWC4R1', 'ABB', 'Terra 54', 2, 'CCS,Type2', true, 'outdoor', 'DC', 'three-phase', 50.0, '1.6', 'Movistar', '2023-01-01');
INSERT INTO CONTRACT (contract_id, type, client_id, charger_id, start_date, end_date, number_of_visits, frequency, status) VALUES (333, 'preventiu', 100, 333, '2024-01-01', '2025-01-01', 4, 'trimestral', 'active');
INSERT INTO VISIT (visit_id, technician_id, visit_type, status, planned_date, address, latitude, longitude, location_source, estimated_duration_min) VALUES (333, 5, 'posada_en_marxa', 'scheduled', '2024-03-28', 'Riera Gavarra, 24,', 41.588818, 2.580204, 'manual', 180);
INSERT INTO CHARGER (charger_id, name, serial_number, brand, model, number_of_plugs, connector_types, has_rfid, environment, power_type, phase_type, max_power_kw, ocpp_version, telecom_provider, installation_date) VALUES (334, 'Ajuntament de Gurb - INGETEAM EdRR', 'YWMRM61ZU9DD3FE3WVKV', 'ABB', 'Terra 54', 2, 'CCS,Type2', true, 'outdoor', 'DC', 'three-phase', 50.0, '1.6', 'Movistar', '2023-01-01');
INSERT INTO CONTRACT (contract_id, type, client_id, charger_id, start_date, end_date, number_of_visits, frequency, status) VALUES (334, 'preventiu', 100, 334, '2024-01-01', '2025-01-01', 4, 'trimestral', 'active');
INSERT INTO VISIT (visit_id, contract_id, technician_id, visit_type, status, planned_date, address, latitude, longitude, location_source, estimated_duration_min) VALUES (334, 334, 2, 'diagnosi', 'scheduled', '2024-04-01', 'C/ Jacint Verdaguer, 28-46', 41.94592, 2.239721, 'manual', 60);
INSERT INTO CHARGER (charger_id, name, serial_number, brand, model, number_of_plugs, connector_types, has_rfid, environment, power_type, phase_type, max_power_kw, ocpp_version, telecom_provider, installation_date) VALUES (335, 'Unknown', 'OKIVRLTMLC7BO58XTTH4', 'ABB', 'Terra 54', 2, 'CCS,Type2', true, 'outdoor', 'DC', 'three-phase', 50.0, '1.6', 'Movistar', '2023-01-01');
INSERT INTO CONTRACT (contract_id, type, client_id, charger_id, start_date, end_date, number_of_visits, frequency, status) VALUES (335, 'preventiu', 100, 335, '2024-01-01', '2025-01-01', 4, 'trimestral', 'active');
INSERT INTO VISIT (visit_id, contract_id, technician_id, visit_type, status, planned_date, address, latitude, longitude, location_source, estimated_duration_min) VALUES (335, 335, 2, 'diagnosi', 'scheduled', '2024-04-01', 'Cr. Esplanada Del Port', 41.67551, 2.80045, 'manual', 60);
INSERT INTO CHARGER (charger_id, name, serial_number, brand, model, number_of_plugs, connector_types, has_rfid, environment, power_type, phase_type, max_power_kw, ocpp_version, telecom_provider, installation_date) VALUES (336, 'Unknown', 'NCKGX1RFZWC4GJBCNVXC', 'ABB', 'Terra 54', 2, 'CCS,Type2', true, 'outdoor', 'DC', 'three-phase', 50.0, '1.6', 'Movistar', '2023-01-01');
INSERT INTO CONTRACT (contract_id, type, client_id, charger_id, start_date, end_date, number_of_visits, frequency, status) VALUES (336, 'preventiu', 100, 336, '2024-01-01', '2025-01-01', 4, 'trimestral', 'active');
INSERT INTO VISIT (visit_id, contract_id, technician_id, visit_type, status, planned_date, address, latitude, longitude, location_source, estimated_duration_min) VALUES (336, 336, 1, 'preventiu', 'scheduled', '2024-04-10', 'C/ Port De Riumar S/N', 40.71693, 0.842422, 'manual', 120);
INSERT INTO CHARGER (charger_id, name, serial_number, brand, model, number_of_plugs, connector_types, has_rfid, environment, power_type, phase_type, max_power_kw, ocpp_version, telecom_provider, installation_date) VALUES (337, 'Unknown', 'L9UPURMEG8EL3JZA3POH', 'ABB', 'Terra 54', 2, 'CCS,Type2', true, 'outdoor', 'DC', 'three-phase', 50.0, '1.6', 'Movistar', '2023-01-01');
INSERT INTO CONTRACT (contract_id, type, client_id, charger_id, start_date, end_date, number_of_visits, frequency, status) VALUES (337, 'preventiu', 100, 337, '2024-01-01', '2025-01-01', 4, 'trimestral', 'active');
INSERT INTO VISIT (visit_id, contract_id, technician_id, visit_type, status, planned_date, address, latitude, longitude, location_source, estimated_duration_min) VALUES (337, 337, 3, 'preventiu', 'scheduled', '2024-04-10', 'Ctra. Port, 25', 41.58048, 2.56309, 'manual', 120);
INSERT INTO CHARGER (charger_id, name, serial_number, brand, model, number_of_plugs, connector_types, has_rfid, environment, power_type, phase_type, max_power_kw, ocpp_version, telecom_provider, installation_date) VALUES (338, 'Unknown', 'ZM4HB90SXHWRN0X3QWGW', 'ABB', 'Terra 54', 2, 'CCS,Type2', true, 'outdoor', 'DC', 'three-phase', 50.0, '1.6', 'Movistar', '2023-01-01');
INSERT INTO CONTRACT (contract_id, type, client_id, charger_id, start_date, end_date, number_of_visits, frequency, status) VALUES (338, 'preventiu', 100, 338, '2024-01-01', '2025-01-01', 4, 'trimestral', 'active');
INSERT INTO VISIT (visit_id, contract_id, technician_id, visit_type, status, planned_date, address, latitude, longitude, location_source, estimated_duration_min) VALUES (338, 338, 3, 'preventiu', 'scheduled', '2024-04-10', 'Cr. Port De La Clota', 42.119003, 3.149316, 'manual', 120);
INSERT INTO CHARGER (charger_id, name, serial_number, brand, model, number_of_plugs, connector_types, has_rfid, environment, power_type, phase_type, max_power_kw, ocpp_version, telecom_provider, installation_date) VALUES (339, 'Unknown', 'IJ9FHS07HOVQM7ZA8FJE', 'ABB', 'Terra 54', 2, 'CCS,Type2', true, 'outdoor', 'DC', 'three-phase', 50.0, '1.6', 'Movistar', '2023-01-01');
INSERT INTO CONTRACT (contract_id, type, client_id, charger_id, start_date, end_date, number_of_visits, frequency, status) VALUES (339, 'preventiu', 100, 339, '2024-01-01', '2025-01-01', 4, 'trimestral', 'active');
INSERT INTO VISIT (visit_id, contract_id, technician_id, visit_type, status, planned_date, address, latitude, longitude, location_source, estimated_duration_min) VALUES (339, 339, 3, 'preventiu', 'scheduled', '2024-04-10', 'Carrer Miranda, 3', 42.37199, 3.164216, 'manual', 120);
INSERT INTO CHARGER (charger_id, name, serial_number, brand, model, number_of_plugs, connector_types, has_rfid, environment, power_type, phase_type, max_power_kw, ocpp_version, telecom_provider, installation_date) VALUES (340, 'Unknown', 'LYHOAOVUT4QZK7FHSEMC', 'ABB', 'Terra 54', 2, 'CCS,Type2', true, 'outdoor', 'DC', 'three-phase', 50.0, '1.6', 'Movistar', '2023-01-01');
INSERT INTO CONTRACT (contract_id, type, client_id, charger_id, start_date, end_date, number_of_visits, frequency, status) VALUES (340, 'preventiu', 100, 340, '2024-01-01', '2025-01-01', 4, 'trimestral', 'active');
INSERT INTO VISIT (visit_id, contract_id, technician_id, visit_type, status, planned_date, address, latitude, longitude, location_source, estimated_duration_min) VALUES (340, 340, 2, 'preventiu', 'scheduled', '2024-04-10', 'Ctra. Puerto, S/N', 40.882774, 0.803978, 'manual', 120);
INSERT INTO CHARGER (charger_id, name, serial_number, brand, model, number_of_plugs, connector_types, has_rfid, environment, power_type, phase_type, max_power_kw, ocpp_version, telecom_provider, installation_date) VALUES (341, 'Unknown', 'VXIXTGBOFYERM74VWPPM', 'ABB', 'Terra 54', 2, 'CCS,Type2', true, 'outdoor', 'DC', 'three-phase', 50.0, '1.6', 'Movistar', '2023-01-01');
INSERT INTO CONTRACT (contract_id, type, client_id, charger_id, start_date, end_date, number_of_visits, frequency, status) VALUES (341, 'preventiu', 100, 341, '2024-01-01', '2025-01-01', 4, 'trimestral', 'active');
INSERT INTO VISIT (visit_id, contract_id, technician_id, visit_type, status, planned_date, address, latitude, longitude, location_source, estimated_duration_min) VALUES (341, 341, 6, 'diagnosi', 'scheduled', '2024-04-01', 'Moll De La Timba, 2', 42.338314, 3.203374, 'manual', 60);
INSERT INTO CHARGER (charger_id, name, serial_number, brand, model, number_of_plugs, connector_types, has_rfid, environment, power_type, phase_type, max_power_kw, ocpp_version, telecom_provider, installation_date) VALUES (342, 'Unknown', 'VR6CNSRDCEXNNIUK0B2R', 'ABB', 'Terra 54', 2, 'CCS,Type2', true, 'outdoor', 'DC', 'three-phase', 50.0, '1.6', 'Movistar', '2023-01-01');
INSERT INTO CONTRACT (contract_id, type, client_id, charger_id, start_date, end_date, number_of_visits, frequency, status) VALUES (342, 'preventiu', 100, 342, '2024-01-01', '2025-01-01', 4, 'trimestral', 'active');
INSERT INTO VISIT (visit_id, contract_id, technician_id, visit_type, status, planned_date, address, latitude, longitude, location_source, estimated_duration_min) VALUES (342, 342, 9, 'diagnosi', 'scheduled', '2024-04-01', 'Carrer De Lepant, 16', 40.552387, 0.53074, 'manual', 60);
INSERT INTO CHARGER (charger_id, name, serial_number, brand, model, number_of_plugs, connector_types, has_rfid, environment, power_type, phase_type, max_power_kw, ocpp_version, telecom_provider, installation_date) VALUES (343, 'Unknown', 'HJXSYE6MBFDFRRQERH2X', 'ABB', 'Terra 54', 2, 'CCS,Type2', true, 'outdoor', 'DC', 'three-phase', 50.0, '1.6', 'Movistar', '2023-01-01');
INSERT INTO CONTRACT (contract_id, type, client_id, charger_id, start_date, end_date, number_of_visits, frequency, status) VALUES (343, 'preventiu', 100, 343, '2024-01-01', '2025-01-01', 4, 'trimestral', 'active');
INSERT INTO VISIT (visit_id, technician_id, visit_type, status, planned_date, address, latitude, longitude, location_source, estimated_duration_min) VALUES (343, 3, 'posada_en_marxa', 'scheduled', '2024-03-28', 'Cr. De Cristòfol Colom, 95,', 41.780663, 3.036449, 'manual', 180);
INSERT INTO CHARGER (charger_id, name, serial_number, brand, model, number_of_plugs, connector_types, has_rfid, environment, power_type, phase_type, max_power_kw, ocpp_version, telecom_provider, installation_date) VALUES (344, 'Unknown', 'DSRBGV2XEY1PEHTOIZQH', 'ABB', 'Terra 54', 2, 'CCS,Type2', true, 'outdoor', 'DC', 'three-phase', 50.0, '1.6', 'Movistar', '2023-01-01');
INSERT INTO CONTRACT (contract_id, type, client_id, charger_id, start_date, end_date, number_of_visits, frequency, status) VALUES (344, 'preventiu', 100, 344, '2024-01-01', '2025-01-01', 4, 'trimestral', 'active');
INSERT INTO VISIT (visit_id, technician_id, visit_type, status, planned_date, address, latitude, longitude, location_source, estimated_duration_min) VALUES (344, 6, 'posada_en_marxa', 'scheduled', '2024-03-28', 'Calle Mateu Pinyana I Roch, 0, Sn.', 40.812195, 0.711547, 'manual', 180);
INSERT INTO CHARGER (charger_id, name, serial_number, brand, model, number_of_plugs, connector_types, has_rfid, environment, power_type, phase_type, max_power_kw, ocpp_version, telecom_provider, installation_date) VALUES (345, 'Unknown', 'RC0AMRBVSIFJH7UU83AB', 'ABB', 'Terra 54', 2, 'CCS,Type2', true, 'outdoor', 'DC', 'three-phase', 50.0, '1.6', 'Movistar', '2023-01-01');
INSERT INTO CONTRACT (contract_id, type, client_id, charger_id, start_date, end_date, number_of_visits, frequency, status) VALUES (345, 'preventiu', 100, 345, '2024-01-01', '2025-01-01', 4, 'trimestral', 'active');
INSERT INTO VISIT (visit_id, technician_id, visit_type, status, planned_date, address, latitude, longitude, location_source, estimated_duration_min) VALUES (345, 6, 'posada_en_marxa', 'scheduled', '2024-03-28', 'Cerca De Avinguda Dels Alfacs', 40.6173, 0.593994, 'manual', 180);
INSERT INTO CHARGER (charger_id, name, serial_number, brand, model, number_of_plugs, connector_types, has_rfid, environment, power_type, phase_type, max_power_kw, ocpp_version, telecom_provider, installation_date) VALUES (346, 'Unknown', 'R4UVJEAAOYACTLUFJY6U', 'ABB', 'Terra 54', 2, 'CCS,Type2', true, 'outdoor', 'DC', 'three-phase', 50.0, '1.6', 'Movistar', '2023-01-01');
INSERT INTO CONTRACT (contract_id, type, client_id, charger_id, start_date, end_date, number_of_visits, frequency, status) VALUES (346, 'preventiu', 100, 346, '2024-01-01', '2025-01-01', 4, 'trimestral', 'active');
INSERT INTO VISIT (visit_id, contract_id, technician_id, visit_type, status, planned_date, address, latitude, longitude, location_source, estimated_duration_min) VALUES (346, 346, 7, 'diagnosi', 'scheduled', '2024-04-01', 'Ports De La Generalitat', 41.216087, 1.733252, 'manual', 60);
INSERT INTO CHARGER (charger_id, name, serial_number, brand, model, number_of_plugs, connector_types, has_rfid, environment, power_type, phase_type, max_power_kw, ocpp_version, telecom_provider, installation_date) VALUES (347, 'Unknown', 'ANCPJHQGGGMPYTPTVCY0', 'ABB', 'Terra 54', 2, 'CCS,Type2', true, 'outdoor', 'DC', 'three-phase', 50.0, '1.6', 'Movistar', '2023-01-01');
INSERT INTO CONTRACT (contract_id, type, client_id, charger_id, start_date, end_date, number_of_visits, frequency, status) VALUES (347, 'preventiu', 100, 347, '2024-01-01', '2025-01-01', 4, 'trimestral', 'active');
INSERT INTO VISIT (visit_id, contract_id, technician_id, visit_type, status, planned_date, address, latitude, longitude, location_source, estimated_duration_min) VALUES (347, 347, 8, 'preventiu', 'scheduled', '2024-04-10', 'Carrer Moll Port', 41.845394, 3.128039, 'manual', 120);
INSERT INTO CHARGER (charger_id, name, serial_number, brand, model, number_of_plugs, connector_types, has_rfid, environment, power_type, phase_type, max_power_kw, ocpp_version, telecom_provider, installation_date) VALUES (348, 'Unknown', 'L9YLU3DIT4FSI4IEFXK6', 'ABB', 'Terra 54', 2, 'CCS,Type2', true, 'outdoor', 'DC', 'three-phase', 50.0, '1.6', 'Movistar', '2023-01-01');
INSERT INTO CONTRACT (contract_id, type, client_id, charger_id, start_date, end_date, number_of_visits, frequency, status) VALUES (348, 'preventiu', 100, 348, '2024-01-01', '2025-01-01', 4, 'trimestral', 'active');
INSERT INTO VISIT (visit_id, contract_id, technician_id, visit_type, status, planned_date, address, latitude, longitude, location_source, estimated_duration_min) VALUES (348, 348, 9, 'diagnosi', 'scheduled', '2024-04-01', 'Pl. D''europa, 9', 41.357185, 2.127859, 'manual', 60);
INSERT INTO CHARGER (charger_id, name, serial_number, brand, model, number_of_plugs, connector_types, has_rfid, environment, power_type, phase_type, max_power_kw, ocpp_version, telecom_provider, installation_date) VALUES (349, 'Unknown', '5F1FDT8VNOGPNP8XKFBB', 'ABB', 'Terra 54', 2, 'CCS,Type2', true, 'outdoor', 'DC', 'three-phase', 50.0, '1.6', 'Movistar', '2023-01-01');
INSERT INTO CONTRACT (contract_id, type, client_id, charger_id, start_date, end_date, number_of_visits, frequency, status) VALUES (349, 'preventiu', 100, 349, '2024-01-01', '2025-01-01', 4, 'trimestral', 'active');
INSERT INTO VISIT (visit_id, contract_id, technician_id, visit_type, status, planned_date, address, latitude, longitude, location_source, estimated_duration_min) VALUES (349, 349, 1, 'preventiu', 'scheduled', '2024-04-10', 'Pl. D''europa, 9', 41.357185, 2.127859, 'manual', 120);
INSERT INTO CHARGER (charger_id, name, serial_number, brand, model, number_of_plugs, connector_types, has_rfid, environment, power_type, phase_type, max_power_kw, ocpp_version, telecom_provider, installation_date) VALUES (350, 'Unknown', '8LTVNEBG926N71TNEFOC', 'ABB', 'Terra 54', 2, 'CCS,Type2', true, 'outdoor', 'DC', 'three-phase', 50.0, '1.6', 'Movistar', '2023-01-01');
INSERT INTO CONTRACT (contract_id, type, client_id, charger_id, start_date, end_date, number_of_visits, frequency, status) VALUES (350, 'preventiu', 100, 350, '2024-01-01', '2025-01-01', 4, 'trimestral', 'active');
INSERT INTO VISIT (visit_id, contract_id, technician_id, visit_type, status, planned_date, address, latitude, longitude, location_source, estimated_duration_min) VALUES (350, 350, 7, 'preventiu', 'scheduled', '2024-04-10', 'Pl. D''europa, 9', 41.357185, 2.127859, 'manual', 120);
INSERT INTO CHARGER (charger_id, name, serial_number, brand, model, number_of_plugs, connector_types, has_rfid, environment, power_type, phase_type, max_power_kw, ocpp_version, telecom_provider, installation_date) VALUES (351, 'Unknown', 'YBVBKQACSSJU8S1XQVBV', 'ABB', 'Terra 54', 2, 'CCS,Type2', true, 'outdoor', 'DC', 'three-phase', 50.0, '1.6', 'Movistar', '2023-01-01');
INSERT INTO CONTRACT (contract_id, type, client_id, charger_id, start_date, end_date, number_of_visits, frequency, status) VALUES (351, 'preventiu', 100, 351, '2024-01-01', '2025-01-01', 4, 'trimestral', 'active');
INSERT INTO INCIDENCE (incidence_id, charger_id, reported_at, priority, status, description, estimated_duration_min) VALUES (19, 351, '2024-03-26 09:00:00', 3, 'pending', 'Incidència de tipus Non-critical Corrective', 90);
INSERT INTO VISIT (visit_id, incidence_id, technician_id, visit_type, status, planned_date, address, latitude, longitude, location_source, estimated_duration_min) VALUES (351, 19, 4, 'correctiu', 'scheduled', '2024-03-27', 'Pl. D''europa, 9', 41.357185, 2.127859, 'gps', 90);
INSERT INTO CHARGER (charger_id, name, serial_number, brand, model, number_of_plugs, connector_types, has_rfid, environment, power_type, phase_type, max_power_kw, ocpp_version, telecom_provider, installation_date) VALUES (352, 'Unknown', 'WJKVKBUZOHOQWG8PRFHT', 'ABB', 'Terra 54', 2, 'CCS,Type2', true, 'outdoor', 'DC', 'three-phase', 50.0, '1.6', 'Movistar', '2023-01-01');
INSERT INTO CONTRACT (contract_id, type, client_id, charger_id, start_date, end_date, number_of_visits, frequency, status) VALUES (352, 'preventiu', 100, 352, '2024-01-01', '2025-01-01', 4, 'trimestral', 'active');
INSERT INTO VISIT (visit_id, technician_id, visit_type, status, planned_date, address, latitude, longitude, location_source, estimated_duration_min) VALUES (352, 9, 'posada_en_marxa', 'scheduled', '2024-03-28', 'Pl. D''europa, 9', 41.357185, 2.127859, 'manual', 180);
INSERT INTO CHARGER (charger_id, name, serial_number, brand, model, number_of_plugs, connector_types, has_rfid, environment, power_type, phase_type, max_power_kw, ocpp_version, telecom_provider, installation_date) VALUES (353, 'Unknown', 'KIOGMQJOQIOKOJZ8ORFQ', 'ABB', 'Terra 54', 2, 'CCS,Type2', true, 'outdoor', 'DC', 'three-phase', 50.0, '1.6', 'Movistar', '2023-01-01');
INSERT INTO CONTRACT (contract_id, type, client_id, charger_id, start_date, end_date, number_of_visits, frequency, status) VALUES (353, 'preventiu', 100, 353, '2024-01-01', '2025-01-01', 4, 'trimestral', 'active');
INSERT INTO VISIT (visit_id, contract_id, technician_id, visit_type, status, planned_date, address, latitude, longitude, location_source, estimated_duration_min) VALUES (353, 353, 6, 'preventiu', 'scheduled', '2024-04-10', 'Pl. D''europa, 9', 41.357185, 2.127859, 'manual', 120);
INSERT INTO CHARGER (charger_id, name, serial_number, brand, model, number_of_plugs, connector_types, has_rfid, environment, power_type, phase_type, max_power_kw, ocpp_version, telecom_provider, installation_date) VALUES (354, 'Unknown', '1RTVNWPYOVODUCQ69A9Y', 'ABB', 'Terra 54', 2, 'CCS,Type2', true, 'outdoor', 'DC', 'three-phase', 50.0, '1.6', 'Movistar', '2023-01-01');
INSERT INTO CONTRACT (contract_id, type, client_id, charger_id, start_date, end_date, number_of_visits, frequency, status) VALUES (354, 'preventiu', 100, 354, '2024-01-01', '2025-01-01', 4, 'trimestral', 'active');
INSERT INTO VISIT (visit_id, technician_id, visit_type, status, planned_date, address, latitude, longitude, location_source, estimated_duration_min) VALUES (354, 10, 'posada_en_marxa', 'scheduled', '2024-03-28', 'Pl. D''europa, 9', 41.357185, 2.127859, 'manual', 180);
INSERT INTO CHARGER (charger_id, name, serial_number, brand, model, number_of_plugs, connector_types, has_rfid, environment, power_type, phase_type, max_power_kw, ocpp_version, telecom_provider, installation_date) VALUES (355, 'Unknown', 'FNCBQPJWAX5FQSDKK7AV', 'ABB', 'Terra 54', 2, 'CCS,Type2', true, 'outdoor', 'DC', 'three-phase', 50.0, '1.6', 'Movistar', '2023-01-01');
INSERT INTO CONTRACT (contract_id, type, client_id, charger_id, start_date, end_date, number_of_visits, frequency, status) VALUES (355, 'preventiu', 100, 355, '2024-01-01', '2025-01-01', 4, 'trimestral', 'active');
INSERT INTO VISIT (visit_id, technician_id, visit_type, status, planned_date, address, latitude, longitude, location_source, estimated_duration_min) VALUES (355, 10, 'posada_en_marxa', 'scheduled', '2024-03-28', 'Pl. D''europa, 9', 41.357185, 2.127859, 'manual', 180);
INSERT INTO CHARGER (charger_id, name, serial_number, brand, model, number_of_plugs, connector_types, has_rfid, environment, power_type, phase_type, max_power_kw, ocpp_version, telecom_provider, installation_date) VALUES (356, 'Ajuntament de la Vall d''en Bas - SELBA EdRSR', 'SUY5DL3YUAZRROBES5EO', 'ABB', 'Terra 54', 2, 'CCS,Type2', true, 'outdoor', 'DC', 'three-phase', 50.0, '1.6', 'Movistar', '2023-01-01');
INSERT INTO CONTRACT (contract_id, type, client_id, charger_id, start_date, end_date, number_of_visits, frequency, status) VALUES (356, 'preventiu', 100, 356, '2024-01-01', '2025-01-01', 4, 'trimestral', 'active');
INSERT INTO VISIT (visit_id, contract_id, technician_id, visit_type, status, planned_date, address, latitude, longitude, location_source, estimated_duration_min) VALUES (356, 356, 3, 'diagnosi', 'scheduled', '2024-04-01', 'Carrer De La Piscina, 0 S/N', 42.120033, 2.453448, 'manual', 60);
INSERT INTO CHARGER (charger_id, name, serial_number, brand, model, number_of_plugs, connector_types, has_rfid, environment, power_type, phase_type, max_power_kw, ocpp_version, telecom_provider, installation_date) VALUES (357, 'Unknown', 'FCYEKVFTXT2DM7WSP4WE', 'ABB', 'Terra 54', 2, 'CCS,Type2', true, 'outdoor', 'DC', 'three-phase', 50.0, '1.6', 'Movistar', '2023-01-01');
INSERT INTO CONTRACT (contract_id, type, client_id, charger_id, start_date, end_date, number_of_visits, frequency, status) VALUES (357, 'preventiu', 100, 357, '2024-01-01', '2025-01-01', 4, 'trimestral', 'active');
INSERT INTO VISIT (visit_id, contract_id, technician_id, visit_type, status, planned_date, address, latitude, longitude, location_source, estimated_duration_min) VALUES (357, 357, 10, 'preventiu', 'scheduled', '2024-04-10', 'Carrer D''alemanya, 0', 41.1595, 1.17025, 'manual', 120);
INSERT INTO CHARGER (charger_id, name, serial_number, brand, model, number_of_plugs, connector_types, has_rfid, environment, power_type, phase_type, max_power_kw, ocpp_version, telecom_provider, installation_date) VALUES (358, 'Unknown', 'XZR8A0FULHYXA6DWYWC8', 'ABB', 'Terra 54', 2, 'CCS,Type2', true, 'outdoor', 'DC', 'three-phase', 50.0, '1.6', 'Movistar', '2023-01-01');
INSERT INTO CONTRACT (contract_id, type, client_id, charger_id, start_date, end_date, number_of_visits, frequency, status) VALUES (358, 'preventiu', 100, 358, '2024-01-01', '2025-01-01', 4, 'trimestral', 'active');
INSERT INTO VISIT (visit_id, contract_id, technician_id, visit_type, status, planned_date, address, latitude, longitude, location_source, estimated_duration_min) VALUES (358, 358, 2, 'preventiu', 'scheduled', '2024-04-10', 'Av. Diagonal, 593', 41.38868, 2.130875, 'manual', 120);
INSERT INTO CHARGER (charger_id, name, serial_number, brand, model, number_of_plugs, connector_types, has_rfid, environment, power_type, phase_type, max_power_kw, ocpp_version, telecom_provider, installation_date) VALUES (359, 'Unknown', '9MXBNWFODX7NKH60STBR', 'ABB', 'Terra 54', 2, 'CCS,Type2', true, 'outdoor', 'DC', 'three-phase', 50.0, '1.6', 'Movistar', '2023-01-01');
INSERT INTO CONTRACT (contract_id, type, client_id, charger_id, start_date, end_date, number_of_visits, frequency, status) VALUES (359, 'preventiu', 100, 359, '2024-01-01', '2025-01-01', 4, 'trimestral', 'active');
INSERT INTO VISIT (visit_id, contract_id, technician_id, visit_type, status, planned_date, address, latitude, longitude, location_source, estimated_duration_min) VALUES (359, 359, 3, 'preventiu', 'scheduled', '2024-04-10', 'C/ De Tarragona, 157', 41.378376, 2.144803, 'manual', 120);
INSERT INTO CHARGER (charger_id, name, serial_number, brand, model, number_of_plugs, connector_types, has_rfid, environment, power_type, phase_type, max_power_kw, ocpp_version, telecom_provider, installation_date) VALUES (360, 'Unknown', 'EBBQKDN8MIYMWIM5RU3I', 'ABB', 'Terra 54', 2, 'CCS,Type2', true, 'outdoor', 'DC', 'three-phase', 50.0, '1.6', 'Movistar', '2023-01-01');
INSERT INTO CONTRACT (contract_id, type, client_id, charger_id, start_date, end_date, number_of_visits, frequency, status) VALUES (360, 'preventiu', 100, 360, '2024-01-01', '2025-01-01', 4, 'trimestral', 'active');
INSERT INTO VISIT (visit_id, contract_id, technician_id, visit_type, status, planned_date, address, latitude, longitude, location_source, estimated_duration_min) VALUES (360, 360, 4, 'preventiu', 'scheduled', '2024-04-10', 'C/ De València, 245', 41.392467, 2.162676, 'manual', 120);
INSERT INTO CHARGER (charger_id, name, serial_number, brand, model, number_of_plugs, connector_types, has_rfid, environment, power_type, phase_type, max_power_kw, ocpp_version, telecom_provider, installation_date) VALUES (361, 'Unknown', 'U4UUGALHHBGTWCNKYJNR', 'ABB', 'Terra 54', 2, 'CCS,Type2', true, 'outdoor', 'DC', 'three-phase', 50.0, '1.6', 'Movistar', '2023-01-01');
INSERT INTO CONTRACT (contract_id, type, client_id, charger_id, start_date, end_date, number_of_visits, frequency, status) VALUES (361, 'preventiu', 100, 361, '2024-01-01', '2025-01-01', 4, 'trimestral', 'active');
INSERT INTO VISIT (visit_id, contract_id, technician_id, visit_type, status, planned_date, address, latitude, longitude, location_source, estimated_duration_min) VALUES (361, 361, 9, 'diagnosi', 'scheduled', '2024-04-01', 'C/ De Còrsega, 344', 41.397854, 2.161422, 'manual', 60);
INSERT INTO CHARGER (charger_id, name, serial_number, brand, model, number_of_plugs, connector_types, has_rfid, environment, power_type, phase_type, max_power_kw, ocpp_version, telecom_provider, installation_date) VALUES (362, 'Unknown', 'OL5GMFNRYXV7LOETKAKM', 'ABB', 'Terra 54', 2, 'CCS,Type2', true, 'outdoor', 'DC', 'three-phase', 50.0, '1.6', 'Movistar', '2023-01-01');
INSERT INTO CONTRACT (contract_id, type, client_id, charger_id, start_date, end_date, number_of_visits, frequency, status) VALUES (362, 'preventiu', 100, 362, '2024-01-01', '2025-01-01', 4, 'trimestral', 'active');
INSERT INTO VISIT (visit_id, contract_id, technician_id, visit_type, status, planned_date, address, latitude, longitude, location_source, estimated_duration_min) VALUES (362, 362, 9, 'preventiu', 'scheduled', '2024-04-10', 'C/ Del Rosselló, 1', 41.38261, 2.142857, 'manual', 120);
INSERT INTO CHARGER (charger_id, name, serial_number, brand, model, number_of_plugs, connector_types, has_rfid, environment, power_type, phase_type, max_power_kw, ocpp_version, telecom_provider, installation_date) VALUES (363, 'Unknown', 'UCJ8FMYH1XYDBVUX5FQB', 'ABB', 'Terra 54', 2, 'CCS,Type2', true, 'outdoor', 'DC', 'three-phase', 50.0, '1.6', 'Movistar', '2023-01-01');
INSERT INTO CONTRACT (contract_id, type, client_id, charger_id, start_date, end_date, number_of_visits, frequency, status) VALUES (363, 'preventiu', 100, 363, '2024-01-01', '2025-01-01', 4, 'trimestral', 'active');
INSERT INTO VISIT (visit_id, contract_id, technician_id, visit_type, status, planned_date, address, latitude, longitude, location_source, estimated_duration_min) VALUES (363, 363, 8, 'diagnosi', 'scheduled', '2024-04-01', 'Josel Corsega, Carrer De Còrsega, 344', 41.397808, 2.161183, 'manual', 60);
INSERT INTO CHARGER (charger_id, name, serial_number, brand, model, number_of_plugs, connector_types, has_rfid, environment, power_type, phase_type, max_power_kw, ocpp_version, telecom_provider, installation_date) VALUES (364, 'Unknown', '2LZHWZXLAKSMY05UFQBX', 'ABB', 'Terra 54', 2, 'CCS,Type2', true, 'outdoor', 'DC', 'three-phase', 50.0, '1.6', 'Movistar', '2023-01-01');
INSERT INTO CONTRACT (contract_id, type, client_id, charger_id, start_date, end_date, number_of_visits, frequency, status) VALUES (364, 'preventiu', 100, 364, '2024-01-01', '2025-01-01', 4, 'trimestral', 'active');
INSERT INTO VISIT (visit_id, technician_id, visit_type, status, planned_date, address, latitude, longitude, location_source, estimated_duration_min) VALUES (364, 1, 'posada_en_marxa', 'scheduled', '2024-03-28', 'Pg. De Sta. Gervasi, 51', 41.41066, 2.137401, 'manual', 180);
INSERT INTO CHARGER (charger_id, name, serial_number, brand, model, number_of_plugs, connector_types, has_rfid, environment, power_type, phase_type, max_power_kw, ocpp_version, telecom_provider, installation_date) VALUES (365, 'Ajuntament de Vic', 'WBUKG8Y4CEOFT6J9ESDW', 'ABB', 'Terra 54', 2, 'CCS,Type2', true, 'outdoor', 'DC', 'three-phase', 50.0, '1.6', 'Movistar', '2023-01-01');
INSERT INTO CONTRACT (contract_id, type, client_id, charger_id, start_date, end_date, number_of_visits, frequency, status) VALUES (365, 'preventiu', 100, 365, '2024-01-01', '2025-01-01', 4, 'trimestral', 'active');
INSERT INTO VISIT (visit_id, contract_id, technician_id, visit_type, status, planned_date, address, latitude, longitude, location_source, estimated_duration_min) VALUES (365, 365, 8, 'preventiu', 'scheduled', '2024-04-10', 'Av. Del Mercat, 4', 41.92701, 2.2482, 'manual', 120);
INSERT INTO CHARGER (charger_id, name, serial_number, brand, model, number_of_plugs, connector_types, has_rfid, environment, power_type, phase_type, max_power_kw, ocpp_version, telecom_provider, installation_date) VALUES (366, 'Ajuntament de Vic - CIRCUTOR EdRSR 2', 'FOWDU8FGGPRQOXMRJFX2', 'ABB', 'Terra 54', 2, 'CCS,Type2', true, 'outdoor', 'DC', 'three-phase', 50.0, '1.6', 'Movistar', '2023-01-01');
INSERT INTO CONTRACT (contract_id, type, client_id, charger_id, start_date, end_date, number_of_visits, frequency, status) VALUES (366, 'preventiu', 100, 366, '2024-01-01', '2025-01-01', 4, 'trimestral', 'active');
INSERT INTO VISIT (visit_id, technician_id, visit_type, status, planned_date, address, latitude, longitude, location_source, estimated_duration_min) VALUES (366, 9, 'posada_en_marxa', 'scheduled', '2024-03-28', 'Carrer De Miramarges, 4', 41.933502, 2.248226, 'manual', 180);
INSERT INTO CHARGER (charger_id, name, serial_number, brand, model, number_of_plugs, connector_types, has_rfid, environment, power_type, phase_type, max_power_kw, ocpp_version, telecom_provider, installation_date) VALUES (367, 'Ajuntament de Vic - CIRCUTOR EdRSR 3', 'XFF1KKVSGMDOTWDOJTNF', 'ABB', 'Terra 54', 2, 'CCS,Type2', true, 'outdoor', 'DC', 'three-phase', 50.0, '1.6', 'Movistar', '2023-01-01');
INSERT INTO CONTRACT (contract_id, type, client_id, charger_id, start_date, end_date, number_of_visits, frequency, status) VALUES (367, 'preventiu', 100, 367, '2024-01-01', '2025-01-01', 4, 'trimestral', 'active');
INSERT INTO VISIT (visit_id, technician_id, visit_type, status, planned_date, address, latitude, longitude, location_source, estimated_duration_min) VALUES (367, 9, 'posada_en_marxa', 'scheduled', '2024-03-28', 'Av. Del Mercat, 6', 41.926846, 2.245814, 'manual', 180);
INSERT INTO CHARGER (charger_id, name, serial_number, brand, model, number_of_plugs, connector_types, has_rfid, environment, power_type, phase_type, max_power_kw, ocpp_version, telecom_provider, installation_date) VALUES (368, 'Ajuntament de Vic - INGETEAM EdRSR 4', 'QJSCZDOFLQ5MEMH9O6WR', 'ABB', 'Terra 54', 2, 'CCS,Type2', true, 'outdoor', 'DC', 'three-phase', 50.0, '1.6', 'Movistar', '2023-01-01');
INSERT INTO CONTRACT (contract_id, type, client_id, charger_id, start_date, end_date, number_of_visits, frequency, status) VALUES (368, 'preventiu', 100, 368, '2024-01-01', '2025-01-01', 4, 'trimestral', 'active');
INSERT INTO VISIT (visit_id, contract_id, technician_id, visit_type, status, planned_date, address, latitude, longitude, location_source, estimated_duration_min) VALUES (368, 368, 8, 'diagnosi', 'scheduled', '2024-04-01', 'Carrer Gravat Crosta S/N', 41.934113, 2.26019, 'manual', 60);
INSERT INTO CHARGER (charger_id, name, serial_number, brand, model, number_of_plugs, connector_types, has_rfid, environment, power_type, phase_type, max_power_kw, ocpp_version, telecom_provider, installation_date) VALUES (369, 'Ajuntament de Vic - CIRCUTOR EdRSR 5', 'Z50VOCJ6UBXF9MYLSXDX', 'ABB', 'Terra 54', 2, 'CCS,Type2', true, 'outdoor', 'DC', 'three-phase', 50.0, '1.6', 'Movistar', '2023-01-01');
INSERT INTO CONTRACT (contract_id, type, client_id, charger_id, start_date, end_date, number_of_visits, frequency, status) VALUES (369, 'preventiu', 100, 369, '2024-01-01', '2025-01-01', 4, 'trimestral', 'active');
INSERT INTO VISIT (visit_id, technician_id, visit_type, status, planned_date, address, latitude, longitude, location_source, estimated_duration_min) VALUES (369, 9, 'posada_en_marxa', 'scheduled', '2024-03-28', 'Passatge De La Generalitat, 3', 41.92479, 2.253852, 'manual', 180);
INSERT INTO CHARGER (charger_id, name, serial_number, brand, model, number_of_plugs, connector_types, has_rfid, environment, power_type, phase_type, max_power_kw, ocpp_version, telecom_provider, installation_date) VALUES (370, 'Ajuntament de Vic - CIRCUTOR EdRSR 7', '5ZKLXP5HXIIAWVHGB16V', 'ABB', 'Terra 54', 2, 'CCS,Type2', true, 'outdoor', 'DC', 'three-phase', 50.0, '1.6', 'Movistar', '2023-01-01');
INSERT INTO CONTRACT (contract_id, type, client_id, charger_id, start_date, end_date, number_of_visits, frequency, status) VALUES (370, 'preventiu', 100, 370, '2024-01-01', '2025-01-01', 4, 'trimestral', 'active');
INSERT INTO VISIT (visit_id, technician_id, visit_type, status, planned_date, address, latitude, longitude, location_source, estimated_duration_min) VALUES (370, 1, 'posada_en_marxa', 'scheduled', '2024-03-28', 'Carrer De Santa Coloma De Farners, 6', 41.94098, 2.255177, 'manual', 180);
INSERT INTO CHARGER (charger_id, name, serial_number, brand, model, number_of_plugs, connector_types, has_rfid, environment, power_type, phase_type, max_power_kw, ocpp_version, telecom_provider, installation_date) VALUES (371, 'Ajuntament de Pont de Suert - LAFON EdRR', 'RVGQHGTAZH9MWBN1DHR9', 'ABB', 'Terra 54', 2, 'CCS,Type2', true, 'outdoor', 'DC', 'three-phase', 50.0, '1.6', 'Movistar', '2023-01-01');
INSERT INTO CONTRACT (contract_id, type, client_id, charger_id, start_date, end_date, number_of_visits, frequency, status) VALUES (371, 'preventiu', 100, 371, '2024-01-01', '2025-01-01', 4, 'trimestral', 'active');
INSERT INTO VISIT (visit_id, contract_id, technician_id, visit_type, status, planned_date, address, latitude, longitude, location_source, estimated_duration_min) VALUES (371, 371, 3, 'preventiu', 'scheduled', '2024-04-10', 'Carrer De Sant Sebastià, 16', 42.408722, 0.740063, 'manual', 120);
INSERT INTO CHARGER (charger_id, name, serial_number, brand, model, number_of_plugs, connector_types, has_rfid, environment, power_type, phase_type, max_power_kw, ocpp_version, telecom_provider, installation_date) VALUES (372, 'Unknown', 'DD6WT5HC7PXXFPP0OK9A', 'ABB', 'Terra 54', 2, 'CCS,Type2', true, 'outdoor', 'DC', 'three-phase', 50.0, '1.6', 'Movistar', '2023-01-01');
INSERT INTO CONTRACT (contract_id, type, client_id, charger_id, start_date, end_date, number_of_visits, frequency, status) VALUES (372, 'preventiu', 100, 372, '2024-01-01', '2025-01-01', 4, 'trimestral', 'active');
INSERT INTO VISIT (visit_id, contract_id, technician_id, visit_type, status, planned_date, address, latitude, longitude, location_source, estimated_duration_min) VALUES (372, 372, 8, 'diagnosi', 'scheduled', '2024-04-01', 'Plaça Fra Bernardí', 42.00057, 2.283364, 'manual', 60);
INSERT INTO CHARGER (charger_id, name, serial_number, brand, model, number_of_plugs, connector_types, has_rfid, environment, power_type, phase_type, max_power_kw, ocpp_version, telecom_provider, installation_date) VALUES (373, 'Unknown', 'PH32PNXFG1X1GOCNRUW3', 'ABB', 'Terra 54', 2, 'CCS,Type2', true, 'outdoor', 'DC', 'three-phase', 50.0, '1.6', 'Movistar', '2023-01-01');
INSERT INTO CONTRACT (contract_id, type, client_id, charger_id, start_date, end_date, number_of_visits, frequency, status) VALUES (373, 'preventiu', 100, 373, '2024-01-01', '2025-01-01', 4, 'trimestral', 'active');
INSERT INTO VISIT (visit_id, contract_id, technician_id, visit_type, status, planned_date, address, latitude, longitude, location_source, estimated_duration_min) VALUES (373, 373, 1, 'preventiu', 'scheduled', '2024-04-10', 'Plaça Santa Magadalena, 5', 41.37756, 2.088423, 'manual', 120);
INSERT INTO CHARGER (charger_id, name, serial_number, brand, model, number_of_plugs, connector_types, has_rfid, environment, power_type, phase_type, max_power_kw, ocpp_version, telecom_provider, installation_date) VALUES (374, 'Unknown', 'SUHAEYCZURYNS4CS0KJC', 'ABB', 'Terra 54', 2, 'CCS,Type2', true, 'outdoor', 'DC', 'three-phase', 50.0, '1.6', 'Movistar', '2023-01-01');
INSERT INTO CONTRACT (contract_id, type, client_id, charger_id, start_date, end_date, number_of_visits, frequency, status) VALUES (374, 'preventiu', 100, 374, '2024-01-01', '2025-01-01', 4, 'trimestral', 'active');
INSERT INTO VISIT (visit_id, technician_id, visit_type, status, planned_date, address, latitude, longitude, location_source, estimated_duration_min) VALUES (374, 1, 'posada_en_marxa', 'scheduled', '2024-03-28', 'Carrer Iglesias, 6', 41.44631, 1.973971, 'manual', 180);
INSERT INTO CHARGER (charger_id, name, serial_number, brand, model, number_of_plugs, connector_types, has_rfid, environment, power_type, phase_type, max_power_kw, ocpp_version, telecom_provider, installation_date) VALUES (375, 'Unknown', 'ASHFZJ8MKFBLUV9YFSBE', 'ABB', 'Terra 54', 2, 'CCS,Type2', true, 'outdoor', 'DC', 'three-phase', 50.0, '1.6', 'Movistar', '2023-01-01');
INSERT INTO CONTRACT (contract_id, type, client_id, charger_id, start_date, end_date, number_of_visits, frequency, status) VALUES (375, 'preventiu', 100, 375, '2024-01-01', '2025-01-01', 4, 'trimestral', 'active');
INSERT INTO VISIT (visit_id, contract_id, technician_id, visit_type, status, planned_date, address, latitude, longitude, location_source, estimated_duration_min) VALUES (375, 375, 10, 'preventiu', 'scheduled', '2024-04-10', 'Carrer De Sant Antoni Maria Claret, 1 Bis', 41.41223, 2.019996, 'manual', 120);
INSERT INTO CHARGER (charger_id, name, serial_number, brand, model, number_of_plugs, connector_types, has_rfid, environment, power_type, phase_type, max_power_kw, ocpp_version, telecom_provider, installation_date) VALUES (376, 'Unknown', 'GKI3B3HKTB5JXVW9DBMI', 'ABB', 'Terra 54', 2, 'CCS,Type2', true, 'outdoor', 'DC', 'three-phase', 50.0, '1.6', 'Movistar', '2023-01-01');
INSERT INTO CONTRACT (contract_id, type, client_id, charger_id, start_date, end_date, number_of_visits, frequency, status) VALUES (376, 'preventiu', 100, 376, '2024-01-01', '2025-01-01', 4, 'trimestral', 'active');
INSERT INTO VISIT (visit_id, contract_id, technician_id, visit_type, status, planned_date, address, latitude, longitude, location_source, estimated_duration_min) VALUES (376, 376, 4, 'preventiu', 'scheduled', '2024-04-10', 'Avinguda Carrilet, 312-314', 41.357815, 2.101878, 'manual', 120);
INSERT INTO CHARGER (charger_id, name, serial_number, brand, model, number_of_plugs, connector_types, has_rfid, environment, power_type, phase_type, max_power_kw, ocpp_version, telecom_provider, installation_date) VALUES (377, 'Unknown', 'K7DLREEVTRBEEKGCFXZS', 'ABB', 'Terra 54', 2, 'CCS,Type2', true, 'outdoor', 'DC', 'three-phase', 50.0, '1.6', 'Movistar', '2023-01-01');
INSERT INTO CONTRACT (contract_id, type, client_id, charger_id, start_date, end_date, number_of_visits, frequency, status) VALUES (377, 'preventiu', 100, 377, '2024-01-01', '2025-01-01', 4, 'trimestral', 'active');
INSERT INTO VISIT (visit_id, technician_id, visit_type, status, planned_date, address, latitude, longitude, location_source, estimated_duration_min) VALUES (377, 6, 'posada_en_marxa', 'scheduled', '2024-03-28', 'Carrer Pi I Margall, 43', 41.382004, 2.048048, 'manual', 180);
INSERT INTO CHARGER (charger_id, name, serial_number, brand, model, number_of_plugs, connector_types, has_rfid, environment, power_type, phase_type, max_power_kw, ocpp_version, telecom_provider, installation_date) VALUES (378, 'Ajuntament de Vallgorguina - INGETEAM EdRR', 'PSOV3DMHFTCFNYDQHVQN', 'ABB', 'Terra 54', 2, 'CCS,Type2', true, 'outdoor', 'DC', 'three-phase', 50.0, '1.6', 'Movistar', '2023-01-01');
INSERT INTO CONTRACT (contract_id, type, client_id, charger_id, start_date, end_date, number_of_visits, frequency, status) VALUES (378, 'preventiu', 100, 378, '2024-01-01', '2025-01-01', 4, 'trimestral', 'active');
INSERT INTO VISIT (visit_id, contract_id, technician_id, visit_type, status, planned_date, address, latitude, longitude, location_source, estimated_duration_min) VALUES (378, 378, 1, 'preventiu', 'scheduled', '2024-04-10', 'Carr. Nova, 54', 41.648064, 2.509397, 'manual', 120);
INSERT INTO CHARGER (charger_id, name, serial_number, brand, model, number_of_plugs, connector_types, has_rfid, environment, power_type, phase_type, max_power_kw, ocpp_version, telecom_provider, installation_date) VALUES (379, 'Unknown', 'BFALMH2VXBCIFUPZOHQG', 'ABB', 'Terra 54', 2, 'CCS,Type2', true, 'outdoor', 'DC', 'three-phase', 50.0, '1.6', 'Movistar', '2023-01-01');
INSERT INTO CONTRACT (contract_id, type, client_id, charger_id, start_date, end_date, number_of_visits, frequency, status) VALUES (379, 'preventiu', 100, 379, '2024-01-01', '2025-01-01', 4, 'trimestral', 'active');
INSERT INTO VISIT (visit_id, contract_id, technician_id, visit_type, status, planned_date, address, latitude, longitude, location_source, estimated_duration_min) VALUES (379, 379, 5, 'preventiu', 'scheduled', '2024-04-10', 'Avinguda De La Generalitat De Catalunya, 10', 41.376953, 2.074585, 'manual', 120);
INSERT INTO CHARGER (charger_id, name, serial_number, brand, model, number_of_plugs, connector_types, has_rfid, environment, power_type, phase_type, max_power_kw, ocpp_version, telecom_provider, installation_date) VALUES (380, 'Unknown', 'J8EGXFBMAW33GE5TGOZW', 'ABB', 'Terra 54', 2, 'CCS,Type2', true, 'outdoor', 'DC', 'three-phase', 50.0, '1.6', 'Movistar', '2023-01-01');
INSERT INTO CONTRACT (contract_id, type, client_id, charger_id, start_date, end_date, number_of_visits, frequency, status) VALUES (380, 'preventiu', 100, 380, '2024-01-01', '2025-01-01', 4, 'trimestral', 'active');
INSERT INTO VISIT (visit_id, technician_id, visit_type, status, planned_date, address, latitude, longitude, location_source, estimated_duration_min) VALUES (380, 5, 'posada_en_marxa', 'scheduled', '2024-03-28', 'Port De Roses, S/N', 42.25659, 3.181355, 'manual', 180);
INSERT INTO CHARGER (charger_id, name, serial_number, brand, model, number_of_plugs, connector_types, has_rfid, environment, power_type, phase_type, max_power_kw, ocpp_version, telecom_provider, installation_date) VALUES (381, 'Unknown', 'F06RLHMZDCR0MRPI8HTK', 'ABB', 'Terra 54', 2, 'CCS,Type2', true, 'outdoor', 'DC', 'three-phase', 50.0, '1.6', 'Movistar', '2023-01-01');
INSERT INTO CONTRACT (contract_id, type, client_id, charger_id, start_date, end_date, number_of_visits, frequency, status) VALUES (381, 'preventiu', 100, 381, '2024-01-01', '2025-01-01', 4, 'trimestral', 'active');
INSERT INTO VISIT (visit_id, contract_id, technician_id, visit_type, status, planned_date, address, latitude, longitude, location_source, estimated_duration_min) VALUES (381, 381, 5, 'preventiu', 'scheduled', '2024-04-10', 'Carrer De Marina, 113', 41.463978, 2.273837, 'manual', 120);
INSERT INTO CHARGER (charger_id, name, serial_number, brand, model, number_of_plugs, connector_types, has_rfid, environment, power_type, phase_type, max_power_kw, ocpp_version, telecom_provider, installation_date) VALUES (382, 'Unknown', 'HNXZ19QUK9KQECSSRXWV', 'ABB', 'Terra 54', 2, 'CCS,Type2', true, 'outdoor', 'DC', 'three-phase', 50.0, '1.6', 'Movistar', '2023-01-01');
INSERT INTO CONTRACT (contract_id, type, client_id, charger_id, start_date, end_date, number_of_visits, frequency, status) VALUES (382, 'preventiu', 100, 382, '2024-01-01', '2025-01-01', 4, 'trimestral', 'active');
INSERT INTO VISIT (visit_id, contract_id, technician_id, visit_type, status, planned_date, address, latitude, longitude, location_source, estimated_duration_min) VALUES (382, 382, 3, 'preventiu', 'scheduled', '2024-04-10', 'Carrer Agricultura, 1', 41.478683, 1.977648, 'manual', 120);
INSERT INTO CHARGER (charger_id, name, serial_number, brand, model, number_of_plugs, connector_types, has_rfid, environment, power_type, phase_type, max_power_kw, ocpp_version, telecom_provider, installation_date) VALUES (383, 'Unknown', 'GTOGCU4FSLIXY8BAVHFH', 'ABB', 'Terra 54', 2, 'CCS,Type2', true, 'outdoor', 'DC', 'three-phase', 50.0, '1.6', 'Movistar', '2023-01-01');
INSERT INTO CONTRACT (contract_id, type, client_id, charger_id, start_date, end_date, number_of_visits, frequency, status) VALUES (383, 'preventiu', 100, 383, '2024-01-01', '2025-01-01', 4, 'trimestral', 'active');
INSERT INTO VISIT (visit_id, contract_id, technician_id, visit_type, status, planned_date, address, latitude, longitude, location_source, estimated_duration_min) VALUES (383, 383, 8, 'preventiu', 'scheduled', '2024-04-10', 'Camí Camagriga, 1', 41.337593, 1.992518, 'manual', 120);
INSERT INTO CHARGER (charger_id, name, serial_number, brand, model, number_of_plugs, connector_types, has_rfid, environment, power_type, phase_type, max_power_kw, ocpp_version, telecom_provider, installation_date) VALUES (384, 'Unknown', 'ZFATTK1OH0JWSYODHTJG', 'ABB', 'Terra 54', 2, 'CCS,Type2', true, 'outdoor', 'DC', 'three-phase', 50.0, '1.6', 'Movistar', '2023-01-01');
INSERT INTO CONTRACT (contract_id, type, client_id, charger_id, start_date, end_date, number_of_visits, frequency, status) VALUES (384, 'preventiu', 100, 384, '2024-01-01', '2025-01-01', 4, 'trimestral', 'active');
INSERT INTO VISIT (visit_id, technician_id, visit_type, status, planned_date, address, latitude, longitude, location_source, estimated_duration_min) VALUES (384, 3, 'posada_en_marxa', 'scheduled', '2024-03-28', 'Carrer De Vilana, 12', 41.405937, 2.127265, 'manual', 180);
INSERT INTO CHARGER (charger_id, name, serial_number, brand, model, number_of_plugs, connector_types, has_rfid, environment, power_type, phase_type, max_power_kw, ocpp_version, telecom_provider, installation_date) VALUES (385, 'Unknown', 'YFVFDAMJAHWQE78STQGU', 'ABB', 'Terra 54', 2, 'CCS,Type2', true, 'outdoor', 'DC', 'three-phase', 50.0, '1.6', 'Movistar', '2023-01-01');
INSERT INTO CONTRACT (contract_id, type, client_id, charger_id, start_date, end_date, number_of_visits, frequency, status) VALUES (385, 'preventiu', 100, 385, '2024-01-01', '2025-01-01', 4, 'trimestral', 'active');
INSERT INTO VISIT (visit_id, technician_id, visit_type, status, planned_date, address, latitude, longitude, location_source, estimated_duration_min) VALUES (385, 8, 'posada_en_marxa', 'scheduled', '2024-03-28', 'Carrer De L''estació, 3', 41.513954, 2.118892, 'manual', 180);
INSERT INTO CHARGER (charger_id, name, serial_number, brand, model, number_of_plugs, connector_types, has_rfid, environment, power_type, phase_type, max_power_kw, ocpp_version, telecom_provider, installation_date) VALUES (386, 'Unknown', 'T5LN3BXXZ20CMFYPBQGT', 'ABB', 'Terra 54', 2, 'CCS,Type2', true, 'outdoor', 'DC', 'three-phase', 50.0, '1.6', 'Movistar', '2023-01-01');
INSERT INTO CONTRACT (contract_id, type, client_id, charger_id, start_date, end_date, number_of_visits, frequency, status) VALUES (386, 'preventiu', 100, 386, '2024-01-01', '2025-01-01', 4, 'trimestral', 'active');
INSERT INTO VISIT (visit_id, technician_id, visit_type, status, planned_date, address, latitude, longitude, location_source, estimated_duration_min) VALUES (386, 1, 'posada_en_marxa', 'scheduled', '2024-03-28', 'Carrer Antic Camí Ral De València, 1', 41.278793, 1.980029, 'manual', 180);
INSERT INTO CHARGER (charger_id, name, serial_number, brand, model, number_of_plugs, connector_types, has_rfid, environment, power_type, phase_type, max_power_kw, ocpp_version, telecom_provider, installation_date) VALUES (387, 'Unknown', 'AOMHFNAJTDYB8KRAOIVJ', 'ABB', 'Terra 54', 2, 'CCS,Type2', true, 'outdoor', 'DC', 'three-phase', 50.0, '1.6', 'Movistar', '2023-01-01');
INSERT INTO CONTRACT (contract_id, type, client_id, charger_id, start_date, end_date, number_of_visits, frequency, status) VALUES (387, 'preventiu', 100, 387, '2024-01-01', '2025-01-01', 4, 'trimestral', 'active');
INSERT INTO VISIT (visit_id, technician_id, visit_type, status, planned_date, address, latitude, longitude, location_source, estimated_duration_min) VALUES (387, 1, 'posada_en_marxa', 'scheduled', '2024-03-28', 'Plaça De Victòria Kent, 65, 08018 Barcelona, España', 41.413406, 2.194702, 'manual', 180);
INSERT INTO CHARGER (charger_id, name, serial_number, brand, model, number_of_plugs, connector_types, has_rfid, environment, power_type, phase_type, max_power_kw, ocpp_version, telecom_provider, installation_date) VALUES (388, 'Unknown', 'YHWHS6DRET7CN4GB1QJX', 'ABB', 'Terra 54', 2, 'CCS,Type2', true, 'outdoor', 'DC', 'three-phase', 50.0, '1.6', 'Movistar', '2023-01-01');
INSERT INTO CONTRACT (contract_id, type, client_id, charger_id, start_date, end_date, number_of_visits, frequency, status) VALUES (388, 'preventiu', 100, 388, '2024-01-01', '2025-01-01', 4, 'trimestral', 'active');
INSERT INTO VISIT (visit_id, technician_id, visit_type, status, planned_date, address, latitude, longitude, location_source, estimated_duration_min) VALUES (388, 7, 'posada_en_marxa', 'scheduled', '2024-03-28', 'Avinguda D''en Piera, 51,', 41.52736, 2.234782, 'manual', 180);
INSERT INTO CHARGER (charger_id, name, serial_number, brand, model, number_of_plugs, connector_types, has_rfid, environment, power_type, phase_type, max_power_kw, ocpp_version, telecom_provider, installation_date) VALUES (389, 'Ajuntament de Martorelles - SELBA EdRSR', 'QBNNK26P2NJADNY0ZIAO', 'ABB', 'Terra 54', 2, 'CCS,Type2', true, 'outdoor', 'DC', 'three-phase', 50.0, '1.6', 'Movistar', '2023-01-01');
INSERT INTO CONTRACT (contract_id, type, client_id, charger_id, start_date, end_date, number_of_visits, frequency, status) VALUES (389, 'preventiu', 100, 389, '2024-01-01', '2025-01-01', 4, 'trimestral', 'active');
INSERT INTO VISIT (visit_id, contract_id, technician_id, visit_type, status, planned_date, address, latitude, longitude, location_source, estimated_duration_min) VALUES (389, 389, 10, 'preventiu', 'scheduled', '2024-04-10', 'Avinguda D''en Piera, 40', 41.527725, 2.229863, 'manual', 120);
INSERT INTO CHARGER (charger_id, name, serial_number, brand, model, number_of_plugs, connector_types, has_rfid, environment, power_type, phase_type, max_power_kw, ocpp_version, telecom_provider, installation_date) VALUES (390, 'Ajuntament de Sant Boi de Lluçanes - SELBA EdRSR 1', 'NEZ6UZSNRMWIGHBG3MAI', 'ABB', 'Terra 54', 2, 'CCS,Type2', true, 'outdoor', 'DC', 'three-phase', 50.0, '1.6', 'Movistar', '2023-01-01');
INSERT INTO CONTRACT (contract_id, type, client_id, charger_id, start_date, end_date, number_of_visits, frequency, status) VALUES (390, 'preventiu', 100, 390, '2024-01-01', '2025-01-01', 4, 'trimestral', 'active');
INSERT INTO VISIT (visit_id, technician_id, visit_type, status, planned_date, address, latitude, longitude, location_source, estimated_duration_min) VALUES (390, 10, 'posada_en_marxa', 'scheduled', '2024-03-28', 'Passeig Del Lluçanès, 8', 42.059002, 2.151578, 'manual', 180);
INSERT INTO CHARGER (charger_id, name, serial_number, brand, model, number_of_plugs, connector_types, has_rfid, environment, power_type, phase_type, max_power_kw, ocpp_version, telecom_provider, installation_date) VALUES (391, 'Ajuntament de Brull - SELBA EdRSR 1', 'HEMRDQB1YRX97CDVL0I1', 'ABB', 'Terra 54', 2, 'CCS,Type2', true, 'outdoor', 'DC', 'three-phase', 50.0, '1.6', 'Movistar', '2023-01-01');
INSERT INTO CONTRACT (contract_id, type, client_id, charger_id, start_date, end_date, number_of_visits, frequency, status) VALUES (391, 'preventiu', 100, 391, '2024-01-01', '2025-01-01', 4, 'trimestral', 'active');
INSERT INTO VISIT (visit_id, contract_id, technician_id, visit_type, status, planned_date, address, latitude, longitude, location_source, estimated_duration_min) VALUES (391, 391, 7, 'preventiu', 'scheduled', '2024-04-10', 'Carrer Dels Afores, S-N', 41.816532, 2.304947, 'manual', 120);
INSERT INTO CHARGER (charger_id, name, serial_number, brand, model, number_of_plugs, connector_types, has_rfid, environment, power_type, phase_type, max_power_kw, ocpp_version, telecom_provider, installation_date) VALUES (392, 'Ajuntament d''Altafulla - INGETEAM EdRR', 'E1IKP0FNMDHVCP3NP7HM', 'ABB', 'Terra 54', 2, 'CCS,Type2', true, 'outdoor', 'DC', 'three-phase', 50.0, '1.6', 'Movistar', '2023-01-01');
INSERT INTO CONTRACT (contract_id, type, client_id, charger_id, start_date, end_date, number_of_visits, frequency, status) VALUES (392, 'preventiu', 100, 392, '2024-01-01', '2025-01-01', 4, 'trimestral', 'active');
INSERT INTO VISIT (visit_id, technician_id, visit_type, status, planned_date, address, latitude, longitude, location_source, estimated_duration_min) VALUES (392, 5, 'posada_en_marxa', 'scheduled', '2024-03-28', 'Carrer Marqués De Tamarit, 16A', 41.14001, 1.374338, 'manual', 180);
INSERT INTO CHARGER (charger_id, name, serial_number, brand, model, number_of_plugs, connector_types, has_rfid, environment, power_type, phase_type, max_power_kw, ocpp_version, telecom_provider, installation_date) VALUES (393, 'Unknown', '2TS4B6W6VG8TUCWIIGJX', 'ABB', 'Terra 54', 2, 'CCS,Type2', true, 'outdoor', 'DC', 'three-phase', 50.0, '1.6', 'Movistar', '2023-01-01');
INSERT INTO CONTRACT (contract_id, type, client_id, charger_id, start_date, end_date, number_of_visits, frequency, status) VALUES (393, 'preventiu', 100, 393, '2024-01-01', '2025-01-01', 4, 'trimestral', 'active');
INSERT INTO VISIT (visit_id, contract_id, technician_id, visit_type, status, planned_date, address, latitude, longitude, location_source, estimated_duration_min) VALUES (393, 393, 8, 'preventiu', 'scheduled', '2024-04-10', 'C. Telers, 16', 41.560112, 2.014502, 'manual', 120);
INSERT INTO CHARGER (charger_id, name, serial_number, brand, model, number_of_plugs, connector_types, has_rfid, environment, power_type, phase_type, max_power_kw, ocpp_version, telecom_provider, installation_date) VALUES (394, 'Ajuntament de Sant Celoni - VEGA EdRR 1', 'FRMXDNXEHMWPTJRFIUVD', 'ABB', 'Terra 54', 2, 'CCS,Type2', true, 'outdoor', 'DC', 'three-phase', 50.0, '1.6', 'Movistar', '2023-01-01');
INSERT INTO CONTRACT (contract_id, type, client_id, charger_id, start_date, end_date, number_of_visits, frequency, status) VALUES (394, 'preventiu', 100, 394, '2024-01-01', '2025-01-01', 4, 'trimestral', 'active');
INSERT INTO VISIT (visit_id, contract_id, technician_id, visit_type, status, planned_date, address, latitude, longitude, location_source, estimated_duration_min) VALUES (394, 394, 7, 'preventiu', 'scheduled', '2024-04-10', 'Plaça Sector Residenc. Esports, 49', 41.69232, 2.487575, 'manual', 120);
INSERT INTO CHARGER (charger_id, name, serial_number, brand, model, number_of_plugs, connector_types, has_rfid, environment, power_type, phase_type, max_power_kw, ocpp_version, telecom_provider, installation_date) VALUES (395, 'Ajuntament de Palafolls - SELBA EdRSR 1', 'QOEIBYGABO2JQTDMPURJ', 'ABB', 'Terra 54', 2, 'CCS,Type2', true, 'outdoor', 'DC', 'three-phase', 50.0, '1.6', 'Movistar', '2023-01-01');
INSERT INTO CONTRACT (contract_id, type, client_id, charger_id, start_date, end_date, number_of_visits, frequency, status) VALUES (395, 'preventiu', 100, 395, '2024-01-01', '2025-01-01', 4, 'trimestral', 'active');
INSERT INTO INCIDENCE (incidence_id, charger_id, reported_at, priority, status, description, estimated_duration_min) VALUES (20, 395, '2024-03-26 09:00:00', 3, 'pending', 'Incidència de tipus Non-critical Corrective', 90);
INSERT INTO VISIT (visit_id, incidence_id, technician_id, visit_type, status, planned_date, address, latitude, longitude, location_source, estimated_duration_min) VALUES (395, 20, 10, 'correctiu', 'scheduled', '2024-03-27', 'Carrer De Mas Pinell, 53', 41.669018, 2.75167, 'gps', 90);
INSERT INTO CHARGER (charger_id, name, serial_number, brand, model, number_of_plugs, connector_types, has_rfid, environment, power_type, phase_type, max_power_kw, ocpp_version, telecom_provider, installation_date) VALUES (396, 'Ajuntament Lliçà de Vall - CIRCUTOR EdRSR  6', 'NPKBSQAFGDWZWQDINYOD', 'ABB', 'Terra 54', 2, 'CCS,Type2', true, 'outdoor', 'DC', 'three-phase', 50.0, '1.6', 'Movistar', '2023-01-01');
INSERT INTO CONTRACT (contract_id, type, client_id, charger_id, start_date, end_date, number_of_visits, frequency, status) VALUES (396, 'preventiu', 100, 396, '2024-01-01', '2025-01-01', 4, 'trimestral', 'active');
INSERT INTO VISIT (visit_id, technician_id, visit_type, status, planned_date, address, latitude, longitude, location_source, estimated_duration_min) VALUES (396, 9, 'posada_en_marxa', 'scheduled', '2024-03-28', 'Plaça De La Vila, 15', 41.586613, 2.239414, 'manual', 180);
INSERT INTO CHARGER (charger_id, name, serial_number, brand, model, number_of_plugs, connector_types, has_rfid, environment, power_type, phase_type, max_power_kw, ocpp_version, telecom_provider, installation_date) VALUES (397, 'Unknown', 'QQ1MYBIF0MUVW7CHS1YJ', 'ABB', 'Terra 54', 2, 'CCS,Type2', true, 'outdoor', 'DC', 'three-phase', 50.0, '1.6', 'Movistar', '2023-01-01');
INSERT INTO CONTRACT (contract_id, type, client_id, charger_id, start_date, end_date, number_of_visits, frequency, status) VALUES (397, 'preventiu', 100, 397, '2024-01-01', '2025-01-01', 4, 'trimestral', 'active');
INSERT INTO VISIT (visit_id, contract_id, technician_id, visit_type, status, planned_date, address, latitude, longitude, location_source, estimated_duration_min) VALUES (397, 397, 9, 'preventiu', 'scheduled', '2024-04-10', 'C. 6-B Izquierda, 1', 27.868458, -15.429197, 'manual', 120);
INSERT INTO CHARGER (charger_id, name, serial_number, brand, model, number_of_plugs, connector_types, has_rfid, environment, power_type, phase_type, max_power_kw, ocpp_version, telecom_provider, installation_date) VALUES (398, 'Unknown', '0VYTCSVRRPXMLKCC9UKF', 'ABB', 'Terra 54', 2, 'CCS,Type2', true, 'outdoor', 'DC', 'three-phase', 50.0, '1.6', 'Movistar', '2023-01-01');
INSERT INTO CONTRACT (contract_id, type, client_id, charger_id, start_date, end_date, number_of_visits, frequency, status) VALUES (398, 'preventiu', 100, 398, '2024-01-01', '2025-01-01', 4, 'trimestral', 'active');
INSERT INTO VISIT (visit_id, contract_id, technician_id, visit_type, status, planned_date, address, latitude, longitude, location_source, estimated_duration_min) VALUES (398, 398, 8, 'preventiu', 'scheduled', '2024-04-10', 'C. 6-B Izquierda, 1, 35118 Agüimes, Las Palmas, España', 27.868458, -15.429197, 'manual', 120);
INSERT INTO CHARGER (charger_id, name, serial_number, brand, model, number_of_plugs, connector_types, has_rfid, environment, power_type, phase_type, max_power_kw, ocpp_version, telecom_provider, installation_date) VALUES (399, 'Unknown', 'SP0UOK82INM9SWJVCEUF', 'ABB', 'Terra 54', 2, 'CCS,Type2', true, 'outdoor', 'DC', 'three-phase', 50.0, '1.6', 'Movistar', '2023-01-01');
INSERT INTO CONTRACT (contract_id, type, client_id, charger_id, start_date, end_date, number_of_visits, frequency, status) VALUES (399, 'preventiu', 100, 399, '2024-01-01', '2025-01-01', 4, 'trimestral', 'active');
INSERT INTO VISIT (visit_id, contract_id, technician_id, visit_type, status, planned_date, address, latitude, longitude, location_source, estimated_duration_min) VALUES (399, 399, 4, 'preventiu', 'scheduled', '2024-04-10', 'C. 6-B Izquierda, 1, 35118, Agüimes,', 27.86836, -15.429031, 'manual', 120);
INSERT INTO CHARGER (charger_id, name, serial_number, brand, model, number_of_plugs, connector_types, has_rfid, environment, power_type, phase_type, max_power_kw, ocpp_version, telecom_provider, installation_date) VALUES (400, 'Ajuntament d''Ullastret - SELBA EdRSR 1', '3DD20KCJBEBIBKKCLZ37', 'ABB', 'Terra 54', 2, 'CCS,Type2', true, 'outdoor', 'DC', 'three-phase', 50.0, '1.6', 'Movistar', '2023-01-01');
INSERT INTO CONTRACT (contract_id, type, client_id, charger_id, start_date, end_date, number_of_visits, frequency, status) VALUES (400, 'preventiu', 100, 400, '2024-01-01', '2025-01-01', 4, 'trimestral', 'active');
INSERT INTO INCIDENCE (incidence_id, charger_id, reported_at, priority, status, description, estimated_duration_min) VALUES (21, 400, '2024-03-26 09:00:00', 4, 'pending', 'Incidència de tipus Critical Corrective', 90);
INSERT INTO VISIT (visit_id, incidence_id, technician_id, visit_type, status, planned_date, address, latitude, longitude, location_source, estimated_duration_min) VALUES (400, 21, 9, 'correctiu', 'scheduled', '2024-03-27', 'C. Josep Romaguera I Vila, 1', 42.002262, 3.066907, 'gps', 90);
INSERT INTO CHARGER (charger_id, name, serial_number, brand, model, number_of_plugs, connector_types, has_rfid, environment, power_type, phase_type, max_power_kw, ocpp_version, telecom_provider, installation_date) VALUES (401, 'Unknown', 'R0FCZEQEZHOLGYGOPP0M', 'ABB', 'Terra 54', 2, 'CCS,Type2', true, 'outdoor', 'DC', 'three-phase', 50.0, '1.6', 'Movistar', '2023-01-01');
INSERT INTO CONTRACT (contract_id, type, client_id, charger_id, start_date, end_date, number_of_visits, frequency, status) VALUES (401, 'preventiu', 100, 401, '2024-01-01', '2025-01-01', 4, 'trimestral', 'active');
INSERT INTO VISIT (visit_id, contract_id, technician_id, visit_type, status, planned_date, address, latitude, longitude, location_source, estimated_duration_min) VALUES (401, 401, 10, 'diagnosi', 'scheduled', '2024-04-01', 'Calle El Henequen, 39', 28.497969, -13.881748, 'manual', 60);
INSERT INTO CHARGER (charger_id, name, serial_number, brand, model, number_of_plugs, connector_types, has_rfid, environment, power_type, phase_type, max_power_kw, ocpp_version, telecom_provider, installation_date) VALUES (402, 'Unknown', '10UDLXXQGZEIETZ6MP7O', 'ABB', 'Terra 54', 2, 'CCS,Type2', true, 'outdoor', 'DC', 'three-phase', 50.0, '1.6', 'Movistar', '2023-01-01');
INSERT INTO CONTRACT (contract_id, type, client_id, charger_id, start_date, end_date, number_of_visits, frequency, status) VALUES (402, 'preventiu', 100, 402, '2024-01-01', '2025-01-01', 4, 'trimestral', 'active');
INSERT INTO VISIT (visit_id, technician_id, visit_type, status, planned_date, address, latitude, longitude, location_source, estimated_duration_min) VALUES (402, 9, 'posada_en_marxa', 'scheduled', '2024-03-28', 'C. La Nasa, 18, 35600 Puerto Del Rosario, Las Palmas, España', 28.521276, -13.843146, 'manual', 180);
INSERT INTO CHARGER (charger_id, name, serial_number, brand, model, number_of_plugs, connector_types, has_rfid, environment, power_type, phase_type, max_power_kw, ocpp_version, telecom_provider, installation_date) VALUES (403, 'Unknown', 'AHERUFQ1WFE7HGZPULV7', 'ABB', 'Terra 54', 2, 'CCS,Type2', true, 'outdoor', 'DC', 'three-phase', 50.0, '1.6', 'Movistar', '2023-01-01');
INSERT INTO CONTRACT (contract_id, type, client_id, charger_id, start_date, end_date, number_of_visits, frequency, status) VALUES (403, 'preventiu', 100, 403, '2024-01-01', '2025-01-01', 4, 'trimestral', 'active');
INSERT INTO VISIT (visit_id, contract_id, technician_id, visit_type, status, planned_date, address, latitude, longitude, location_source, estimated_duration_min) VALUES (403, 403, 8, 'preventiu', 'scheduled', '2024-04-10', 'C. La Barcina, 52, 35600 Puerto Del Rosario, Las Palmas, España', 28.429169, -13.872655, 'manual', 120);
INSERT INTO CHARGER (charger_id, name, serial_number, brand, model, number_of_plugs, connector_types, has_rfid, environment, power_type, phase_type, max_power_kw, ocpp_version, telecom_provider, installation_date) VALUES (404, 'Ajuntament de Miralcamp - SELBA EdRSR 1', 'JIZMW7UC6F0BWBH9N5HK', 'ABB', 'Terra 54', 2, 'CCS,Type2', true, 'outdoor', 'DC', 'three-phase', 50.0, '1.6', 'Movistar', '2023-01-01');
INSERT INTO CONTRACT (contract_id, type, client_id, charger_id, start_date, end_date, number_of_visits, frequency, status) VALUES (404, 'preventiu', 100, 404, '2024-01-01', '2025-01-01', 4, 'trimestral', 'active');
INSERT INTO VISIT (visit_id, contract_id, technician_id, visit_type, status, planned_date, address, latitude, longitude, location_source, estimated_duration_min) VALUES (404, 404, 4, 'preventiu', 'scheduled', '2024-04-10', 'Carrer La Creu, 38,', 41.60628, 0.880803, 'manual', 120);
INSERT INTO CHARGER (charger_id, name, serial_number, brand, model, number_of_plugs, connector_types, has_rfid, environment, power_type, phase_type, max_power_kw, ocpp_version, telecom_provider, installation_date) VALUES (405, 'Unknown', 'YQ9CD2NEJZ6FFBKUENE6', 'ABB', 'Terra 54', 2, 'CCS,Type2', true, 'outdoor', 'DC', 'three-phase', 50.0, '1.6', 'Movistar', '2023-01-01');
INSERT INTO CONTRACT (contract_id, type, client_id, charger_id, start_date, end_date, number_of_visits, frequency, status) VALUES (405, 'preventiu', 100, 405, '2024-01-01', '2025-01-01', 4, 'trimestral', 'active');
INSERT INTO VISIT (visit_id, contract_id, technician_id, visit_type, status, planned_date, address, latitude, longitude, location_source, estimated_duration_min) VALUES (405, 405, 4, 'diagnosi', 'scheduled', '2024-04-01', 'Passeig Joan Creus Cañellas, 2', 41.230064, 1.376145, 'manual', 60);
INSERT INTO CHARGER (charger_id, name, serial_number, brand, model, number_of_plugs, connector_types, has_rfid, environment, power_type, phase_type, max_power_kw, ocpp_version, telecom_provider, installation_date) VALUES (406, 'Ajuntament de Miralcamp- Selba EdRSR 20', 'SS1YMJNOI8UILSUBETKJ', 'ABB', 'Terra 54', 2, 'CCS,Type2', true, 'outdoor', 'DC', 'three-phase', 50.0, '1.6', 'Movistar', '2023-01-01');
INSERT INTO CONTRACT (contract_id, type, client_id, charger_id, start_date, end_date, number_of_visits, frequency, status) VALUES (406, 'preventiu', 100, 406, '2024-01-01', '2025-01-01', 4, 'trimestral', 'active');
INSERT INTO VISIT (visit_id, contract_id, technician_id, visit_type, status, planned_date, address, latitude, longitude, location_source, estimated_duration_min) VALUES (406, 406, 5, 'diagnosi', 'scheduled', '2024-04-01', 'Carrer Belianes', 41.60624, 0.880908, 'manual', 60);
INSERT INTO CHARGER (charger_id, name, serial_number, brand, model, number_of_plugs, connector_types, has_rfid, environment, power_type, phase_type, max_power_kw, ocpp_version, telecom_provider, installation_date) VALUES (407, 'Unknown', 'W2OCIJ61DVKGVJ0YUJN0', 'ABB', 'Terra 54', 2, 'CCS,Type2', true, 'outdoor', 'DC', 'three-phase', 50.0, '1.6', 'Movistar', '2023-01-01');
INSERT INTO CONTRACT (contract_id, type, client_id, charger_id, start_date, end_date, number_of_visits, frequency, status) VALUES (407, 'preventiu', 100, 407, '2024-01-01', '2025-01-01', 4, 'trimestral', 'active');
INSERT INTO INCIDENCE (incidence_id, charger_id, reported_at, priority, status, description, estimated_duration_min) VALUES (22, 407, '2024-03-26 09:00:00', 3, 'pending', 'Incidència de tipus Non-critical Corrective', 90);
INSERT INTO VISIT (visit_id, incidence_id, technician_id, visit_type, status, planned_date, address, latitude, longitude, location_source, estimated_duration_min) VALUES (407, 22, 1, 'correctiu', 'scheduled', '2024-03-27', 'Avinguda Catalunya, 21', 41.17524, 1.327616, 'gps', 90);
INSERT INTO CHARGER (charger_id, name, serial_number, brand, model, number_of_plugs, connector_types, has_rfid, environment, power_type, phase_type, max_power_kw, ocpp_version, telecom_provider, installation_date) VALUES (408, 'Ajuntament dels Pallaresos', 'QY0FQOUSJZ9RIRJZSMQA', 'ABB', 'Terra 54', 2, 'CCS,Type2', true, 'outdoor', 'DC', 'three-phase', 50.0, '1.6', 'Movistar', '2023-01-01');
INSERT INTO CONTRACT (contract_id, type, client_id, charger_id, start_date, end_date, number_of_visits, frequency, status) VALUES (408, 'preventiu', 100, 408, '2024-01-01', '2025-01-01', 4, 'trimestral', 'active');
INSERT INTO VISIT (visit_id, contract_id, technician_id, visit_type, status, planned_date, address, latitude, longitude, location_source, estimated_duration_min) VALUES (408, 408, 2, 'preventiu', 'scheduled', '2024-04-10', 'Av. Prats De Motllo, 3C', 41.168575, 1.274208, 'manual', 120);
INSERT INTO CHARGER (charger_id, name, serial_number, brand, model, number_of_plugs, connector_types, has_rfid, environment, power_type, phase_type, max_power_kw, ocpp_version, telecom_provider, installation_date) VALUES (409, 'Ajuntament de La Secuita', 'TXEYEGQZRZGEOJIF3JLF', 'ABB', 'Terra 54', 2, 'CCS,Type2', true, 'outdoor', 'DC', 'three-phase', 50.0, '1.6', 'Movistar', '2023-01-01');
INSERT INTO CONTRACT (contract_id, type, client_id, charger_id, start_date, end_date, number_of_visits, frequency, status) VALUES (409, 'preventiu', 100, 409, '2024-01-01', '2025-01-01', 4, 'trimestral', 'active');
INSERT INTO VISIT (visit_id, technician_id, visit_type, status, planned_date, address, latitude, longitude, location_source, estimated_duration_min) VALUES (409, 9, 'posada_en_marxa', 'scheduled', '2024-03-28', 'Carretera Vallmoll', 41.20321, 1.27781, 'manual', 180);
INSERT INTO CHARGER (charger_id, name, serial_number, brand, model, number_of_plugs, connector_types, has_rfid, environment, power_type, phase_type, max_power_kw, ocpp_version, telecom_provider, installation_date) VALUES (410, 'Unknown', 'YMRYZK5GGTVTJPDBF5X0', 'ABB', 'Terra 54', 2, 'CCS,Type2', true, 'outdoor', 'DC', 'three-phase', 50.0, '1.6', 'Movistar', '2023-01-01');
INSERT INTO CONTRACT (contract_id, type, client_id, charger_id, start_date, end_date, number_of_visits, frequency, status) VALUES (410, 'preventiu', 100, 410, '2024-01-01', '2025-01-01', 4, 'trimestral', 'active');
INSERT INTO VISIT (visit_id, contract_id, technician_id, visit_type, status, planned_date, address, latitude, longitude, location_source, estimated_duration_min) VALUES (410, 410, 8, 'diagnosi', 'scheduled', '2024-04-01', 'C. De Jaume I, 4', 41.20896, 1.203214, 'manual', 60);
INSERT INTO CHARGER (charger_id, name, serial_number, brand, model, number_of_plugs, connector_types, has_rfid, environment, power_type, phase_type, max_power_kw, ocpp_version, telecom_provider, installation_date) VALUES (411, 'Unknown', '27ZQMZVSY3QN1XXFUMMB', 'ABB', 'Terra 54', 2, 'CCS,Type2', true, 'outdoor', 'DC', 'three-phase', 50.0, '1.6', 'Movistar', '2023-01-01');
INSERT INTO CONTRACT (contract_id, type, client_id, charger_id, start_date, end_date, number_of_visits, frequency, status) VALUES (411, 'preventiu', 100, 411, '2024-01-01', '2025-01-01', 4, 'trimestral', 'active');
INSERT INTO VISIT (visit_id, technician_id, visit_type, status, planned_date, address, latitude, longitude, location_source, estimated_duration_min) VALUES (411, 10, 'posada_en_marxa', 'scheduled', '2024-03-28', 'De La, Carretera De La Canya, 115', 42.195942, 2.499201, 'manual', 180);
INSERT INTO CHARGER (charger_id, name, serial_number, brand, model, number_of_plugs, connector_types, has_rfid, environment, power_type, phase_type, max_power_kw, ocpp_version, telecom_provider, installation_date) VALUES (412, 'Unknown', 'AQTCC1V3PE2CCL7XH2JZ', 'ABB', 'Terra 54', 2, 'CCS,Type2', true, 'outdoor', 'DC', 'three-phase', 50.0, '1.6', 'Movistar', '2023-01-01');
INSERT INTO CONTRACT (contract_id, type, client_id, charger_id, start_date, end_date, number_of_visits, frequency, status) VALUES (412, 'preventiu', 100, 412, '2024-01-01', '2025-01-01', 4, 'trimestral', 'active');
INSERT INTO INCIDENCE (incidence_id, charger_id, reported_at, priority, status, description, estimated_duration_min) VALUES (23, 412, '2024-03-26 09:00:00', 3, 'pending', 'Incidència de tipus Non-critical Corrective', 90);
INSERT INTO VISIT (visit_id, incidence_id, technician_id, visit_type, status, planned_date, address, latitude, longitude, location_source, estimated_duration_min) VALUES (412, 23, 9, 'correctiu', 'scheduled', '2024-03-27', 'Carrer De Mossèn Joan Aymerich, 2', 42.137707, 1.932889, 'gps', 90);
INSERT INTO CHARGER (charger_id, name, serial_number, brand, model, number_of_plugs, connector_types, has_rfid, environment, power_type, phase_type, max_power_kw, ocpp_version, telecom_provider, installation_date) VALUES (413, 'Ajuntament de pla', 'OBVJQW6RFTE49323TX43', 'ABB', 'Terra 54', 2, 'CCS,Type2', true, 'outdoor', 'DC', 'three-phase', 50.0, '1.6', 'Movistar', '2023-01-01');
INSERT INTO CONTRACT (contract_id, type, client_id, charger_id, start_date, end_date, number_of_visits, frequency, status) VALUES (413, 'preventiu', 100, 413, '2024-01-01', '2025-01-01', 4, 'trimestral', 'active');
INSERT INTO VISIT (visit_id, contract_id, technician_id, visit_type, status, planned_date, address, latitude, longitude, location_source, estimated_duration_min) VALUES (413, 413, 4, 'preventiu', 'scheduled', '2024-04-10', 'Plaça De La Vila, 1,  El Pla De Santa Maria,', 41.365845, 1.28832, 'manual', 120);
INSERT INTO CHARGER (charger_id, name, serial_number, brand, model, number_of_plugs, connector_types, has_rfid, environment, power_type, phase_type, max_power_kw, ocpp_version, telecom_provider, installation_date) VALUES (414, 'Unknown', 'T0DPHQDX9MGHIEDQJKLK', 'ABB', 'Terra 54', 2, 'CCS,Type2', true, 'outdoor', 'DC', 'three-phase', 50.0, '1.6', 'Movistar', '2023-01-01');
INSERT INTO CONTRACT (contract_id, type, client_id, charger_id, start_date, end_date, number_of_visits, frequency, status) VALUES (414, 'preventiu', 100, 414, '2024-01-01', '2025-01-01', 4, 'trimestral', 'active');
INSERT INTO INCIDENCE (incidence_id, charger_id, reported_at, priority, status, description, estimated_duration_min) VALUES (24, 414, '2024-03-26 09:00:00', 3, 'pending', 'Incidència de tipus Non-critical Corrective', 90);
INSERT INTO VISIT (visit_id, incidence_id, technician_id, visit_type, status, planned_date, address, latitude, longitude, location_source, estimated_duration_min) VALUES (414, 24, 4, 'correctiu', 'scheduled', '2024-03-27', 'Carrer Del Patrocini, 26-16', 41.248447, 1.330763, 'gps', 90);
INSERT INTO CHARGER (charger_id, name, serial_number, brand, model, number_of_plugs, connector_types, has_rfid, environment, power_type, phase_type, max_power_kw, ocpp_version, telecom_provider, installation_date) VALUES (415, 'Unknown', 'CEI434HE7RN68QXXFUTK', 'ABB', 'Terra 54', 2, 'CCS,Type2', true, 'outdoor', 'DC', 'three-phase', 50.0, '1.6', 'Movistar', '2023-01-01');
INSERT INTO CONTRACT (contract_id, type, client_id, charger_id, start_date, end_date, number_of_visits, frequency, status) VALUES (415, 'preventiu', 100, 415, '2024-01-01', '2025-01-01', 4, 'trimestral', 'active');
INSERT INTO VISIT (visit_id, technician_id, visit_type, status, planned_date, address, latitude, longitude, location_source, estimated_duration_min) VALUES (415, 5, 'posada_en_marxa', 'scheduled', '2024-03-28', 'Av. Gaudí, 111', 41.363144, 1.29282, 'manual', 180);
INSERT INTO CHARGER (charger_id, name, serial_number, brand, model, number_of_plugs, connector_types, has_rfid, environment, power_type, phase_type, max_power_kw, ocpp_version, telecom_provider, installation_date) VALUES (416, 'Unknown', 'EWLIU4ZJLPOWUEKQKA38', 'ABB', 'Terra 54', 2, 'CCS,Type2', true, 'outdoor', 'DC', 'three-phase', 50.0, '1.6', 'Movistar', '2023-01-01');
INSERT INTO CONTRACT (contract_id, type, client_id, charger_id, start_date, end_date, number_of_visits, frequency, status) VALUES (416, 'preventiu', 100, 416, '2024-01-01', '2025-01-01', 4, 'trimestral', 'active');
INSERT INTO VISIT (visit_id, technician_id, visit_type, status, planned_date, address, latitude, longitude, location_source, estimated_duration_min) VALUES (416, 3, 'posada_en_marxa', 'scheduled', '2024-03-28', 'Carrer Del Danubi, S/N', 41.4864, 2.050093, 'manual', 180);
INSERT INTO CHARGER (charger_id, name, serial_number, brand, model, number_of_plugs, connector_types, has_rfid, environment, power_type, phase_type, max_power_kw, ocpp_version, telecom_provider, installation_date) VALUES (417, 'Unknown', 'QJZKPXQRR8JAIQFGNEGZ', 'ABB', 'Terra 54', 2, 'CCS,Type2', true, 'outdoor', 'DC', 'three-phase', 50.0, '1.6', 'Movistar', '2023-01-01');
INSERT INTO CONTRACT (contract_id, type, client_id, charger_id, start_date, end_date, number_of_visits, frequency, status) VALUES (417, 'preventiu', 100, 417, '2024-01-01', '2025-01-01', 4, 'trimestral', 'active');
INSERT INTO VISIT (visit_id, contract_id, technician_id, visit_type, status, planned_date, address, latitude, longitude, location_source, estimated_duration_min) VALUES (417, 417, 1, 'preventiu', 'scheduled', '2024-04-10', 'Carrer Dels Masons, 2,', 41.18683, 0.749385, 'manual', 120);
INSERT INTO CHARGER (charger_id, name, serial_number, brand, model, number_of_plugs, connector_types, has_rfid, environment, power_type, phase_type, max_power_kw, ocpp_version, telecom_provider, installation_date) VALUES (418, 'Unknown', 'S9CFZPS8XGBV9RCTCGC5', 'ABB', 'Terra 54', 2, 'CCS,Type2', true, 'outdoor', 'DC', 'three-phase', 50.0, '1.6', 'Movistar', '2023-01-01');
INSERT INTO CONTRACT (contract_id, type, client_id, charger_id, start_date, end_date, number_of_visits, frequency, status) VALUES (418, 'preventiu', 100, 418, '2024-01-01', '2025-01-01', 4, 'trimestral', 'active');
INSERT INTO VISIT (visit_id, contract_id, technician_id, visit_type, status, planned_date, address, latitude, longitude, location_source, estimated_duration_min) VALUES (418, 418, 10, 'preventiu', 'scheduled', '2024-04-10', 'Carrer Pavelló, 8', 42.038567, 2.90847, 'manual', 120);
INSERT INTO CHARGER (charger_id, name, serial_number, brand, model, number_of_plugs, connector_types, has_rfid, environment, power_type, phase_type, max_power_kw, ocpp_version, telecom_provider, installation_date) VALUES (419, 'Unknown', 'YZJHFW32GRPKMYSSBUOX', 'ABB', 'Terra 54', 2, 'CCS,Type2', true, 'outdoor', 'DC', 'three-phase', 50.0, '1.6', 'Movistar', '2023-01-01');
INSERT INTO CONTRACT (contract_id, type, client_id, charger_id, start_date, end_date, number_of_visits, frequency, status) VALUES (419, 'preventiu', 100, 419, '2024-01-01', '2025-01-01', 4, 'trimestral', 'active');
INSERT INTO VISIT (visit_id, contract_id, technician_id, visit_type, status, planned_date, address, latitude, longitude, location_source, estimated_duration_min) VALUES (419, 419, 2, 'diagnosi', 'scheduled', '2024-04-01', 'Hort Del Tàrrech,', 41.214832, 1.135892, 'manual', 60);
INSERT INTO CHARGER (charger_id, name, serial_number, brand, model, number_of_plugs, connector_types, has_rfid, environment, power_type, phase_type, max_power_kw, ocpp_version, telecom_provider, installation_date) VALUES (420, 'Unknown', 'CTNNU7K18FYAVJT3QAD8', 'ABB', 'Terra 54', 2, 'CCS,Type2', true, 'outdoor', 'DC', 'three-phase', 50.0, '1.6', 'Movistar', '2023-01-01');
INSERT INTO CONTRACT (contract_id, type, client_id, charger_id, start_date, end_date, number_of_visits, frequency, status) VALUES (420, 'preventiu', 100, 420, '2024-01-01', '2025-01-01', 4, 'trimestral', 'active');
INSERT INTO VISIT (visit_id, technician_id, visit_type, status, planned_date, address, latitude, longitude, location_source, estimated_duration_min) VALUES (420, 8, 'posada_en_marxa', 'scheduled', '2024-03-28', 'Carretera N-340, Km. 1180,', 41.16175, 1.440501, 'manual', 180);
INSERT INTO CHARGER (charger_id, name, serial_number, brand, model, number_of_plugs, connector_types, has_rfid, environment, power_type, phase_type, max_power_kw, ocpp_version, telecom_provider, installation_date) VALUES (421, 'Unknown', 'WZSX0C5FCN31DWEGLW43', 'ABB', 'Terra 54', 2, 'CCS,Type2', true, 'outdoor', 'DC', 'three-phase', 50.0, '1.6', 'Movistar', '2023-01-01');
INSERT INTO CONTRACT (contract_id, type, client_id, charger_id, start_date, end_date, number_of_visits, frequency, status) VALUES (421, 'preventiu', 100, 421, '2024-01-01', '2025-01-01', 4, 'trimestral', 'active');
INSERT INTO VISIT (visit_id, technician_id, visit_type, status, planned_date, address, latitude, longitude, location_source, estimated_duration_min) VALUES (421, 6, 'posada_en_marxa', 'scheduled', '2024-03-28', 'Carretera N-340, Km. 1180,', 41.16167, 1.440585, 'manual', 180);
INSERT INTO CHARGER (charger_id, name, serial_number, brand, model, number_of_plugs, connector_types, has_rfid, environment, power_type, phase_type, max_power_kw, ocpp_version, telecom_provider, installation_date) VALUES (422, 'Unknown', '80ATVZR2VJM30OAK1MVI', 'ABB', 'Terra 54', 2, 'CCS,Type2', true, 'outdoor', 'DC', 'three-phase', 50.0, '1.6', 'Movistar', '2023-01-01');
INSERT INTO CONTRACT (contract_id, type, client_id, charger_id, start_date, end_date, number_of_visits, frequency, status) VALUES (422, 'preventiu', 100, 422, '2024-01-01', '2025-01-01', 4, 'trimestral', 'active');
INSERT INTO VISIT (visit_id, contract_id, technician_id, visit_type, status, planned_date, address, latitude, longitude, location_source, estimated_duration_min) VALUES (422, 422, 4, 'preventiu', 'scheduled', '2024-04-10', 'Carrer Sant Isidre, 7', 42.000484, 3.032022, 'manual', 120);
INSERT INTO CHARGER (charger_id, name, serial_number, brand, model, number_of_plugs, connector_types, has_rfid, environment, power_type, phase_type, max_power_kw, ocpp_version, telecom_provider, installation_date) VALUES (423, 'Unknown', '4NFAN6HZTURSKVCKDMZY', 'ABB', 'Terra 54', 2, 'CCS,Type2', true, 'outdoor', 'DC', 'three-phase', 50.0, '1.6', 'Movistar', '2023-01-01');
INSERT INTO CONTRACT (contract_id, type, client_id, charger_id, start_date, end_date, number_of_visits, frequency, status) VALUES (423, 'preventiu', 100, 423, '2024-01-01', '2025-01-01', 4, 'trimestral', 'active');
INSERT INTO VISIT (visit_id, contract_id, technician_id, visit_type, status, planned_date, address, latitude, longitude, location_source, estimated_duration_min) VALUES (423, 423, 5, 'diagnosi', 'scheduled', '2024-04-01', 'Carretera Nacional 156 Km. 1,6 Cim', 41.900486, 2.769086, 'manual', 60);
INSERT INTO CHARGER (charger_id, name, serial_number, brand, model, number_of_plugs, connector_types, has_rfid, environment, power_type, phase_type, max_power_kw, ocpp_version, telecom_provider, installation_date) VALUES (424, 'Unknown', 'W8YP6Z9DMW6LRUC41NRJ', 'ABB', 'Terra 54', 2, 'CCS,Type2', true, 'outdoor', 'DC', 'three-phase', 50.0, '1.6', 'Movistar', '2023-01-01');
INSERT INTO CONTRACT (contract_id, type, client_id, charger_id, start_date, end_date, number_of_visits, frequency, status) VALUES (424, 'preventiu', 100, 424, '2024-01-01', '2025-01-01', 4, 'trimestral', 'active');
INSERT INTO VISIT (visit_id, technician_id, visit_type, status, planned_date, address, latitude, longitude, location_source, estimated_duration_min) VALUES (424, 1, 'posada_en_marxa', 'scheduled', '2024-03-28', 'Plaça De Santiago Miret', 41.532814, 0.487578, 'manual', 180);
INSERT INTO CHARGER (charger_id, name, serial_number, brand, model, number_of_plugs, connector_types, has_rfid, environment, power_type, phase_type, max_power_kw, ocpp_version, telecom_provider, installation_date) VALUES (425, 'Unknown', 'PA0OI9SRT5SYZJVTEYNX', 'ABB', 'Terra 54', 2, 'CCS,Type2', true, 'outdoor', 'DC', 'three-phase', 50.0, '1.6', 'Movistar', '2023-01-01');
INSERT INTO CONTRACT (contract_id, type, client_id, charger_id, start_date, end_date, number_of_visits, frequency, status) VALUES (425, 'preventiu', 100, 425, '2024-01-01', '2025-01-01', 4, 'trimestral', 'active');
INSERT INTO VISIT (visit_id, contract_id, technician_id, visit_type, status, planned_date, address, latitude, longitude, location_source, estimated_duration_min) VALUES (425, 425, 2, 'preventiu', 'scheduled', '2024-04-10', 'Av. Camí De Reus, 15,', 41.191113, 1.203596, 'manual', 120);
INSERT INTO CHARGER (charger_id, name, serial_number, brand, model, number_of_plugs, connector_types, has_rfid, environment, power_type, phase_type, max_power_kw, ocpp_version, telecom_provider, installation_date) VALUES (426, 'Unknown', 'DXBLDEOL2FNTNXTLRWIJ', 'ABB', 'Terra 54', 2, 'CCS,Type2', true, 'outdoor', 'DC', 'three-phase', 50.0, '1.6', 'Movistar', '2023-01-01');
INSERT INTO CONTRACT (contract_id, type, client_id, charger_id, start_date, end_date, number_of_visits, frequency, status) VALUES (426, 'preventiu', 100, 426, '2024-01-01', '2025-01-01', 4, 'trimestral', 'active');
INSERT INTO VISIT (visit_id, technician_id, visit_type, status, planned_date, address, latitude, longitude, location_source, estimated_duration_min) VALUES (426, 9, 'posada_en_marxa', 'scheduled', '2024-03-28', 'Av. De Catalunya', 41.191387, 1.208006, 'manual', 180);
INSERT INTO CHARGER (charger_id, name, serial_number, brand, model, number_of_plugs, connector_types, has_rfid, environment, power_type, phase_type, max_power_kw, ocpp_version, telecom_provider, installation_date) VALUES (427, 'Unknown', 'JELDXHW0VLF4OHA6HQPL', 'ABB', 'Terra 54', 2, 'CCS,Type2', true, 'outdoor', 'DC', 'three-phase', 50.0, '1.6', 'Movistar', '2023-01-01');
INSERT INTO CONTRACT (contract_id, type, client_id, charger_id, start_date, end_date, number_of_visits, frequency, status) VALUES (427, 'preventiu', 100, 427, '2024-01-01', '2025-01-01', 4, 'trimestral', 'active');
INSERT INTO VISIT (visit_id, contract_id, technician_id, visit_type, status, planned_date, address, latitude, longitude, location_source, estimated_duration_min) VALUES (427, 427, 10, 'preventiu', 'scheduled', '2024-04-10', 'Polígono 40, 37,', 39.974857, -3.420223, 'manual', 120);
INSERT INTO CHARGER (charger_id, name, serial_number, brand, model, number_of_plugs, connector_types, has_rfid, environment, power_type, phase_type, max_power_kw, ocpp_version, telecom_provider, installation_date) VALUES (428, 'Unknown', 'OEX9UW9PWIAMMT75OIAN', 'ABB', 'Terra 54', 2, 'CCS,Type2', true, 'outdoor', 'DC', 'three-phase', 50.0, '1.6', 'Movistar', '2023-01-01');
INSERT INTO CONTRACT (contract_id, type, client_id, charger_id, start_date, end_date, number_of_visits, frequency, status) VALUES (428, 'preventiu', 100, 428, '2024-01-01', '2025-01-01', 4, 'trimestral', 'active');
INSERT INTO VISIT (visit_id, contract_id, technician_id, visit_type, status, planned_date, address, latitude, longitude, location_source, estimated_duration_min) VALUES (428, 428, 1, 'preventiu', 'scheduled', '2024-04-10', 'Polígono Industrial Cataluña Sur', 40.758312, 0.599443, 'manual', 120);
INSERT INTO CHARGER (charger_id, name, serial_number, brand, model, number_of_plugs, connector_types, has_rfid, environment, power_type, phase_type, max_power_kw, ocpp_version, telecom_provider, installation_date) VALUES (429, 'Unknown', '2VBS25EO8UH7DAOBSYDF', 'ABB', 'Terra 54', 2, 'CCS,Type2', true, 'outdoor', 'DC', 'three-phase', 50.0, '1.6', 'Movistar', '2023-01-01');
INSERT INTO CONTRACT (contract_id, type, client_id, charger_id, start_date, end_date, number_of_visits, frequency, status) VALUES (429, 'preventiu', 100, 429, '2024-01-01', '2025-01-01', 4, 'trimestral', 'active');
INSERT INTO VISIT (visit_id, technician_id, visit_type, status, planned_date, address, latitude, longitude, location_source, estimated_duration_min) VALUES (429, 3, 'posada_en_marxa', 'scheduled', '2024-03-28', 'Torrent De La Font De Castell', 42.22301, 1.893869, 'manual', 180);
INSERT INTO CHARGER (charger_id, name, serial_number, brand, model, number_of_plugs, connector_types, has_rfid, environment, power_type, phase_type, max_power_kw, ocpp_version, telecom_provider, installation_date) VALUES (430, 'Unknown', 'OH1EHTNZP3DE64P9GVMU', 'ABB', 'Terra 54', 2, 'CCS,Type2', true, 'outdoor', 'DC', 'three-phase', 50.0, '1.6', 'Movistar', '2023-01-01');
INSERT INTO CONTRACT (contract_id, type, client_id, charger_id, start_date, end_date, number_of_visits, frequency, status) VALUES (430, 'preventiu', 100, 430, '2024-01-01', '2025-01-01', 4, 'trimestral', 'active');
INSERT INTO VISIT (visit_id, contract_id, technician_id, visit_type, status, planned_date, address, latitude, longitude, location_source, estimated_duration_min) VALUES (430, 430, 9, 'diagnosi', 'scheduled', '2024-04-01', 'C,2, Pol. Ind. El Olivo,', 42.24436, -1.777165, 'manual', 60);
INSERT INTO CHARGER (charger_id, name, serial_number, brand, model, number_of_plugs, connector_types, has_rfid, environment, power_type, phase_type, max_power_kw, ocpp_version, telecom_provider, installation_date) VALUES (431, 'Unknown', 'JPG4YPNHJKQMPZZOYQQQ', 'ABB', 'Terra 54', 2, 'CCS,Type2', true, 'outdoor', 'DC', 'three-phase', 50.0, '1.6', 'Movistar', '2023-01-01');
INSERT INTO CONTRACT (contract_id, type, client_id, charger_id, start_date, end_date, number_of_visits, frequency, status) VALUES (431, 'preventiu', 100, 431, '2024-01-01', '2025-01-01', 4, 'trimestral', 'active');
INSERT INTO VISIT (visit_id, technician_id, visit_type, status, planned_date, address, latitude, longitude, location_source, estimated_duration_min) VALUES (431, 5, 'posada_en_marxa', 'scheduled', '2024-03-28', 'Via Laietana, 61', 41.387672, 2.173249, 'manual', 180);
INSERT INTO CHARGER (charger_id, name, serial_number, brand, model, number_of_plugs, connector_types, has_rfid, environment, power_type, phase_type, max_power_kw, ocpp_version, telecom_provider, installation_date) VALUES (432, 'Unknown', 'ATOVPGPIANDRHYPBFZR4', 'ABB', 'Terra 54', 2, 'CCS,Type2', true, 'outdoor', 'DC', 'three-phase', 50.0, '1.6', 'Movistar', '2023-01-01');
INSERT INTO CONTRACT (contract_id, type, client_id, charger_id, start_date, end_date, number_of_visits, frequency, status) VALUES (432, 'preventiu', 100, 432, '2024-01-01', '2025-01-01', 4, 'trimestral', 'active');
INSERT INTO VISIT (visit_id, technician_id, visit_type, status, planned_date, address, latitude, longitude, location_source, estimated_duration_min) VALUES (432, 2, 'posada_en_marxa', 'scheduled', '2024-03-28', 'C/ De La Diputació, 264', 41.391056, 2.168214, 'manual', 180);
INSERT INTO CHARGER (charger_id, name, serial_number, brand, model, number_of_plugs, connector_types, has_rfid, environment, power_type, phase_type, max_power_kw, ocpp_version, telecom_provider, installation_date) VALUES (433, 'Ajuntament de Santa Perpètua de Mogoda - SELBA  EdRSR 3', 'BTIRWHTOMHIB16HBANP5', 'ABB', 'Terra 54', 2, 'CCS,Type2', true, 'outdoor', 'DC', 'three-phase', 50.0, '1.6', 'Movistar', '2023-01-01');
INSERT INTO CONTRACT (contract_id, type, client_id, charger_id, start_date, end_date, number_of_visits, frequency, status) VALUES (433, 'preventiu', 100, 433, '2024-01-01', '2025-01-01', 4, 'trimestral', 'active');
INSERT INTO VISIT (visit_id, contract_id, technician_id, visit_type, status, planned_date, address, latitude, longitude, location_source, estimated_duration_min) VALUES (433, 433, 7, 'diagnosi', 'scheduled', '2024-04-01', 'Carrer De Puig I Cadafalch, 6421 - 08130 - Santa Perpètua De Mogoda', 41.528797, 2.183975, 'manual', 60);
INSERT INTO CHARGER (charger_id, name, serial_number, brand, model, number_of_plugs, connector_types, has_rfid, environment, power_type, phase_type, max_power_kw, ocpp_version, telecom_provider, installation_date) VALUES (434, 'Unknown', '3GJA33SY1XXLJVIXTMAJ', 'ABB', 'Terra 54', 2, 'CCS,Type2', true, 'outdoor', 'DC', 'three-phase', 50.0, '1.6', 'Movistar', '2023-01-01');
INSERT INTO CONTRACT (contract_id, type, client_id, charger_id, start_date, end_date, number_of_visits, frequency, status) VALUES (434, 'preventiu', 100, 434, '2024-01-01', '2025-01-01', 4, 'trimestral', 'active');
INSERT INTO VISIT (visit_id, contract_id, technician_id, visit_type, status, planned_date, address, latitude, longitude, location_source, estimated_duration_min) VALUES (434, 434, 3, 'preventiu', 'scheduled', '2024-04-10', 'Carrer De La Creueta, 9', 41.537075, 2.176923, 'manual', 120);
INSERT INTO CHARGER (charger_id, name, serial_number, brand, model, number_of_plugs, connector_types, has_rfid, environment, power_type, phase_type, max_power_kw, ocpp_version, telecom_provider, installation_date) VALUES (435, 'Ajuntament de Santa Perpètua de Mogoda - SELBA  EdRSR 1', 'LFN5ODKLUZ3M7ADTKZQY', 'ABB', 'Terra 54', 2, 'CCS,Type2', true, 'outdoor', 'DC', 'three-phase', 50.0, '1.6', 'Movistar', '2023-01-01');
INSERT INTO CONTRACT (contract_id, type, client_id, charger_id, start_date, end_date, number_of_visits, frequency, status) VALUES (435, 'preventiu', 100, 435, '2024-01-01', '2025-01-01', 4, 'trimestral', 'active');
INSERT INTO VISIT (visit_id, contract_id, technician_id, visit_type, status, planned_date, address, latitude, longitude, location_source, estimated_duration_min) VALUES (435, 435, 4, 'preventiu', 'scheduled', '2024-04-10', 'Carrer De Puig I Cadafalch, 6421', 41.528835, 2.183938, 'manual', 120);
INSERT INTO CHARGER (charger_id, name, serial_number, brand, model, number_of_plugs, connector_types, has_rfid, environment, power_type, phase_type, max_power_kw, ocpp_version, telecom_provider, installation_date) VALUES (436, 'Unknown', 'V6IANAZJRDOC18IFIJTV', 'ABB', 'Terra 54', 2, 'CCS,Type2', true, 'outdoor', 'DC', 'three-phase', 50.0, '1.6', 'Movistar', '2023-01-01');
INSERT INTO CONTRACT (contract_id, type, client_id, charger_id, start_date, end_date, number_of_visits, frequency, status) VALUES (436, 'preventiu', 100, 436, '2024-01-01', '2025-01-01', 4, 'trimestral', 'active');
INSERT INTO VISIT (visit_id, contract_id, technician_id, visit_type, status, planned_date, address, latitude, longitude, location_source, estimated_duration_min) VALUES (436, 436, 6, 'preventiu', 'scheduled', '2024-04-10', 'Camí De La Granja', 41.527393, 2.186053, 'manual', 120);
INSERT INTO CHARGER (charger_id, name, serial_number, brand, model, number_of_plugs, connector_types, has_rfid, environment, power_type, phase_type, max_power_kw, ocpp_version, telecom_provider, installation_date) VALUES (437, 'Ajuntament de Santa Perpètua de Mogoda - SELBA  EdRSR 4', 'ZAODB9DGINGYKVD0VM7J', 'ABB', 'Terra 54', 2, 'CCS,Type2', true, 'outdoor', 'DC', 'three-phase', 50.0, '1.6', 'Movistar', '2023-01-01');
INSERT INTO CONTRACT (contract_id, type, client_id, charger_id, start_date, end_date, number_of_visits, frequency, status) VALUES (437, 'preventiu', 100, 437, '2024-01-01', '2025-01-01', 4, 'trimestral', 'active');
INSERT INTO VISIT (visit_id, contract_id, technician_id, visit_type, status, planned_date, address, latitude, longitude, location_source, estimated_duration_min) VALUES (437, 437, 2, 'preventiu', 'scheduled', '2024-04-10', 'Plaça Nova', 41.534424, 2.182141, 'manual', 120);
INSERT INTO CHARGER (charger_id, name, serial_number, brand, model, number_of_plugs, connector_types, has_rfid, environment, power_type, phase_type, max_power_kw, ocpp_version, telecom_provider, installation_date) VALUES (438, 'Unknown', 'YVCN4J4JNDK1RXW3PQAK', 'ABB', 'Terra 54', 2, 'CCS,Type2', true, 'outdoor', 'DC', 'three-phase', 50.0, '1.6', 'Movistar', '2023-01-01');
INSERT INTO CONTRACT (contract_id, type, client_id, charger_id, start_date, end_date, number_of_visits, frequency, status) VALUES (438, 'preventiu', 100, 438, '2024-01-01', '2025-01-01', 4, 'trimestral', 'active');
INSERT INTO VISIT (visit_id, contract_id, technician_id, visit_type, status, planned_date, address, latitude, longitude, location_source, estimated_duration_min) VALUES (438, 438, 8, 'diagnosi', 'scheduled', '2024-04-01', 'Passeig De La Florida, 89', 41.526756, 2.187083, 'manual', 60);
INSERT INTO CHARGER (charger_id, name, serial_number, brand, model, number_of_plugs, connector_types, has_rfid, environment, power_type, phase_type, max_power_kw, ocpp_version, telecom_provider, installation_date) VALUES (439, 'Unknown', 'HZ0XKJGYMF2QSGALGLT3', 'ABB', 'Terra 54', 2, 'CCS,Type2', true, 'outdoor', 'DC', 'three-phase', 50.0, '1.6', 'Movistar', '2023-01-01');
INSERT INTO CONTRACT (contract_id, type, client_id, charger_id, start_date, end_date, number_of_visits, frequency, status) VALUES (439, 'preventiu', 100, 439, '2024-01-01', '2025-01-01', 4, 'trimestral', 'active');
INSERT INTO VISIT (visit_id, contract_id, technician_id, visit_type, status, planned_date, address, latitude, longitude, location_source, estimated_duration_min) VALUES (439, 439, 10, 'preventiu', 'scheduled', '2024-04-10', 'Carrer Jover Barrier', 41.700462, 1.874583, 'manual', 120);
INSERT INTO CHARGER (charger_id, name, serial_number, brand, model, number_of_plugs, connector_types, has_rfid, environment, power_type, phase_type, max_power_kw, ocpp_version, telecom_provider, installation_date) VALUES (440, 'Unknown', '7DENPNY7WTWMQMCZYH61', 'ABB', 'Terra 54', 2, 'CCS,Type2', true, 'outdoor', 'DC', 'three-phase', 50.0, '1.6', 'Movistar', '2023-01-01');
INSERT INTO CONTRACT (contract_id, type, client_id, charger_id, start_date, end_date, number_of_visits, frequency, status) VALUES (440, 'preventiu', 100, 440, '2024-01-01', '2025-01-01', 4, 'trimestral', 'active');
INSERT INTO VISIT (visit_id, contract_id, technician_id, visit_type, status, planned_date, address, latitude, longitude, location_source, estimated_duration_min) VALUES (440, 440, 10, 'preventiu', 'scheduled', '2024-04-10', 'Carrer De La Font, 14,', 42.246677, 0.966547, 'manual', 120);
INSERT INTO CHARGER (charger_id, name, serial_number, brand, model, number_of_plugs, connector_types, has_rfid, environment, power_type, phase_type, max_power_kw, ocpp_version, telecom_provider, installation_date) VALUES (441, 'Unknown', '7IIWG8AWXYGSDAOAANGM', 'ABB', 'Terra 54', 2, 'CCS,Type2', true, 'outdoor', 'DC', 'three-phase', 50.0, '1.6', 'Movistar', '2023-01-01');
INSERT INTO CONTRACT (contract_id, type, client_id, charger_id, start_date, end_date, number_of_visits, frequency, status) VALUES (441, 'preventiu', 100, 441, '2024-01-01', '2025-01-01', 4, 'trimestral', 'active');
INSERT INTO VISIT (visit_id, technician_id, visit_type, status, planned_date, address, latitude, longitude, location_source, estimated_duration_min) VALUES (441, 7, 'posada_en_marxa', 'scheduled', '2024-03-28', 'Passeig Jaume Brutau, 0', 41.57525, 2.482971, 'manual', 180);
INSERT INTO CHARGER (charger_id, name, serial_number, brand, model, number_of_plugs, connector_types, has_rfid, environment, power_type, phase_type, max_power_kw, ocpp_version, telecom_provider, installation_date) VALUES (442, 'Unknown', '2RXUYF91UGBKMDXA8WIS', 'ABB', 'Terra 54', 2, 'CCS,Type2', true, 'outdoor', 'DC', 'three-phase', 50.0, '1.6', 'Movistar', '2023-01-01');
INSERT INTO CONTRACT (contract_id, type, client_id, charger_id, start_date, end_date, number_of_visits, frequency, status) VALUES (442, 'preventiu', 100, 442, '2024-01-01', '2025-01-01', 4, 'trimestral', 'active');
INSERT INTO VISIT (visit_id, contract_id, technician_id, visit_type, status, planned_date, address, latitude, longitude, location_source, estimated_duration_min) VALUES (442, 442, 10, 'preventiu', 'scheduled', '2024-04-10', 'Av. Can Sans, 8', 41.55609, 2.49777, 'manual', 120);
INSERT INTO CHARGER (charger_id, name, serial_number, brand, model, number_of_plugs, connector_types, has_rfid, environment, power_type, phase_type, max_power_kw, ocpp_version, telecom_provider, installation_date) VALUES (443, 'Unknown', 'MSIDU9MNAUZZHAGPNTX2', 'ABB', 'Terra 54', 2, 'CCS,Type2', true, 'outdoor', 'DC', 'three-phase', 50.0, '1.6', 'Movistar', '2023-01-01');
INSERT INTO CONTRACT (contract_id, type, client_id, charger_id, start_date, end_date, number_of_visits, frequency, status) VALUES (443, 'preventiu', 100, 443, '2024-01-01', '2025-01-01', 4, 'trimestral', 'active');
INSERT INTO VISIT (visit_id, contract_id, technician_id, visit_type, status, planned_date, address, latitude, longitude, location_source, estimated_duration_min) VALUES (443, 443, 10, 'diagnosi', 'scheduled', '2024-04-01', 'Carrer Diagonal, 19', 41.002842, 0.60041, 'manual', 60);
INSERT INTO CHARGER (charger_id, name, serial_number, brand, model, number_of_plugs, connector_types, has_rfid, environment, power_type, phase_type, max_power_kw, ocpp_version, telecom_provider, installation_date) VALUES (444, 'Unknown', 'ESBM843FDDPJT4PB6VMR', 'ABB', 'Terra 54', 2, 'CCS,Type2', true, 'outdoor', 'DC', 'three-phase', 50.0, '1.6', 'Movistar', '2023-01-01');
INSERT INTO CONTRACT (contract_id, type, client_id, charger_id, start_date, end_date, number_of_visits, frequency, status) VALUES (444, 'preventiu', 100, 444, '2024-01-01', '2025-01-01', 4, 'trimestral', 'active');
INSERT INTO INCIDENCE (incidence_id, charger_id, reported_at, priority, status, description, estimated_duration_min) VALUES (25, 444, '2024-03-26 09:00:00', 3, 'pending', 'Incidència de tipus Non-critical Corrective', 90);
INSERT INTO VISIT (visit_id, incidence_id, technician_id, visit_type, status, planned_date, address, latitude, longitude, location_source, estimated_duration_min) VALUES (444, 25, 9, 'correctiu', 'scheduled', '2024-03-27', 'Carrer Mare De Déu De Montserrat, 11', 41.673542, 0.608108, 'gps', 90);
INSERT INTO CHARGER (charger_id, name, serial_number, brand, model, number_of_plugs, connector_types, has_rfid, environment, power_type, phase_type, max_power_kw, ocpp_version, telecom_provider, installation_date) VALUES (445, 'Ajuntament de Saldes - INGETEAM EdRSR 1', 'IV7PPYFOPSQJCYF46GYL', 'ABB', 'Terra 54', 2, 'CCS,Type2', true, 'outdoor', 'DC', 'three-phase', 50.0, '1.6', 'Movistar', '2023-01-01');
INSERT INTO CONTRACT (contract_id, type, client_id, charger_id, start_date, end_date, number_of_visits, frequency, status) VALUES (445, 'preventiu', 100, 445, '2024-01-01', '2025-01-01', 4, 'trimestral', 'active');
INSERT INTO VISIT (visit_id, technician_id, visit_type, status, planned_date, address, latitude, longitude, location_source, estimated_duration_min) VALUES (445, 6, 'posada_en_marxa', 'scheduled', '2024-03-28', 'Plaça Pedraforca', 42.22859, 1.735113, 'manual', 180);
INSERT INTO CHARGER (charger_id, name, serial_number, brand, model, number_of_plugs, connector_types, has_rfid, environment, power_type, phase_type, max_power_kw, ocpp_version, telecom_provider, installation_date) VALUES (446, 'Unknown', '9JH8VQ5ABVI9ZECCZMRG', 'ABB', 'Terra 54', 2, 'CCS,Type2', true, 'outdoor', 'DC', 'three-phase', 50.0, '1.6', 'Movistar', '2023-01-01');
INSERT INTO CONTRACT (contract_id, type, client_id, charger_id, start_date, end_date, number_of_visits, frequency, status) VALUES (446, 'preventiu', 100, 446, '2024-01-01', '2025-01-01', 4, 'trimestral', 'active');
INSERT INTO VISIT (visit_id, contract_id, technician_id, visit_type, status, planned_date, address, latitude, longitude, location_source, estimated_duration_min) VALUES (446, 446, 6, 'preventiu', 'scheduled', '2024-04-10', 'Plaça De Les Tereses 7', 41.538685, 2.441829, 'manual', 120);
INSERT INTO CHARGER (charger_id, name, serial_number, brand, model, number_of_plugs, connector_types, has_rfid, environment, power_type, phase_type, max_power_kw, ocpp_version, telecom_provider, installation_date) VALUES (447, 'Unknown', 'MEY7EL6DACGIPOTHT1QB', 'ABB', 'Terra 54', 2, 'CCS,Type2', true, 'outdoor', 'DC', 'three-phase', 50.0, '1.6', 'Movistar', '2023-01-01');
INSERT INTO CONTRACT (contract_id, type, client_id, charger_id, start_date, end_date, number_of_visits, frequency, status) VALUES (447, 'preventiu', 100, 447, '2024-01-01', '2025-01-01', 4, 'trimestral', 'active');
INSERT INTO VISIT (visit_id, technician_id, visit_type, status, planned_date, address, latitude, longitude, location_source, estimated_duration_min) VALUES (447, 1, 'posada_en_marxa', 'scheduled', '2024-03-28', 'Camí De La Geganta 2', 41.544277, 2.44046, 'manual', 180);
INSERT INTO CHARGER (charger_id, name, serial_number, brand, model, number_of_plugs, connector_types, has_rfid, environment, power_type, phase_type, max_power_kw, ocpp_version, telecom_provider, installation_date) VALUES (448, 'Unknown', 'QDCF7L93QH2XRBZMP0ND', 'ABB', 'Terra 54', 2, 'CCS,Type2', true, 'outdoor', 'DC', 'three-phase', 50.0, '1.6', 'Movistar', '2023-01-01');
INSERT INTO CONTRACT (contract_id, type, client_id, charger_id, start_date, end_date, number_of_visits, frequency, status) VALUES (448, 'preventiu', 100, 448, '2024-01-01', '2025-01-01', 4, 'trimestral', 'active');
INSERT INTO VISIT (visit_id, contract_id, technician_id, visit_type, status, planned_date, address, latitude, longitude, location_source, estimated_duration_min) VALUES (448, 448, 8, 'diagnosi', 'scheduled', '2024-04-01', 'Plaça De Les Tereses, 7', 41.538647, 2.441875, 'manual', 60);
INSERT INTO CHARGER (charger_id, name, serial_number, brand, model, number_of_plugs, connector_types, has_rfid, environment, power_type, phase_type, max_power_kw, ocpp_version, telecom_provider, installation_date) VALUES (449, 'Unknown', 'IMJH6NVBWQ5WVVIIBHAG', 'ABB', 'Terra 54', 2, 'CCS,Type2', true, 'outdoor', 'DC', 'three-phase', 50.0, '1.6', 'Movistar', '2023-01-01');
INSERT INTO CONTRACT (contract_id, type, client_id, charger_id, start_date, end_date, number_of_visits, frequency, status) VALUES (449, 'preventiu', 100, 449, '2024-01-01', '2025-01-01', 4, 'trimestral', 'active');
INSERT INTO VISIT (visit_id, contract_id, technician_id, visit_type, status, planned_date, address, latitude, longitude, location_source, estimated_duration_min) VALUES (449, 449, 7, 'diagnosi', 'scheduled', '2024-04-01', 'Camí De La Geganta 2,', 41.544575, 2.440358, 'manual', 60);
INSERT INTO CHARGER (charger_id, name, serial_number, brand, model, number_of_plugs, connector_types, has_rfid, environment, power_type, phase_type, max_power_kw, ocpp_version, telecom_provider, installation_date) VALUES (450, 'Unknown', '4NOCPZKQPDREKSEH431G', 'ABB', 'Terra 54', 2, 'CCS,Type2', true, 'outdoor', 'DC', 'three-phase', 50.0, '1.6', 'Movistar', '2023-01-01');
INSERT INTO CONTRACT (contract_id, type, client_id, charger_id, start_date, end_date, number_of_visits, frequency, status) VALUES (450, 'preventiu', 100, 450, '2024-01-01', '2025-01-01', 4, 'trimestral', 'active');
INSERT INTO VISIT (visit_id, contract_id, technician_id, visit_type, status, planned_date, address, latitude, longitude, location_source, estimated_duration_min) VALUES (450, 450, 8, 'preventiu', 'scheduled', '2024-04-10', 'Camí De La Geganta 2,', 41.544495, 2.440207, 'manual', 120);
INSERT INTO CHARGER (charger_id, name, serial_number, brand, model, number_of_plugs, connector_types, has_rfid, environment, power_type, phase_type, max_power_kw, ocpp_version, telecom_provider, installation_date) VALUES (451, 'Unknown', 'N3YXDQRIGGDPVIS6QDQ1', 'ABB', 'Terra 54', 2, 'CCS,Type2', true, 'outdoor', 'DC', 'three-phase', 50.0, '1.6', 'Movistar', '2023-01-01');
INSERT INTO CONTRACT (contract_id, type, client_id, charger_id, start_date, end_date, number_of_visits, frequency, status) VALUES (451, 'preventiu', 100, 451, '2024-01-01', '2025-01-01', 4, 'trimestral', 'active');
INSERT INTO VISIT (visit_id, contract_id, technician_id, visit_type, status, planned_date, address, latitude, longitude, location_source, estimated_duration_min) VALUES (451, 451, 7, 'preventiu', 'scheduled', '2024-04-10', 'Camí De La Geganta 82', 41.541367, 2.436565, 'manual', 120);
INSERT INTO CHARGER (charger_id, name, serial_number, brand, model, number_of_plugs, connector_types, has_rfid, environment, power_type, phase_type, max_power_kw, ocpp_version, telecom_provider, installation_date) VALUES (452, 'Unknown', 'AXQ0VXSX9NVS14CBYSRF', 'ABB', 'Terra 54', 2, 'CCS,Type2', true, 'outdoor', 'DC', 'three-phase', 50.0, '1.6', 'Movistar', '2023-01-01');
INSERT INTO CONTRACT (contract_id, type, client_id, charger_id, start_date, end_date, number_of_visits, frequency, status) VALUES (452, 'preventiu', 100, 452, '2024-01-01', '2025-01-01', 4, 'trimestral', 'active');
INSERT INTO VISIT (visit_id, contract_id, technician_id, visit_type, status, planned_date, address, latitude, longitude, location_source, estimated_duration_min) VALUES (452, 452, 7, 'diagnosi', 'scheduled', '2024-04-01', 'Camí De La Geganta, 82', 41.541225, 2.436194, 'manual', 60);
INSERT INTO CHARGER (charger_id, name, serial_number, brand, model, number_of_plugs, connector_types, has_rfid, environment, power_type, phase_type, max_power_kw, ocpp_version, telecom_provider, installation_date) VALUES (453, 'Unknown', '9ZLEO4ICMIE5S1DUXCER', 'ABB', 'Terra 54', 2, 'CCS,Type2', true, 'outdoor', 'DC', 'three-phase', 50.0, '1.6', 'Movistar', '2023-01-01');
INSERT INTO CONTRACT (contract_id, type, client_id, charger_id, start_date, end_date, number_of_visits, frequency, status) VALUES (453, 'preventiu', 100, 453, '2024-01-01', '2025-01-01', 4, 'trimestral', 'active');
INSERT INTO VISIT (visit_id, contract_id, technician_id, visit_type, status, planned_date, address, latitude, longitude, location_source, estimated_duration_min) VALUES (453, 453, 8, 'preventiu', 'scheduled', '2024-04-10', 'Camí De La Geganta 82,', 41.541172, 2.436, 'manual', 120);
INSERT INTO CHARGER (charger_id, name, serial_number, brand, model, number_of_plugs, connector_types, has_rfid, environment, power_type, phase_type, max_power_kw, ocpp_version, telecom_provider, installation_date) VALUES (454, 'Ajuntament de Terrassa - SELBA EdRSR 1', 'AUX8L9TYDV2TGRHKQAOA', 'ABB', 'Terra 54', 2, 'CCS,Type2', true, 'outdoor', 'DC', 'three-phase', 50.0, '1.6', 'Movistar', '2023-01-01');
INSERT INTO CONTRACT (contract_id, type, client_id, charger_id, start_date, end_date, number_of_visits, frequency, status) VALUES (454, 'preventiu', 100, 454, '2024-01-01', '2025-01-01', 4, 'trimestral', 'active');
INSERT INTO VISIT (visit_id, technician_id, visit_type, status, planned_date, address, latitude, longitude, location_source, estimated_duration_min) VALUES (454, 8, 'posada_en_marxa', 'scheduled', '2024-03-28', 'Carrer De L''esla, 34,', 41.550934, 2.033058, 'manual', 180);
INSERT INTO CHARGER (charger_id, name, serial_number, brand, model, number_of_plugs, connector_types, has_rfid, environment, power_type, phase_type, max_power_kw, ocpp_version, telecom_provider, installation_date) VALUES (455, 'Unknown', 'KRWJTFKFPQ2VWPXBCM4K', 'ABB', 'Terra 54', 2, 'CCS,Type2', true, 'outdoor', 'DC', 'three-phase', 50.0, '1.6', 'Movistar', '2023-01-01');
INSERT INTO CONTRACT (contract_id, type, client_id, charger_id, start_date, end_date, number_of_visits, frequency, status) VALUES (455, 'preventiu', 100, 455, '2024-01-01', '2025-01-01', 4, 'trimestral', 'active');
INSERT INTO VISIT (visit_id, contract_id, technician_id, visit_type, status, planned_date, address, latitude, longitude, location_source, estimated_duration_min) VALUES (455, 455, 5, 'preventiu', 'scheduled', '2024-04-10', 'Colom Ii, Carrer De Venus, 72', 41.540436, 2.033283, 'manual', 120);
INSERT INTO CHARGER (charger_id, name, serial_number, brand, model, number_of_plugs, connector_types, has_rfid, environment, power_type, phase_type, max_power_kw, ocpp_version, telecom_provider, installation_date) VALUES (456, 'Unknown', 'AWBCMNN81WLZLXLCRIL1', 'ABB', 'Terra 54', 2, 'CCS,Type2', true, 'outdoor', 'DC', 'three-phase', 50.0, '1.6', 'Movistar', '2023-01-01');
INSERT INTO CONTRACT (contract_id, type, client_id, charger_id, start_date, end_date, number_of_visits, frequency, status) VALUES (456, 'preventiu', 100, 456, '2024-01-01', '2025-01-01', 4, 'trimestral', 'active');
INSERT INTO VISIT (visit_id, contract_id, technician_id, visit_type, status, planned_date, address, latitude, longitude, location_source, estimated_duration_min) VALUES (456, 456, 7, 'preventiu', 'scheduled', '2024-04-10', 'Carretera De Sant Vicenç, S/N,', 41.205845, 1.524279, 'manual', 120);
INSERT INTO CHARGER (charger_id, name, serial_number, brand, model, number_of_plugs, connector_types, has_rfid, environment, power_type, phase_type, max_power_kw, ocpp_version, telecom_provider, installation_date) VALUES (457, 'Ajuntament de Moià - CIRCUTOR EdRSR', 'MPGJMAAX8EL0WKPL6VOT', 'ABB', 'Terra 54', 2, 'CCS,Type2', true, 'outdoor', 'DC', 'three-phase', 50.0, '1.6', 'Movistar', '2023-01-01');
INSERT INTO CONTRACT (contract_id, type, client_id, charger_id, start_date, end_date, number_of_visits, frequency, status) VALUES (457, 'preventiu', 100, 457, '2024-01-01', '2025-01-01', 4, 'trimestral', 'active');
INSERT INTO VISIT (visit_id, technician_id, visit_type, status, planned_date, address, latitude, longitude, location_source, estimated_duration_min) VALUES (457, 4, 'posada_en_marxa', 'scheduled', '2024-03-28', 'Carrer De La Tosca, 8, El Moianès', 41.811253, 2.096896, 'manual', 180);
INSERT INTO CHARGER (charger_id, name, serial_number, brand, model, number_of_plugs, connector_types, has_rfid, environment, power_type, phase_type, max_power_kw, ocpp_version, telecom_provider, installation_date) VALUES (458, 'Ajuntament de Sant Julià de Llor i Bonmatí - SELBA EdRSR 1', '2Y5P6HF1X0CSDYMGHCBL', 'ABB', 'Terra 54', 2, 'CCS,Type2', true, 'outdoor', 'DC', 'three-phase', 50.0, '1.6', 'Movistar', '2023-01-01');
INSERT INTO CONTRACT (contract_id, type, client_id, charger_id, start_date, end_date, number_of_visits, frequency, status) VALUES (458, 'preventiu', 100, 458, '2024-01-01', '2025-01-01', 4, 'trimestral', 'active');
INSERT INTO VISIT (visit_id, contract_id, technician_id, visit_type, status, planned_date, address, latitude, longitude, location_source, estimated_duration_min) VALUES (458, 458, 1, 'preventiu', 'scheduled', '2024-04-10', 'Plaça Don Manuel, 1', 41.967976, 2.670316, 'manual', 120);
INSERT INTO CHARGER (charger_id, name, serial_number, brand, model, number_of_plugs, connector_types, has_rfid, environment, power_type, phase_type, max_power_kw, ocpp_version, telecom_provider, installation_date) VALUES (459, 'Ajuntament de Roura -', 'VVJBGQ6TDFWBVPQ2OWCP', 'ABB', 'Terra 54', 2, 'CCS,Type2', true, 'outdoor', 'DC', 'three-phase', 50.0, '1.6', 'Movistar', '2023-01-01');
INSERT INTO CONTRACT (contract_id, type, client_id, charger_id, start_date, end_date, number_of_visits, frequency, status) VALUES (459, 'preventiu', 100, 459, '2024-01-01', '2025-01-01', 4, 'trimestral', 'active');
INSERT INTO VISIT (visit_id, contract_id, technician_id, visit_type, status, planned_date, address, latitude, longitude, location_source, estimated_duration_min) VALUES (459, 459, 4, 'diagnosi', 'scheduled', '2024-04-01', 'Carrer Catalunya, 1,', 41.223045, 1.21702, 'manual', 60);
INSERT INTO CHARGER (charger_id, name, serial_number, brand, model, number_of_plugs, connector_types, has_rfid, environment, power_type, phase_type, max_power_kw, ocpp_version, telecom_provider, installation_date) VALUES (460, 'Unknown', 'F60N0YOFJOSG96NIYFQ6', 'ABB', 'Terra 54', 2, 'CCS,Type2', true, 'outdoor', 'DC', 'three-phase', 50.0, '1.6', 'Movistar', '2023-01-01');
INSERT INTO CONTRACT (contract_id, type, client_id, charger_id, start_date, end_date, number_of_visits, frequency, status) VALUES (460, 'preventiu', 100, 460, '2024-01-01', '2025-01-01', 4, 'trimestral', 'active');
INSERT INTO VISIT (visit_id, technician_id, visit_type, status, planned_date, address, latitude, longitude, location_source, estimated_duration_min) VALUES (460, 3, 'posada_en_marxa', 'scheduled', '2024-03-28', 'C. Zurialdea, 18', 42.597973, -1.644283, 'manual', 180);
INSERT INTO CHARGER (charger_id, name, serial_number, brand, model, number_of_plugs, connector_types, has_rfid, environment, power_type, phase_type, max_power_kw, ocpp_version, telecom_provider, installation_date) VALUES (461, 'Unknown', 'QDS4BJBKNKEWSZJRPMDH', 'ABB', 'Terra 54', 2, 'CCS,Type2', true, 'outdoor', 'DC', 'three-phase', 50.0, '1.6', 'Movistar', '2023-01-01');
INSERT INTO CONTRACT (contract_id, type, client_id, charger_id, start_date, end_date, number_of_visits, frequency, status) VALUES (461, 'preventiu', 100, 461, '2024-01-01', '2025-01-01', 4, 'trimestral', 'active');
INSERT INTO VISIT (visit_id, contract_id, technician_id, visit_type, status, planned_date, address, latitude, longitude, location_source, estimated_duration_min) VALUES (461, 461, 6, 'preventiu', 'scheduled', '2024-04-10', 'Av. Ugarrandia, 2, Polideportivo', 42.828, -1.595196, 'manual', 120);
INSERT INTO CHARGER (charger_id, name, serial_number, brand, model, number_of_plugs, connector_types, has_rfid, environment, power_type, phase_type, max_power_kw, ocpp_version, telecom_provider, installation_date) VALUES (462, 'Unknown', 'MW5BP4Y6DYWRUS5PERXJ', 'ABB', 'Terra 54', 2, 'CCS,Type2', true, 'outdoor', 'DC', 'three-phase', 50.0, '1.6', 'Movistar', '2023-01-01');
INSERT INTO CONTRACT (contract_id, type, client_id, charger_id, start_date, end_date, number_of_visits, frequency, status) VALUES (462, 'preventiu', 100, 462, '2024-01-01', '2025-01-01', 4, 'trimestral', 'active');
INSERT INTO VISIT (visit_id, contract_id, technician_id, visit_type, status, planned_date, address, latitude, longitude, location_source, estimated_duration_min) VALUES (462, 462, 8, 'preventiu', 'scheduled', '2024-04-10', 'Perez Goyena, 12,', 42.828068, -1.592177, 'manual', 120);
INSERT INTO CHARGER (charger_id, name, serial_number, brand, model, number_of_plugs, connector_types, has_rfid, environment, power_type, phase_type, max_power_kw, ocpp_version, telecom_provider, installation_date) VALUES (463, 'Unknown', 'JKPOPVGFAXJY4CD5BPOQ', 'ABB', 'Terra 54', 2, 'CCS,Type2', true, 'outdoor', 'DC', 'three-phase', 50.0, '1.6', 'Movistar', '2023-01-01');
INSERT INTO CONTRACT (contract_id, type, client_id, charger_id, start_date, end_date, number_of_visits, frequency, status) VALUES (463, 'preventiu', 100, 463, '2024-01-01', '2025-01-01', 4, 'trimestral', 'active');
INSERT INTO VISIT (visit_id, contract_id, technician_id, visit_type, status, planned_date, address, latitude, longitude, location_source, estimated_duration_min) VALUES (463, 463, 5, 'preventiu', 'scheduled', '2024-04-10', 'Alegria Mar Mediterrània, Paseo Marítimo, S/N, 08398', 41.634052, 2.723631, 'manual', 120);
INSERT INTO CHARGER (charger_id, name, serial_number, brand, model, number_of_plugs, connector_types, has_rfid, environment, power_type, phase_type, max_power_kw, ocpp_version, telecom_provider, installation_date) VALUES (464, 'Ajuntament de Sant Feliu de Codines - SELBA EdRSR 3 - 4', 'LZN4E4ROC2KBVD6CFLM7', 'ABB', 'Terra 54', 2, 'CCS,Type2', true, 'outdoor', 'DC', 'three-phase', 50.0, '1.6', 'Movistar', '2023-01-01');
INSERT INTO CONTRACT (contract_id, type, client_id, charger_id, start_date, end_date, number_of_visits, frequency, status) VALUES (464, 'preventiu', 100, 464, '2024-01-01', '2025-01-01', 4, 'trimestral', 'active');
INSERT INTO VISIT (visit_id, contract_id, technician_id, visit_type, status, planned_date, address, latitude, longitude, location_source, estimated_duration_min) VALUES (464, 464, 4, 'diagnosi', 'scheduled', '2024-04-01', 'Avinguda Generalitat, 1', 41.68916, 2.164644, 'manual', 60);
INSERT INTO CHARGER (charger_id, name, serial_number, brand, model, number_of_plugs, connector_types, has_rfid, environment, power_type, phase_type, max_power_kw, ocpp_version, telecom_provider, installation_date) VALUES (465, 'Unknown', 'JQ4KIIQZIFCQFRDWHEYV', 'ABB', 'Terra 54', 2, 'CCS,Type2', true, 'outdoor', 'DC', 'three-phase', 50.0, '1.6', 'Movistar', '2023-01-01');
INSERT INTO CONTRACT (contract_id, type, client_id, charger_id, start_date, end_date, number_of_visits, frequency, status) VALUES (465, 'preventiu', 100, 465, '2024-01-01', '2025-01-01', 4, 'trimestral', 'active');
INSERT INTO VISIT (visit_id, contract_id, technician_id, visit_type, status, planned_date, address, latitude, longitude, location_source, estimated_duration_min) VALUES (465, 465, 7, 'preventiu', 'scheduled', '2024-04-10', 'Carrer D, 3', 41.113384, 1.217581, 'manual', 120);
INSERT INTO CHARGER (charger_id, name, serial_number, brand, model, number_of_plugs, connector_types, has_rfid, environment, power_type, phase_type, max_power_kw, ocpp_version, telecom_provider, installation_date) VALUES (466, 'Unknown', 'LL18ZHXN0A5DQVR6HCEZ', 'ABB', 'Terra 54', 2, 'CCS,Type2', true, 'outdoor', 'DC', 'three-phase', 50.0, '1.6', 'Movistar', '2023-01-01');
INSERT INTO CONTRACT (contract_id, type, client_id, charger_id, start_date, end_date, number_of_visits, frequency, status) VALUES (466, 'preventiu', 100, 466, '2024-01-01', '2025-01-01', 4, 'trimestral', 'active');
INSERT INTO VISIT (visit_id, contract_id, technician_id, visit_type, status, planned_date, address, latitude, longitude, location_source, estimated_duration_min) VALUES (466, 466, 10, 'preventiu', 'scheduled', '2024-04-10', 'C. Elena Aranguren, 1', 42.603527, -1.64649, 'manual', 120);
INSERT INTO CHARGER (charger_id, name, serial_number, brand, model, number_of_plugs, connector_types, has_rfid, environment, power_type, phase_type, max_power_kw, ocpp_version, telecom_provider, installation_date) VALUES (467, 'Unknown', 'AZLUSDEYNUU3CMSK2XLN', 'ABB', 'Terra 54', 2, 'CCS,Type2', true, 'outdoor', 'DC', 'three-phase', 50.0, '1.6', 'Movistar', '2023-01-01');
INSERT INTO CONTRACT (contract_id, type, client_id, charger_id, start_date, end_date, number_of_visits, frequency, status) VALUES (467, 'preventiu', 100, 467, '2024-01-01', '2025-01-01', 4, 'trimestral', 'active');
INSERT INTO VISIT (visit_id, contract_id, technician_id, visit_type, status, planned_date, address, latitude, longitude, location_source, estimated_duration_min) VALUES (467, 467, 3, 'preventiu', 'scheduled', '2024-04-10', 'Carrer Del President Companys, 79-70', 40.999863, 0.916836, 'manual', 120);
INSERT INTO CHARGER (charger_id, name, serial_number, brand, model, number_of_plugs, connector_types, has_rfid, environment, power_type, phase_type, max_power_kw, ocpp_version, telecom_provider, installation_date) VALUES (468, 'Ajuntament de Torroella de Montgrí - CIRCUTOR EdRSR 1 -2', '1CCNIRDX94XBS20N2YJ7', 'ABB', 'Terra 54', 2, 'CCS,Type2', true, 'outdoor', 'DC', 'three-phase', 50.0, '1.6', 'Movistar', '2023-01-01');
INSERT INTO CONTRACT (contract_id, type, client_id, charger_id, start_date, end_date, number_of_visits, frequency, status) VALUES (468, 'preventiu', 100, 468, '2024-01-01', '2025-01-01', 4, 'trimestral', 'active');
INSERT INTO VISIT (visit_id, technician_id, visit_type, status, planned_date, address, latitude, longitude, location_source, estimated_duration_min) VALUES (468, 6, 'posada_en_marxa', 'scheduled', '2024-03-28', 'Carrer D''enric Morera, 19', 42.041985, 3.128976, 'manual', 180);
INSERT INTO CHARGER (charger_id, name, serial_number, brand, model, number_of_plugs, connector_types, has_rfid, environment, power_type, phase_type, max_power_kw, ocpp_version, telecom_provider, installation_date) VALUES (469, 'Ajuntament de Torroella de Montgrí - CIRCUTOR EdRSR 2', 'BMMUIPBB3DAZNTBALHJS', 'ABB', 'Terra 54', 2, 'CCS,Type2', true, 'outdoor', 'DC', 'three-phase', 50.0, '1.6', 'Movistar', '2023-01-01');
INSERT INTO CONTRACT (contract_id, type, client_id, charger_id, start_date, end_date, number_of_visits, frequency, status) VALUES (469, 'preventiu', 100, 469, '2024-01-01', '2025-01-01', 4, 'trimestral', 'active');
INSERT INTO VISIT (visit_id, contract_id, technician_id, visit_type, status, planned_date, address, latitude, longitude, location_source, estimated_duration_min) VALUES (469, 469, 1, 'preventiu', 'scheduled', '2024-04-10', 'Carrer Safareig, 21,', 42.039516, 3.123003, 'manual', 120);
INSERT INTO CHARGER (charger_id, name, serial_number, brand, model, number_of_plugs, connector_types, has_rfid, environment, power_type, phase_type, max_power_kw, ocpp_version, telecom_provider, installation_date) VALUES (470, 'Unknown', 'YCMAWH9KSSIE7V50RUIN', 'ABB', 'Terra 54', 2, 'CCS,Type2', true, 'outdoor', 'DC', 'three-phase', 50.0, '1.6', 'Movistar', '2023-01-01');
INSERT INTO CONTRACT (contract_id, type, client_id, charger_id, start_date, end_date, number_of_visits, frequency, status) VALUES (470, 'preventiu', 100, 470, '2024-01-01', '2025-01-01', 4, 'trimestral', 'active');
INSERT INTO VISIT (visit_id, contract_id, technician_id, visit_type, status, planned_date, address, latitude, longitude, location_source, estimated_duration_min) VALUES (470, 470, 5, 'diagnosi', 'scheduled', '2024-04-01', 'Carrer De Josep Tarradellas, 2', 42.17859, 3.104962, 'manual', 60);